:020000040002F8
:1070000080990020C9A00300F9050500B5A0030080
:10701000B5A00300B5A00300B5A003000000000068
:1070200000000000000000000000000035A2030086
:10703000B5A0030000000000D1A10300B5A003002B
:10704000F9A303007D4E0500F9A30300F9A3030093
:10705000F9A30300F9A30300F9A30300F9A30300B4
:10706000934E0500F9A30300F9A30300674E050042
:10707000F9A30300F9A30300F9A30300F9A3030094
:10708000F9A30300F9A30300F9A30300F9A3030084
:10709000F9A30300F9A30300F9A30300F9A3030074
:1070A000F9A30300F9A30300F9A30300F9A3030064
:1070B000F9A30300F9A30300F9A30300F9A3030054
:1070C000F9A30300F9A30300F9A30300F9A3030044
:1070D000F9A30300F9A30300F9A30300F9A3030034
:1070E000F9A30300F9A30300F9A30300F9A3030024
:1070F000F9A30300F9A30300F9A30300F9A3030014
:1071000080EA101404F0F01480EA0410604081EA70
:10711000111404F0F01481EA0411614082EA12149F
:1071200004F0F01482EA0412624083EA131404F0BB
:10713000F01483EA0413634080EA102404F47F44CB
:1071400080EA0420604081EA112404F47F4481EA4B
:107150000421614082EA122404F47F4482EA04227A
:10716000624083EA132404F47F4483EA04236340E7
:1071700081EA500404F0553480EA4400614083EA17
:10718000520404F0553482EA4402634082EA9004D7
:1071900004F0333480EA8400624083EA910404F00E
:1071A000333481EA84016340704700BF82EA90046F
:1071B00004F0333480EA8400624083EA910404F0EE
:1071C000333481EA8401634081EA500404F0553489
:1071D00080EA4400614083EA520404F0553482EAB4
:1071E0004402634080EA102404F47F4480EA0420CF
:1071F000604081EA112404F47F4481EA0421614063
:1072000082EA122404F47F4482EA0422624083EA80
:10721000132404F47F4483EA0423634080EA1014B7
:1072200004F0F01480EA0410604081EA111404F0C4
:10723000F01481EA0411614082EA121404F0F0149F
:1072400082EA0412624083EA131404F0F01483EA21
:1072500004136340704700BF2DE9F14F94464FEA95
:10726000930B8A68CB6808684968FFF749FF0BF100
:10727000060E33E083EA134480EA134582EA13479B
:1072800046BA96EA3444604000F00F1684EA0634A9
:1072900020F00F1684EA161054BA94EA01067240E0
:1072A00002F00F1486EA043622F00F1486EA141254
:1072B0004CBA6540694001F00F1485EA043521F0AD
:1072C0000F1485EA14115CBA67407B4003F00F1479
:1072D00087EA043723F00F1487EA1413BCE8F000A0
:1072E0006040694072407B4000F0E03400F01035AF
:1072F00000F00F3040EA540040EAC50080EA9004F4
:1073000004F0332480EA8400604001F0E03401F0AE
:10731000103501F00F3141EA540141EAC50181EA1B
:10732000910404F0332481EA8401614002F0E034E6
:1073300002F0103502F00F3242EA540242EAC5026E
:1073400082EA920404F0332482EA8402624003F069
:10735000E03403F0103503F00F3343EA540343EAFB
:10736000C50383EA930404F0332483EA840363406F
:1073700081EA324787EA134581EA354690EA0604F6
:1073800084EA034B82EA1B4280EA044484EA05440F
:1073900083EA144A85EA14448BEA044B84EA3744AE
:1073A00081EA0B4181EA164104EA0A00454082EA7B
:1073B00004082BEA080041408AEA0B0602EA0600AC
:1073C00084EA34438AEA3A4603EA060778404540AD
:1073D000414088EA38478BEA3B4007EA000985EAE2
:1073E000090583EA0709464006EA0906714085EA6D
:1073F000010005EA3546464006EA314181EA30415E
:1074000081EA364606EA304686EA3546344008EADE
:10741000010886EA01052A4086EA364003405A40C0
:1074200081EA31431F407C4080EA030709EA0709EB
:1074300088EA0908544088EA020806EA0A0601EACE
:107440000B018AEA0B0215408AEA3A421040454095
:107450008BEA3B4003405E404240174079404D403C
:107460004E40E443F64386EA18435D4085EA054012
:1074700083EA134386EA034183EA384284EA1143EC
:1074800083EA04435FEA3343BEF1010E3FF6F2AEF6
:107490001ED4BCE8F0006040694072407B4020BCD4
:1074A000FFF784FE28606960AA60EB60BDE8F08F9A
:1074B0002DE9E0414FF2F00280EA1031114080EAFC
:1074C0000130484041088208C3084FF0000E4FE7E2
:1074D00000F0113001F0113102F0113203F01133DC
:1074E00040EA410040EA820040EAC3004FF2F00265
:1074F00080EA1031114080EA01304840BDE8E08167
:107500002DE9F04F02F11C050646074600EB850801
:1075100051F8040B043A46F8040BF9D14FF0010C72
:10752000FFF7C6FF5FEA302080EA0C001ECF414023
:107530004A4053405C401EC62000464517D04FEAE3
:107540004C0C1CF4807F18BFACF1E50C2C2DE7D05F
:107550003C2D06D1FFF7ACFF06CF41404A4006C69E
:10756000100006CF41404A4006C61000D8E736E971
:107570000F00FFF7C5FD043D86E80F00F7D1BDE819
:10758000F08F00BF2DE9F14F03F11C0402EB840CD6
:107590004FEA930B8A68CB6808684968FFF7B0FD2B
:1075A0003CE9F0006040694072407B400BF1060E00
:1075B0004EE083EA134480EA134582EA134746BA51
:1075C00096EA3444604000F00F1684EA063420F056
:1075D0000F1684EA161054BA94EA0106724002F0BB
:1075E0000F1486EA043622F00F1486EA14124CBAFD
:1075F0006540694001F00F1485EA043521F00F144D
:1076000085EA14115CBA67407B4003F00F1487EAE7
:10761000043723F00F1487EA141344BA44404DBAD8
:107620004D4056BA56405FBA5F4087EA174886EA2F
:10763000174B84EA17464FEA38488BEA1B4485EA21
:107640001B4788EA1B4580EA3440694072407B4012
:1076500000F0703400F0803500F00F3040EA440054
:1076600040EAD50080EA900404F0332480EA8400E4
:10767000604001F0703401F0803501F00F3141EAD3
:10768000440141EAD50181EA910404F0332481EAFE
:107690008401614002F0703402F0803502F00F3254
:1076A00042EA440242EAD50282EA920404F0332418
:1076B00082EA8402624003F0703403F0803503F004
:1076C0000F3343EA440343EAD50383EA930404F007
:1076D000332483EA84036340C943DB4381EA000423
:1076E00083EA044686EA020183EA014382EA3345DB
:1076F00083EA14435C4084EA00077FEA040A8AEACA
:10770000024A8AEA010B87EA11488AEA374A80EA84
:10771000060181EA1A418AEA030A04EA0A0045409E
:1077200088EA040707EA0B0041408AEA0B0608EAE8
:10773000060084EA34428AEA3A4602EA06035840DE
:107740004540414087EA37438BEA3B4003EA000962
:1077500085EA090582EA0309464006EA09067140FE
:1077600085EA010005EA3546464006EA314181EAEC
:10777000304181EA364606EA304686EA35463440EC
:107780000F4086EA010508EA050886EA364002400D
:1077900088EA020881EA314213405C4080EA020331
:1077A00009EA030987EA0907674088EA040806EA44
:1077B0000A0601EA0B018AEA0B0425408AEA3A44E8
:1077C000204045408BEA3B4B02EA0B02564084EADC
:1077D0000B04234059406E40694087EA364080EAF6
:1077E000384080EA060380EA104481EA134585EABE
:1077F000344585EA17427D4082EA354180EA0540FA
:107800003CE9F0006040694072407B40BEF1010EEF
:107810003FF6CFAE20BCFFF7C9FC28606960AA60C4
:10782000EB60BDE8F08F00BFFFF76ABE2DE9F007FF
:1078300091E8F807B2E802105B1854EB0C04B2E8C8
:1078400002104D4156EB0C06B2E802104F4158EBC6
:107850000C08B2E8021059EB01095AEB0C0A80E857
:10786000F80780410130BDE8F00770472DE9F007C7
:1078700091E8F807B2E802105B1A74EB0C04B2E866
:1078800002108D4176EB0C06B2E802108F4178EBC6
:107890000C08B2E8021079EB01097AEB0C0A80E8D7
:1078A000F80780414042BDE8F00770472DE9F00736
:1078B000524290E87800B1E880071740DB1918EAD7
:1078C000020854EB080419EA020955EB09051AEA03
:1078D000020A56EB0A0678C090E87800B1E8800703
:1078E00017407B4118EA020854EB080419EA020920
:1078F00055EB09051AEA020A56EB0A0678C08041E0
:107900000130BDE8F00770472DE9F007524290E8DA
:107910007800B1E880071740DB1B18EA020874EB17
:10792000080419EA020975EB09051AEA020A76EB5E
:107930000A0678C090E87800B1E880071740BB419C
:1079400018EA020874EB080419EA020975EB090544
:107950001AEA020A76EB0A0678C080414042BDE886
:10796000F00770472DE9F00152424FF0040890E80B
:10797000300091E8C000A31B1340E41AF618EB1B7B
:107980001340ED1AFF1830C0C0C1B8F10108EED1A4
:10799000BDE8F001704700BF00B592E8DC072DE9B3
:1079A000DC07B1E8805702B4A7FB02510A95A8FB97
:1079B000020BE7FB6310E9FB62B00B91A8FB0351DC
:1079C000EAFB6201E7FB64B5E7FB6605E8FB6615C9
:1079D000CDF830B0A9FB03B6EAFB6316ECFB6356A7
:1079E000E8FB640BE9FB641BEAFB645BECFB646B88
:1079F0000D90ACFB0230059CEEFB6250E9FB64602D
:107A0000EAFB64B0E7FB6431E8FB6451069CE8FBE9
:107A10006461E9FB64B1EAFB64010E93A7FB0432E5
:107A2000079CE7FB6462E8FB64B2E9FB6402EAFBE3
:107A30006412049CE9FB6453EAFB6463089CE7FB63
:107A400064B3E8FB6403E9FB6413EAFB64230F956A
:107A50005DF8049B99E80006DDF80080A9FB085456
:107A6000EAFB68B4DDF81080ECFB6804EEFB6814F8
:107A7000E9FB6824EAFB6834DDF80480EEFB686506
:107A8000E9FB68B5EAFB6805DDF81480ECFB6815D6
:107A9000EEFB6825E9FB6835EAFB68450F96DDF8E3
:107AA0000880AEFB0876E9FB6806EAFB6816DDF89D
:107AB0001880ECFB6826EEFB6836E9FB6846EAFBBB
:107AC0006856DDF80C80ECFB68B7EEFB6807E9FB55
:107AD0006817EAFB6827DDF81C80ECFB6837EEFBD3
:107AE0006847E9FB6857EAFB686708B000BD00BF5C
:107AF0002DE9F14F87B0FFF74FFFDDF81C8008F14B
:107B0000200888E8FF00FFBC87E87F08BDE8F08F09
:107B100000B591E89857A3FB03520195A3FB04011C
:107B2000E3FB6420E3FB67100292A3FB0752E3FB35
:107B30006802E4FB6415E3FB6805E3FB6925039138
:107B4000A4FB07B6E3FB6926E3FB6A56E4FB670B7D
:107B5000E4FB682BE3FB6A5BE3FB6C6B0490A4FB28
:107B60000810E4FB6950E3FB6C60E3FB6EB0E7FBDD
:107B70006721E4FB6951E4FB6A61E3FB6EB1E4FB5E
:107B80006E010592A7FB0832E4FB6A62E4FB6CB26B
:107B9000E4FB6E02E7FB6E12E7FB6853E7FB6963E9
:107BA000E4FB6CB3E7FB6C03E7FB6E13E8FB6E23AF
:107BB0000695A7FB0954E7FB6AB4E7FB6C04E8FBF6
:107BC0006C14E8FB6E24E9FB6E34E8FB6865E7FBA8
:107BD0006AB5E8FB6A05E8FB6C15E9FB6C25E9FB77
:107BE0006E35EAFB6E450796A8FB0976E8FB6A0648
:107BF000E9FB6A16E9FB6C26EAFB6C36EAFB6E468B
:107C0000ECFB6E56E8FB69B7E9FB6907E9FB6A170D
:107C1000EAFB6A27EAFB6C37ECFB6C47ECFB6E5720
:107C2000EEFB6E6700BD00BF2DE9F14F87B0FFF797
:107C30006FFFDDF81C8008F1200888E8FF00FFBC1A
:107C400087E87F08BDE8F08F30B44FF0000310F8EC
:107C5000014B11F8015B013A84EA050443EA04038D
:107C6000F5D1A3F101034FEAD37030BC704700BFD8
:107C70004FF0000310F8012B013943EA0203F9D158
:107C8000A3F101034FEAD370704700BF30B411F87D
:107C9000014B12F8015B6C4000F8014B013BF6D13F
:107CA00030BC70472DE9F00791E8F807B2E8021000
:107CB0005B1854EB0C04B2E802104D4156EB0C0675
:107CC000B2E802104F4158EB0C08B2E8021059EB31
:107CD00001095AEB0C0A8941B3F1FF3374F1FF3407
:107CE00075F1FF3576F1000677F1000778F10008AD
:107CF00079F101097AF1FF3A51F100015B184C4129
:107D00004D4156F1000657F1000758F1000859EBB4
:107D1000D1795AEB010A80E8F807BDE8F00770470F
:107D20002DE9F00791E8F807B2E802105B1A74EB4E
:107D30000C04B2E802108D4176EB0C06B2E802109A
:107D40008F4178EB0C08B2E8021079EB01097AEB6D
:107D50000C0A89415B184C414D4156F1000657F120
:107D6000000758F1000859EBD1795AEB010A80E875
:107D7000F807BDE8F007704718EB040859EB050950
:107D80005AEB060A5BEB070B5FF0000C4CF1000CA2
:107D900018EB050859EB06095AEB070A5BEB070BD2
:107DA00050EB0C005FF0000C51EB0C0152EB0C029D
:107DB00063414CF1000CB8EB070879F100097AF146
:107DC000000A7BEB040BA841B141A241B3416CF125
:107DD000000CBBEB050BB041B941AA41BB416CF1B2
:107DE000000C4CF001068CF0020718EB060859EB6A
:107DF0006C095AEB6C0A7BEB6C0B70EB6C0471EB4F
:107E00006C0572EB670653EB6C076CEB6C0C18EBB4
:107E10000C0059EB0C015AEB0C025BF1000354F11E
:107E2000000455F1000556EBDC7657EB0C07704764
:107E30002DE9F14F87B0FFF7AFFDDDF81080DDF8D9
:107E40001490DDF818A0FFF797FFBDE8000FFFF7CB
:107E500093FF03B05DF8048B88E8FF00BDE8F08F66
:107E60002DE9F14F87B0FFF753FEDDF81080DDF804
:107E70001490DDF818A0FFF77FFFBDE8000FFFF7B3
:107E80007BFF03B05DF8048B88E8FF00BDE8F08F4E
:107E9000064B074A5B7802604FF41A728280C37106
:107EA0000822002382710372704700BF80100020F7
:107EB000456B0300064B074A5B7A02604FF49072F1
:107EC0008280C3710822FF2382710372704700BF52
:107ED000801000205D660300F8B5C41D002824F062
:107EE0000704054614BF2046002000F0E7FA071EED
:107EF00002DA6FF00B00F8BD254EB1887088F37977
:107F0000B2790331033089B280B20CF035FA00281F
:107F1000EFDB737831783C4403341944002D24F0AE
:107F2000030400FB01F114BF2046002000F04AFCCE
:107F300023180DB9002BDCDB717A184679B10333B5
:107F4000002D23F0030414BF20460020728900F0A6
:107F5000ABFC0028CDDB20440DB90028C9DB317A09
:107F600091B1737A83B1C41D002D24F0070414BFAE
:107F70002046002003F038FC0028BADB0DB10020B9
:107F8000B9E72018B7D5B4E7002DF8D1B3E700BFA3
:107F9000801000201FB572B6194BDD68EDB9BFF334
:107FA0004F8F1849184BCA6802F4E0621343CB6044
:107FB000BFF34F8F00BFFDE72346B2FBF6F25C1C18
:107FC000002AF9D104AEDCB256FA83F303F80C2C84
:107FD0000A2234B901A8A847E1E7024600230A268D
:107FE000EDE7631E04AEDCB256FA83F3B0FBF2F6A3
:107FF00002FB1600303003F80C0C3046E9E700BFF6
:108000008010002000ED00E00400FA0507B50A4BDF
:10801000DA88ADF8002068469A885B88ADF80420BD
:10802000ADF8023001F074FE18B1FC219C20FFF77E
:10803000B1FF03B05DF804FB8010002038B50546A1
:1080400040B30AF07DFA10B94FF0FF3038BD0AF0A6
:108050001FF8B0F5FA7FF7D8104C1148E56000F032
:10806000A7F9002323744FF4807323801B236380BC
:10807000A38040F20323E3804FF4847323811F2302
:108080006381EFF3108472B600F0E4FC04B962B6C9
:108090000020DBE76FF01500D8E700BF801000205C
:1080A0000D80020010B5002840D1234C237C032B07
:1080B00039D059B1002A3CD00239052936D8DFE839
:1080C00001F0031227352A2D137863700020FFF783
:1080D00003FF0028B7BF0123022323746FF00B00B6
:1080E000A8BF237410BD13791BB353790BB3118848
:1080F000FB291ED853881B3B9BB2E02B19D81A29A9
:1081000017D91368C4F802300C4B92889A80DDE7C7
:1081100013786372DAE713886381D7E71388FF2B3C
:1081200007D82372D2E74FF0FF30DBE76FF02C0067
:10813000D8E76FF01500D5E78010002082100020EE
:10814000F8B50D46064620B319B311F0070420D147
:10815000114F3B7C012B02D16FF00B00F8BD032BBC
:1081600002D14FF0FF30F9E700F060F80028F8D0B6
:108170002846FFF7B1FE0028EEDB0EF048FD304642
:10818000214601F059FEFFF741FF03233B742046CF
:10819000E4E76FF01500E1E78010002010B5064C11
:1081A000237C032B03D101F05FFE02F025FE0CF0CF
:1081B000E4F90020207410BD8010002050B1074B5E
:1081C00003F1140253F8041B40F8041B9342F9D145
:1081D000002070476FF01500704700BFC3C1050055
:1081E00008B501F0F3FDBDE808400249012000F0A8
:1081F0005DB900BFB57E020008B501F0FBFDBDE82A
:1082000008400249002000F051B900BF917E0200F1
:10821000024B02681A600020704700BF94100020D3
:10822000014B1B68184700BF94100020024B1868D0
:10823000003818BF01207047941000202DE9F74343
:10824000264E0446071D2548376002F0EDFD022842
:10825000054607D1214920460BF03EFC284603B0D5
:10826000BDE8F0830428F9D13378072B18D13E20DC
:1082700000F04AF878B9F378327901A943EA022389
:108280006846ADF800300BF04DFE0028DBD05321DE
:108290000820FFF77FFE052000F076F80028EAD0DE
:1082A000314620460BF047FCB0F5817F01D37221A7
:1082B000EEE70028C7D094F8008094F8029040467A
:1082C00000F022F80028BED0B8F13E0FC6D14846D3
:1082D00000F05AF80028C1D1B5E700BF981000207F
:1082E000074B4FF0FF3141F6FF72C3E90012054919
:1082F0000022C1E900221F21C3E90212704700BF1A
:1083000000000020DC1000203F280CD801380B4B67
:10831000C0F3421200F01F0053F8223023FA00F09D
:1083200000F001007047FF2806D04038C0F3421229
:10833000034B00F01F00EFE7012070470000002012
:10834000DC1000200146074B006849681A4603C24A
:1083500040F48C221A6041F0107242F4FF625A60BD
:10836000704700BF000000200246024B00685168C1
:1083700003C37047DC1000200246024B00685168BE
:1083800003C3704708000020F42800F1FF33DBB27C
:108390001FBF064A590902EB810203F01F031DBFEC
:1083A0009068D84000F001000020704700000020D5
:1083B000014B1860704700BFE410002010B5FFF7B4
:1083C0008FFF0CF09BFA034B1B68044603B19847E0
:1083D000204610BDE4100020F0B50C88C37C028854
:1083E000A5B2C4F30E0404F118060233865B1A44E6
:1083F000334497B213FA82F3013B4288B3FBF7F39D
:1084000013FB07439BB29A42044A93BF22EA050337
:108410002A4013439BB20B80F0BD00BF0080FFFFDA
:108420004A1E062A08B50346084604D84FF4D171FF
:108430001520FFF7AFFD094A914202D940F2A3117E
:10844000F6E711B903B1196008BD2BB11B68002212
:10845000C3E901211A1D1A600430F5E7FAFFFF7F16
:1084600010B5114B00EB41041A786389B3FBF2F3AA
:1084700003FB0223013A1A44B2F5706F0279807847
:1084800028BF00231A440B18B2FBF0F100FB1121A6
:108490005B1AB3FBF0F100FB113313446FEA434363
:1084A0006FEA5343638110BDE8100020024B03EBD9
:1084B00080035960704700BFE81000202DE9F04F9D
:1084C00010F0070A85B0054604D040F2611117206C
:1084D000FFF760FD524F07F10C06B1460446B04667
:1084E00057F8043B8DF80BA03BB101A898479DF8C5
:1084F0000A30082B01D9E821E9E79DF80B1041BBB0
:1085000005B131604F4506F10406E9D1002D6FD069
:10851000DFF81091002289F800209646022758F8CB
:1085200027A0013FBAF1000F55D09AF804609AF8DD
:1085300002C0FF2E60D039460023481C38D19C442D
:10854000BCF1FF0F3FD90AB189F800E040F22711D2
:10855000BDE79DF80AC06046022838BF02204B1DC7
:108560005A0004EB4303441E2344BDF8084064440E
:10857000013CCCF1000C04EA0C044042B4F5803F0D
:1085800003EA000301D3F821A1E775B19A1A01208B
:10859000326091701480D0709DF80C0010710198B9
:1085A00010814FEA104CA2F806C004FB0134A9E781
:1085B00058F8210028B190F804B0B34504BF807882
:1085C0001B180139B9E7DBB2E6458AF804303CBF35
:1085D0005FFA8CFE01227B1CA1D10AB189F800E070
:1085E000022640F6FF6A58F82670B7B9013EFAD263
:1085F000601B05B0BDE8F08F0023E5E707EB410302
:108600003846A3F80AA0FFF72BFF09F10109BB7850
:108610005FFA89F18B42F1D8E8E74FF00009F6E7FD
:10862000EC100020E810002038B54FF6FF730380EF
:10863000184B03EB810302461869A8B184780379CB
:10864000B3FBF4F104FB1133DBB2194600EB410537
:10865000B5F90A50002D0EDB0131B1FBF4F504FB36
:108660001511C9B28B42F1D1002038BD6381BDE83C
:1086700038400BF05DBE00EB41046389C3F30E0389
:108680001380C278002AF1D14FF4D5711720FFF77B
:1086900081FC00BFE81000201C4B03EB810370B588
:1086A0001C69054644B3030404D54FF4DC7117205C
:1086B000FFF770FC014620460BF01CFEFF28014628
:1086C00004D02046BDE870400BF032BEA078B5FB68
:1086D000F0F300FB1353DBB219460A1D04EB42060C
:1086E000B6F90260002E09DB0131B1FBF0F200FBAC
:1086F0001211C9B28B42F0D1002070BD8B4201D063
:108700000023E37004EB42025580DAE7E810002012
:10871000094B03EB810310B51C69014620460BF0A1
:10872000E9FDFF28014604D02046BDE810400BF0CB
:10873000FFBD002010BD00BFE8100020F8B5104BB1
:1087400003EB810307461C69014620460BF0D2FD6E
:10875000FF28054611D0E288238953EA024606D055
:10876000014620460BF0E4FD01463846B04720465E
:108770002946FFF775FE0020F8BD0520FCE700BF85
:10878000E810002038B50E4B827903EB82030446D3
:10879000186908B9052038BD8278E1799142F9D28B
:1087A0004B1CE37100EB41035D89B3F90A30002BE8
:1087B000F3DBA5800BF0BCFD20600020EBE700BFE1
:1087C000E810002070B5044610F003000E4603D0F8
:1087D0004E211820FFF7DEFBFFF722FE054624B1ED
:1087E000034831460460FFF71BFE284670BD00BFFA
:1087F000041100202DE9F14FDFF870B09DF828A09A
:108800009DF82C901E46DBF8003007460D4690463A
:108810001BB960211820FFF7BDFB524609214046D5
:108820000BF0E5FB4A4684B2092130460BF0DFFB32
:1088300014FA80F1DBF800000BF030FD386018B955
:10884000286001B0BDE8F08F04442C6038685346BE
:10885000414609220BF08EFB28684B46092231461F
:1088600001B0BDE8F04F0BF085BB00BF0411002044
:1088700070B50E4604460BF0CDFB054630460BF0B6
:10888000C9FB044B2A1821461868BDE870400BF05C
:108890002ABD00BF04110020024B186808B10BF07C
:1088A000F1BC7047041100201F2AF8B50446134696
:1088B0000ED89200033222F00303B3F5803F2DD28D
:1088C000184DACB1A00710D05F210920FFF762FB63
:1088D000FF2B4FEA420204D9FF339A42A8BF1A463F
:1088E000E8E77C2AB8BF7C22E4E729706C602B8122
:1088F00022F003022823120403FB01F001276B6816
:10890000120C0025EEB2B14200D8F8BD14B1261801
:108910001F705E60104401352833F3E74FF0FF30DD
:10892000F3E700BF0811002070B5154A15785368A9
:108930000021C8B2854203D8AB210920FFF72AFBEA
:108940001C46184614F8286B01310EB92346F0E78F
:1089500000219970128999610124D96159685C706C
:10896000920803F11E0403F1260524F8022FA54204
:1089700043F8041F1144F8D100234361037070BD14
:10898000081100204B782DE9F04106460C4602F014
:10899000040702F0FB05E3B1A5BBFF23A3707B082E
:1089A00004EB57073A7D032A02D1022D18BF013389
:1089B000E2180121117503F10C0104EB830300227D
:1089C00024F811205B68A2703360B2803046BDE8A5
:1089D000F081002DE1D101234B701D4B8D611B896E
:1089E000CD6101F11E0249689B08204604F1260C66
:1089F00022F8023F944540F8041F1944F8D100239F
:108A00006361CAE7D1F80480142200216170A018C4
:108A10000AF002F80E4B1B89B3F5FF7F0FD25A08FC
:108A20009B1A9BB208EB0301C4F804802384A16065
:108A30006284C4F80C80A3842161E284ADE7B3F5BD
:108A4000EE6F4FF0FF02EBD940F27263EAE700BF2E
:108A500008110020134B012200214FF0FF309A60D3
:108A6000C3F80012C3F80803C3F80015C3F80425BF
:108A70009A60C3F80803C3F80015C3F804250A492F
:108A80000A4A03F580334FF40040C3F80825C1F8C3
:108A90008000BFF34F8FBFF36F8FC1F88001C3F821
:108AA0000825704700F0004000E100E00000F63FBC
:108AB0000A46192302F8033B0448C368C1F803308F
:108AC0000369536043699360704700BF141100202D
:108AD000024B5A8C02435A845B6A184714110020D7
:108AE000014B00215B6A18471411002010B5154C8A
:108AF00005F0AAFF05F0EEFA208DFFF7F1FF237EC7
:108B000063B12246104952F80C3BE360636853603E
:108B100004F11900A36893600CF00FFF0B4B228D3A
:108B200093E8030002F090FE236B188802F012FE17
:108B3000A36B94F8341094F835009847002384F818
:108B40003C3010BD14110020B18A020040110020F9
:108B5000034B93F83C300BB1FFF7C8BF704700BF21
:108B60001411002070B51E4C256B636C95F88C2099
:108B7000236494F8483095F86910064603EB8200A8
:108B80002EB9FF2803D195F868308B4201D005F04B
:108B9000E3FD95F88C30E3B1E06C05F0F5FF0123BF
:108BA00084F86830D5F8E8302366E16CD5F8EC300D
:108BB000206C636605F06AFA16B9304606F034F8A0
:108BC00095F86810002006F083F8022384F83C3002
:108BD00070BD206C05F0D8FF05F07CFAECE700BF13
:108BE0001411002008B5094B93F83C20022A04D048
:108BF00040F24F212720FFF7CDF9DA7A42F0010247
:108C0000DA72BDE80840FFF771BF00BF1411002001
:108C1000032810B50A4B044605D15A6FD278022AB0
:108C200001D1002010BD986F0BF076FA0028F9D121
:108C3000032CF6D001F0DCFA80F00100C0B2F1E7BD
:108C4000141100202DE9F043484C94F83C30012BDE
:108C500085B005468846DFB204D040F20451272093
:108C6000FFF798F9266B616F02A80BF088FC96F865
:108C70007C309DF808903BB1002186F87C100420E0
:108C8000FFF726FF86F87E70B9F1030F27D0BDF8F5
:108C90000C30002B18BF022796F88C3086F88270B3
:108CA000BBB1236BD6F8E82093F869002266012750
:108CB000D6F8EC20626684F868700BF07DFC94F8BE
:108CC00048902B4900220346009238464A4605F058
:108CD00059F96DB105B0BDE8F043FFF707BF96F84D
:108CE00082301BB9616F0220FFF7F2FE0327D3E742
:108CF000B8F1000FEED0E36F284698470028E9D07E
:108D000094F83430002BE5D194F8803023B194F8F6
:108D10008100FFF77DFF0546606C0CF083FDD4F801
:108D20008430B3B9B4F88830B3FA83F35B09628C4A
:108D3000910710D5626F137803F00303032BC9D199
:108D4000D378022BC6D1002005B0BDE8F043FFF771
:108D500009BF0123EBE7002ABCD1012814BF00237F
:108D600003F001032B43EED1B4E700BF1411002040
:108D70006411002010B5094CD4F8843023B940F2B6
:108D8000F6412720FFF706F9B4F88820216C03325A
:108D9000184609F081FE206410BD00BF14110020A8
:108DA00010B5064B93F83C2002F0FF0422B91C7664
:108DB00002F042FD204610BD0C24FBE714110020F8
:108DC0000A4B0B4A70B506460D461A60FFF7E8FFDE
:108DD00018B1F4212720FFF7DDF8064C012104F13A
:108DE0008A000CF00FFD6664E56470BD4800002049
:108DF000FC95020014110020024B012283F88D2003
:108E0000704700BF14110020F0B5794C85B002AE58
:108E100086E8030094F83C100A9F01F0FF0511B9A1
:108E20000AB103B127B940F283112720FFF7B2F846
:108E300096E8030004F12C0C8CE8030084F88D50B4
:108E400084F8345084F88E5084F8355084F88F506C
:108E500084F8905065842585256BE3676262A7637B
:108E600005F0BEFC05F036F995F9700005F042FDFD
:108E70006E6AE86905F044FD304605F077FE95F826
:108E80009C0005F047FD236B93F89F310BB105F073
:108E900095FC0DF006F995F8692000F179010120A3
:108EA00005F0BEFD534B186805F066FE2B69A367FD
:108EB000514A6B69C4F8943005F5807105F1F003EF
:108EC00053F8040B42F8040B8B42F9D1D5F800217A
:108ED000C4F869205A68494B5A60236B93F886207E
:108EE00093F86860A2F12501012903D993F887104E
:108EF00025295FD193F83E322BB1012E03D0012BEF
:108F00000CBF0126022605F13007314638460CF029
:108F1000A4FD31460CF0CAFAAB8F95F86910834274
:108F200028BF0346384684F898300CF07FFD95F84A
:108F3000691095F88C70B5F84460042908BF0321C6
:108F40000CF0B4FA0FB9043080B2864228BF06464E
:108F500095F88C30F6B284F8996084F84860A3B133
:108F6000D5F8E83095F8690023660127D5F8EC308C
:108F7000636684F868700BF01FFB002203460092C2
:108F80001D493246384604F0FDFF0120FFF7EAFD97
:108F9000002323606360A360B5F8803063802B8872
:108FA000238095F89C302371EB6E0BB101221A607F
:108FB00005B0F0BD203A012A0DD823290DD093F831
:108FC000263113F0010202D19B079CD50222012E0B
:108FD00018BF164697E7232905D193F8262193F861
:108FE00061301340EDE7032E08BF04268BE700BF76
:108FF0001411002048000020641100207D11002081
:1090000008B50C4B93F83C201AB9BDE80840FFF7AF
:109010006DBD93F83C20022A04D040F23121272074
:10902000FEF7B8FF1B6BD3F8B001BDE8084005F0B0
:10903000C7BD00BF14110020014B1876704700BF58
:1090400014110020014B93F88F0070471411002079
:10905000024B93F82900C0F3C000704714110020A0
:10906000014B93F88E007047141100202DE9F04356
:10907000314D85B004460F4602A8296C2E6B0BF0CB
:109080007EFA14F00109BDF80C8004F0020428D027
:10909000002385F89A3094B1FFF76CFE0DF10202BF
:1090A00001A9D5F894000BF0E3F801980BF0C6F88D
:1090B000012238604146D5F894000BF06EF8B9F102
:1090C000000F0BD0D6E93A32013342F10002C6E973
:1090D0003A3296F88430013386F8843005B0BDE822
:1090E000F08395F89A30032B20D801A252F823F090
:1090F00097900200019102001B9102001B91020057
:10910000002CEBD0FFF736FED5F894000022414644
:1091100005B0BDE8F0430BF040B8002CDED0D5F828
:10912000940005B0BDE8F0430BF09EB840F2A241B8
:109130002720FEF72FFF00BF141100202DE9F04F6C
:10914000A94C002389B0CDE9043394F83C30266B58
:10915000022B8046894604D040F28B512720FEF72F
:1091600019FF216C06A80BF00AFA96F88C30B8F1BA
:10917000000F00F028819DF819B0BDF81C70002B7D
:1091800039D004F0BFFFB0BB6FB196F8843003F064
:1091900001035B450BD1012384F83530FFF7A6FCB2
:1091A00009B0BDE8F08FA4F88870002006E0A4F8AC
:1091B0008870D4F8940039460AF0CFFF238D9DF8CB
:1091C0001A20C4F8840043F40073238596F8833092
:1091D00003F001039A4263D0256B95F88230002B8F
:1091E0003DD0022B13D1A06F04A90AF05FFF38B95C
:1091F00040F23B41B2E7A4F88870002FD5D0D8E701
:10920000D5E93832013342F10002C5E9383295F828
:109210007E30002185F8821023B185F87E10102061
:10922000FFF756FC95F87D30A3B14FF0000A85F8A2
:109230007DA000F0C7FF10B940F252418EE75146C1
:109240000820FFF745FCD5E93832013342F100022E
:10925000C5E9383295F88330013385F88330238DA2
:1092600043F4006323854FF0000A96F8843003F03E
:1092700001035B4544D19DF81830256B022B11D8B2
:10928000EBB995F88430013385F88430002F37D05E
:10929000D5E93A32013342F10002C5E93A322FE012
:1092A000C246E2E7032BECD1238D216C012043F46D
:1092B000805385F87C002385FFF70AFCE1E7002F47
:1092C000DFD0238D95F88C5043F48053238505F02F
:1092D000F5F9042894F8993006D1002D0CBF1F220F
:1092E0001B22934228BF1346BB4262D3D4F884307A
:1092F00033B194F88D30002B74D02020FFF7F0FBB1
:10930000002796F88B309BB1D6F8E03096F86800CD
:1093100023660025D6F8E430636684F868500BF0C5
:109320004BF9324900950346FB22284604F02AFEF9
:10933000B9F1000F5CD1638C94F88E10180708D532
:10934000626F137803F00303032B02D1D378022B4F
:109350004ED001294CD8E36F01209847002847D010
:1093600094F83430002B43D11FB105A90120FFF739
:109370007DFE256B002395F88C208DF80D3094F838
:10938000483095F8681003EB8203FF2B03D195F862
:1093900069308B4202D0FF2005F0DEF995F882306B
:1093A000032B00F21781DFE813F07A00A500FC0020
:1093B0000D0194F83430012043F0100384F8343068
:1093C00007F006FD9CE70BB104F0D8FE94F88E3050
:1093D000013384F88E30238D002743F48063238586
:1093E000BA468EE747468CE714110020641100202E
:1093F00005F07AFC002F4DD14FF00109238D5A065C
:1094000006D44020FFF76CFB238D43F040032385F7
:10941000BAF1000F0DD0B4F80720B4F805301343AB
:10942000B6F8802013431EBFB4F809300133A4F806
:109430000930B8F1000F00F0D580B4F805300133E1
:10944000A4F80530002384F88E30694802F070F9E2
:10945000049830B10AF0F2FE216B0022027201F092
:1094600027FD059B33B1216B00221A720C2205984F
:1094700001F0ECFCB9F1000F7FF490AE238D1B06D8
:109480003FF58EAE8020FFF72BFB238D43F080034A
:10949000238585E605A90320FFF7E8FDACE794F8EE
:1094A0009830ADF80E305348A5F8583000F07AFEE9
:1094B00028B1012385F87D3084F890301CE0A06F3E
:1094C0000DF10D020DF10E010AF0CBFD606788B1C0
:1094D00095F8C73073B99DF80D302BB903808370B0
:1094E000606F01210CF08EF9636FBDF80E205A7089
:1094F0000123E1E7404B6367D4F874B095F883200B
:109500009BF80000D20002F0080200F0F3031343BE
:1095100095F88420920002F0040213438BF8003087
:1095200000F00300FFF774FB9BF8003023F01003FA
:1095300043EA00138BF8003095F88B30606F002BF6
:109540004BD04378002B48D0E06C05F01DFB002386
:1095500084F86830D5F8E0302366616FD5F8E430E0
:10956000E06C636604F058FD95F86910012005F081
:10957000AFFB0125606F84F88F500CF053F9636FD7
:1095800084F880001B7884F83C5003F0030384F8CF
:109590008130002F3FF432AF05A90220FFF766FDAE
:1095A0002CE7B5F85830A06FADF80E300DF10D0274
:1095B0000DF10E010AF055FD6067002898D140F2C8
:1095C000F121CBE50B4800F0EDFD002890D140F2F1
:1095D000FB21C3E540F20931C0E505F0D5FA04F0FE
:1095E00079FDC1E7B4F807300133A4F807302CE760
:1095F00040110020881100209E110020E58B020000
:109600003D910200458C0200518B0200F0B5070C21
:10961000A7F5AA42144B543A012A03EA90231FD912
:1096200027F4004042F6AA22801A18BF0120002227
:10963000162116461F2487EA060562EA050501354C
:1096400010D0DD03ADB245EA5606E503ADB20139EF
:1096500045EA52024FEA53034FEA5404EBD1F0BDFE
:109660000020E4E70020FAE7E0FF3F00304BF0B5D0
:109670005A88B0F85C70B0F85A609D88974228BF4D
:109680001746964228BF16461B2E85B00C462ED094
:10969000B5F5A47F2DD040F648039D4201A928BF0F
:1096A0001D460AF0EEFFBDF80A30BB4228BF3B461C
:1096B000E380BDF80C30AB4228BF2B462381BDF8B8
:1096C0000630B34228BF33466380BDF80830AB4252
:1096D00028BF2B46A380FF232370E3881B3B9BB24C
:1096E000E02B08D940F2F5613920FEF753FC1B2F1F
:1096F000CED105B0F0BD63881B3B9BB2E02B02D9F5
:1097000040F2F761F0E72389A3F5A4739BB2B3F5A8
:10971000E06F02D940F2F961E6E7A388A3F5A473EC
:109720009BB2B3F5E06FE4D940F2FB61DCE700BF28
:10973000B011002010B501210020FEF7E9FF04461A
:1097400070B90121FEF7A8FF044620B940F2933119
:109750003920FEF71FFC034B93F906100CF050FF65
:10976000204610BDB011002008B50BF007FE00F038
:10977000E5FE00F0A7FB0CF0B8F802F047F801F0A6
:1097800049F9094B00221A60084B1B214FF4A470C1
:1097900098801A805980064B064818605A829A753C
:1097A00099805A749A8208BD4C000020B0110020A4
:1097B000DC15002003021B00044B41F64C52C3E9A8
:1097C00002221B221A74FFF7CFBF00BFDC15002056
:1097D00073B5244DAB680363234B836104460CF0DF
:1097E000CAFD064600F05EFB830654BF1B236B8850
:1097F000A4F85A3058BF1A461C4B297C1B6848BF36
:10980000AA88A4F85C2084F8381066871BB194F904
:10981000701020889847164E204631460BF068FE9F
:1098200001236A886978E385AB88019116F8121CD8
:109830000091033303329BB292B204F1140104F19C
:109840001000FEF7D7FF236923B940F2CC6139201D
:10985000FEF7A0FB636913B940F2CD61F7E7002082
:1098600002B070BDDC15002000093D005000002052
:10987000EE150020F7B504460D460CF0F4FE002866
:109880006DD020460CF0CBFF38B1B5F80130013B6C
:109890007F2B02D9122003B0F0BD20460CF0C3FF8D
:1098A00008B90C20F7E720460CF05BFE0028F8D141
:1098B00020460CF096FE06460028F2D1204603F022
:1098C0009DF90028E6D0B5F80170E97842F21073EE
:1098D00020465F430CF08FFF20460CF098FF0146B6
:1098E00048B93A46204602F039FBB0B341F6A541EB
:1098F0003920FEF74FFB31460DF10600FEF794FECE
:10990000054608B90D20C6E7314600F0D1FFBDF885
:1099100006302B80204629460CF08FFF20460CF0A5
:1099200088FF88B9216A20460CF085FF0146284649
:10993000FFF74EFF3A462946204602F00FFB02464B
:1099400020B141F6C841D3E70121F0E7054B9B6800
:109950001BB105F58D712846984700209BE74220F2
:1099600099E700BFB0110020024B1B6803B11847F4
:109970000C2070474C000020034B5A8802801B7853
:1099800083700020704700BFDC15002037B5837856
:109990001A2B054608D8042B04D9144A22FA03F3DB
:1099A000DB0705D412241AE0292B01D03B2BF9D177
:1099B0002888B0F5706FF5D269460BF02EFD88B996
:1099C000019B93F8182102F0FF046AB9AA7883F882
:1099D0001921FF2283F8182168460BF061FF204609
:1099E00003B030BD0224FAE70C24F8E72000380465
:1099F0000188A1F11B039BB2E02B0CD84288A2F591
:109A0000A4739BB244F24810834204D8034B002055
:109A100059809A8070471220704700BFB011002013
:109A2000034B5A889B88028043800020704700BF08
:109A3000B011002038B50278447802F0010354EAEE
:109A4000030102F0020201D1112038BDBAB98578B4
:109A5000002DF9D0002B18BF002400E01D46204641
:109A60000AF0BAFD0028EFD028460AF0B5FD00281C
:109A7000EAD0054B00209C74DD749882E5E7002B4A
:109A8000ECD000242546EAE7DC15002013B5008859
:109A900069460BF0C2FC18B10224204602B010BD8A
:109AA000019A92F8DC31DBB292F8A820002AF3D1B7
:109AB00013F0FB0FF0D0019890F82A310BB13A2443
:109AC000EBE790F8D23003F0FF04002BF7D190F8C9
:109AD000C9309B0706D1FF2380F82A3168460BF076
:109AE000DFFEDAE70249CA300BF027FFD5E700BFF7
:109AF00015600300F7B50778EF2F05460C460FD821
:109B000090F901204378002A0ADB8278900707D178
:109B100013F010001DD1990603F0030202D51AB10B
:109B2000122442E0032AFBD01E07F9D42979EA78EF
:109B3000EE7942EA0122697942EA0142A97941EAD1
:109B400006212E7A41EA06418A42E9D81F2A0FD817
:109B5000E6E713F0600FE3D103F00702052A05D012
:109B600003F00F010D22CA40D107D9D51A07DDD560
:109B70006A7A013A062AD3D8AA7A032AD0D813F0EF
:109B8000040102D1023A012A03D8EA7A012AC7D88D
:109B900011B9AA7C032AC3D82A7D48B1012ABFD1B2
:109BA0002A7E012ABCD830B91124204603B0F0BD6A
:109BB000022AF5D1B4E7DB0712D46B782A7D03F0D3
:109BC0001803082B11D1022AEED101213846FEF7E5
:109BD0009FFD064678B10CF0C4FCB8B10C24E4E754
:109BE00000F024F90028E8D1DEE7022AEDD02B7F2F
:109BF000002BEAD0D8E701213846FEF74DFD064696
:109C000040B3154B93F906100CF0FAFC30460CF0FB
:109C1000FBFD29462070E87430460CF040FDEB7ED9
:109C20000446002BC1D00028BFD1316B02466846E4
:109C3000FEF7A8FE306B224601210AF0E5FB316BEE
:109C400068460422FEF79EFE306B224621460AF04B
:109C5000DBFBAAE70724A8E7B011002030B50279A2
:109C6000042A8BB003464FD84088B0F5804F4BD8BC
:109C700026498D5C114400244A79ADF8004042F039
:109C8000100242EA45028D7AC97B8DF8084042EA0B
:109C9000850242EAC10202F01F028DF80020BDF8E1
:109CA0000020ADF809201A888DF80B208DF80E00E1
:109CB000120A000A8DF80C208DF80D408DF80F0067
:109CC0008DF810405A7B8DF811205A798DF81220AA
:109CD0009A79D3F807008DF81320B3F80B209B7BFB
:109CE0008DF81A307F2305908DF81B3069464FF0B0
:109CF000011302A8CDE90734ADF818208DF82440EF
:109D0000FFF7F8FE0BB030BD1220FBE7587E0500D0
:109D10000278034672B1427862B142881A2A09D9A0
:109D200082881A2A06D9044A006810609B889380AA
:109D30000020704712207047DC150020024B02689B
:109D40009A600020704700BFDC1500200378A3F163
:109D50000A02112A9DBF024A002013741220704784
:109D6000DC15002008B5052000F090F804F05AF842
:109D7000014B024A9A6008BDB01100206D960200A6
:109D800008B502F023FF02F0D5F9BDE8084001480C
:109D900002F006BFBC11002010B50B4A0123144687
:109DA00082F8023102F01AFF0CF0EFFE0BF0E4FA39
:109DB00004F203112046FFF703F800200AF0C0FA6E
:109DC000BDE8104001F028B8BC11002010B5064CC9
:109DD000064904F502700BF08FF904F5037004498D
:109DE000BDE810400BF088B9BC11002054000020E1
:109DF0005C00002010B5094C094904F502700BF015
:109E00007BF904F5037007490BF076F904F504704B
:109E10000549BDE810400BF06FB900BFBC11002030
:109E2000640000206C00002074000020014B93F8B7
:109E300002017047BC11002010B5074C00F0C8FFAC
:109E4000D4F808020BF050F9FFF7B6FC01F0F6F871
:109E5000012384F8143210BDBC110020014B93F88B
:109E600014027047BC11002010B5074CD4F80C0246
:109E70000BF03AF9D4F810020BF036F9FFF774FC46
:109E8000002384F8143210BDBC110020C20804491C
:109E900000F0070001238340885C03438B54704724
:109EA00010000020014BD3E9000170471000002092
:109EB000034B1868C0F30020400040F001007047D9
:109EC0001000002008B508F0E3F8084A002332F833
:109ED0002310814205D302EB83029378044A137066
:109EE00008BD01330C2BF2D10023F7E76C7E05008F
:109EF000D113002010B544682388A4F8683194F881
:109F0000683084F86711012B06D0022B04D04FF47F
:109F100061710620FEF73EF884F86A3194F86930E2
:109F2000012B01D0022BF2D184F86B31044904F5E6
:109F3000AF700BF002FD002384F8243110BD00BF88
:109F400073510300406808490388A0F85A3190F81B
:109F5000603080F85C3190F8613080F85D3100F25B
:109F600051100BF0E4BC00BF895103002DE9F04310
:109F70008946097999F80580456801F0070108F0DC
:109F800007084B1E08F1FF3202EA08020B40134398
:109F900095F8872095F88660232A85B004463BD142
:109FA00005F18707FBB940460BF02FF900283DD09B
:109FB00095F86830984239D095F8262118EA020FB2
:109FC00011D0212E32D095F8612018EA020F2DD140
:109FD0000138013B4D4AC0B2DBB2032B105C20D8E4
:109FE000D35C834222D995F82431012B53D11E2111
:109FF0002046FFF77FFF212E51D16368182283F896
:10A000000921092283F8862093F8C230002B3ED123
:10A010004FF43171AE2007E0212E75D105F186078E
:10A02000C0E74FF40F710620FDF7B4FF08460BF0B0
:10A03000ECF838B195F86930834203D095F82731B0
:10A040001942D0D0B9F8066003AB009328463346D6
:10A0500042460BF0E7F86368054678BB93F8242185
:10A06000012A28D101462046FFF744FF3D7063686E
:10A0700003F18702974202D1002283F887206368A8
:10A0800003F1870297423BD120460BF072FD00207E
:10A0900005B0BDE8F083002385F82431ABE7002349
:10A0A00020463B700BF065FD1821204605B0BDE849
:10A0B000F0430BF086BD83F82401D8E7B3F8802085
:10A0C000A3F83C62013EB61AB6B247F6FD7296425C
:10A0D00006D9282283F8A920204601F027F9CEE7E7
:10A0E00093F887200D2A02D00A3A012A01D82A22A1
:10A0F000F0E7BDF80C20A3F83E2225233B70BEE715
:10A10000002283F8C220C2E70220C1E79C7E05003E
:10A11000044B002283F822204FF6FF729A84DA84DF
:10A120001A857047D2130020054B9A8C824201BFDA
:10A13000002283F822204FF6FF729A84704700BFF6
:10A14000D2130020014BD884704700BFD2130020E7
:10A15000084B998C4FF6FF72914206D193F822205A
:10A16000012A04D00360012070470023036000200F
:10A17000704700BFD2130020064B93F82220012A1B
:10A180001FBF0120DA8C83F822009A8408BF0020C8
:10A19000704700BFD2130020014B1885704700BFE5
:10A1A000D2130020064B0246198D988C884205D1A7
:10A1B00093F8220018B11360012070470020704707
:10A1C000D2130020094B998C1A8D914201D00020A6
:10A1D00070474FF6FF729A8493F82220002AF6D037
:10A1E000002283F822200120704700BFD2130020F4
:10A1F000054B998C1A8D914203BF93F82200B0FA57
:10A2000080F0400901207047D213002050B90A4A5B
:10A210001346012003F8010B0868C2F801008A8880
:10A220009A807047012805D1034B0A689A608A8892
:10A23000D8719A81704700BFFC13002050B90B4BB6
:10A24000187888B1D3F80120B3F805300A608B8004
:10A2500001207047012806D1044BD87920B19A68B3
:10A260000A609B89F3E70020704700BFFC130020C1
:10A2700010B9044B18787047012806BF014BD879F4
:10A2800000207047FC130020F7B500238A888DF862
:10A290000600ADF8042008680B4A8DF80730019DD0
:10A2A0001478014602F5A872D8B2844201D8082079
:10A2B00008E052F8087F5668AE4208BF8F4203F1AB
:10A2C0000103F1D103B0F0BD1014002030B5094BEB
:10A2D00001465C78002203F20113D0B2844201D817
:10A2E000082005E013F8015F8D4202F10102F4D16C
:10A2F00030BD00BF10140020F8B52D4C6378013B31
:10A30000DBB22218834292F80251637030D01A01F6
:10A310000101961C8F1C2644274406F1100C56F8A8
:10A3200004EB47F804EB6645F9D1823282312244CE
:10A33000214402F1100652F8047B41F8047BB2423A
:10A34000F9D1E118221891F8026182F8026106261B
:10A350007343704303F5857300F58570E618E35881
:10A3600023502718B388BB8091F83A3182F83A31EC
:10A370002846FFF7ABFF082818D12378013BDBB252
:10A380009D42237012D02B3304EBC30393E80300E8
:10A3900005F12B0204EBC20282E803002078FFF7EC
:10A3A00095FF08281CBF241884F80251F8BD00BF8F
:10A3B00010140020F0B5254D95F8984189B022463B
:10A3C00005F29911684608F067FB214668460AF0D5
:10A3D000F4FF0446B8B300EB4001C9B202A8FDF790
:10A3E0001FFF631E95F8A161DBB2012495F8981157
:10A3F00005E0721CB2FBF1F001FB1022D6B206F1AF
:10A4000020020DEB020010F8202C002AF1D103EB02
:10A4100043012031694406EB46022A4411F8187CB6
:10A4200082F8A27111F8177C11F8161C82F8A3713A
:10A4300082F8A41100F8204C013BAA19DBB2FF2BD3
:10A4400082F89941D2D109B0F0BD00BF10140020AC
:10A4500070B5064688B00C46002A4ED0294A92F8BC
:10A46000A131D01890F8991119B9FF212820FDF7D2
:10A4700091FD03EB43011144013391F8A251E570C2
:10A4800091F8A35191F8A41161710021257180F810
:10A49000991192F89811B3FBF1F001FB103382F897
:10A4A000A13192F8C23123B9174902F5DD700BF0E2
:10A4B00041FA657905F03F0545F0400565710D22CB
:10A4C0000021684608F0A8FAE3788DF80F30237968
:10A4D0008DF80E3004AA0423694630468DF80D50DD
:10A4E00008F0F8F89DF81F3023709DF81E30637057
:10A4F0009DF81D30A37008B070BD03216018FDF7F2
:10A500008FFED6E710140020B5A30200044B5A7842
:10A51000824286BF1B1893F84A010020704700BF93
:10A5200010140020044B5A78824286BF1B1893F8FF
:10A5300042010020704700BF10140020064B00228B
:10A540004FF461711A8083F8C32183F8C421A3F802
:10A55000C61183F8C2217047101400202DE9F0477E
:10A560008246894617469846FFF78EFE082805461C
:10A57000064603D0FFF7AAFE082860D1324C637864
:10A58000072B5ED8082D15D12678731C072E237053
:10A5900003D96C212820FDF7FDFC06F12B02D9F828
:10A5A000000044F8320004EBC203B9F804209A809A
:10A5B00083F806A065786B1C290163704B1C07F1BA
:10A5C0001002234412F8010D03F8010FBA42F9D129
:10A5D000813108F11003214413F8012D01F8012FF6
:10A5E0009845F9D1102140460AF024FF2544102156
:10A5F00085F8420138460AF01DFF85F80261667849
:10A6000085F84A010023114885F83A3131460AF0AD
:10A61000D4FE0128054607D80D4831460AF0CDFE84
:10A62000002818BF0135EDB284F89851002528465E
:10A6300084F8A151FFF7BEFE2846BDE8F08712203E
:10A64000FBE70720F9E700BF101400205215002097
:10A650005A15002010B5064B5878013840B2002832
:10A6600000DA10BDC4B22046FFF746FE601EF5E7D3
:10A6700010140020014B83F8C30170471014002010
:10A68000014B93F8C301704710140020431E9BB286
:10A690004AF2B71293429DBF024BA3F8C6010120B4
:10A6A0000020704710140020014BB3F8C60170471A
:10A6B0001014002030B50A4B5C7884420ED918443F
:10A6C00090F802012B3003EBC004A5790D7053F80C
:10A6D00030001060A3889380012030BD0020FCE78B
:10A6E000101400200246074810B590F8C34124B169
:10A6F000417821B1023003F0BBFB204610BD0C466F
:10A70000FBE700BF101400202DE9F74F2F4C9A46AD
:10A71000637883428046894656D9231893F842517C
:10A7200085F00105F9B193F84A31E3B945F0020724
:10A730000135BAF1000F18D1FA070AD5062101FB3D
:10A74000084104EB0810524601F585718230FFF78D
:10A750007FFEBB0734D504EB081052464946023051
:10A76000FFF776FE2CE02F46E3E794F8A1614FF067
:10A77000010B002DE0D0A319019393F8991199B919
:10A780000092DAB100F02AFC06EB46012144019B5D
:10A7900081F8A2014FEA102C009A81F8A3C1000CA5
:10A7A00081F8A40183F899B194F898310136B6FB89
:10A7B000F3F103FB1166F6B2013DDAE747F0040757
:10A7C000384603B0BDE8F08F0027F9E710140020E9
:10A7D000074B5A78824209D91A1892F842212AB9AD
:10A7E000062202FB003000F585707047002070479C
:10A7F00010140020064B5A78824281BF1B1893F830
:10A800003A01B0FA80F0400998BF0020704700BFBD
:10A8100010140020F8B50E460746062130461546AE
:10A820000AF008FE044670B10C4B0022587803F27F
:10A830003913D1B2884202D801242046F8BD03F86A
:10A84000015F0132F5E7314638460AF0D2FD0828AB
:10A85000F3D0024B034483F83A51EDE71014002083
:10A8600030B50024A0F84040B0F8444042F21075E2
:10A870004C43B4FBF2F4A0F84440541E05FB0343E0
:10A88000B3FBF2F3A0F84230084BB3FBF2F3013311
:10A89000A0F84830838F05FB0344436BB4FBF2F40C
:10A8A00059438463B1FBF2F1416330BD005A620247
:10A8B00070B504460D4659BB4FF41A7208F0ACF857
:10A8C000012384F88E306FF0360384F8D9300423E6
:10A8D00084F8DA306FF03B0384F8DB306F2384F8C0
:10A8E000DC306FF03C0384F8DD306FF07F0384F8D8
:10A8F000DF302B2384F8D830FE2384F80E317F23F9
:10A9000084F88530202384F8DE5084F8F73170BD58
:10A91000012923D10023A0F8B43180F8AB3182693A
:10A9200040F6B833A0F8B4301146438C7830FFF7C6
:10A9300097FF104B1B68062B01D001330CD10E4B37
:10A940001B68063B083307D9E069FEF75FFE18B9BC
:10A95000012384F89F31DAE70023FAE70229D6D1F0
:10A96000B0F84A32D0F844228169BDE870407830AE
:10A97000FFF776BF381900203C190020034B80F800
:10A9800070101B680BB10088184770477C000020CE
:10A990000B2808B504D940F2C7112920FDF7FAFAAF
:10A9A000014B33F8100008BDA07E0500074B93F95A
:10A9B00000301844142804DC10F17F0F03DB40B290
:10A9C0007047142070476FF07E007047D815002044
:10A9D00007B57F230DF107008DF8073004F060F90B
:10A9E00003469DF9070053B1094B5B785B4240FA7F
:10A9F00083F0142806DC10F17F0F05DB40B203B0B2
:10AA00005DF804FB1420FAE76FF07E00F7E700BF63
:10AA1000D8150020024B00221A705A70704700BFF0
:10AA2000D81500200346407898B1DB783F2B05D835
:10AA3000084AD35C1B1A58425841704703F10C0274
:10AA4000D2B2042A04D8034A134413F8B43CF1E701
:10AA500001207047B87E05003F2908B5C17003D8B2
:10AA60000B4B5B5C437008BD01F10C03DBB2042BA4
:10AA700004D8074B0B4413F8B43CF3E7FF2904D088
:10AA800040F23A412A20FDF785FA0123EAE700BFA8
:10AA9000B87E05002DE9F347894669461546984674
:10AAA0000AF0BBFC044620B9019E35B9012386F8A3
:10AAB0008D30012002B0BDE8F0873769294638465D
:10AAC00009F079FA01460028F4D0164B5B88AB42B6
:10AAD00025D3384609F0AEFB96F88D300480002B64
:10AAE0000CBF49460221824684700AF08BFE414623
:10AAF0002A460AF1030007F0CFFF2946384609F03D
:10AB000095FA18B97E212B20FDF744FA68460AF021
:10AB1000C7FE019BA3F8A24186F88D40C9E72046F5
:10AB2000C8E700BFDC150020024B987DC04300F051
:10AB300001007047DC150020044B987DC0F34000F5
:10AB400080F0010000F00100704700BFDC1500201C
:10AB500083230B70014B1B78CB707047F4150020DA
:10AB60002DE9F84FD0F80480D8F8146030460D462F
:10AB700009F052FB044618B9FF211020FDF70AFA2C
:10AB80000146304609F056FBB4F800B01FFA8BF9C5
:10AB90008246B9F1000F02D140F20311EDE71E4BDE
:10ABA0001B68C71C8BB9B8F80030AB8000236B72F0
:10ABB000A5F806B09AF8003003F00303012B0FD07C
:10ABC000022B0DD040F21D11D7E7B8F800004A461D
:10ABD0003946984704460028E5D12046BDE8F88F5D
:10ABE0002B72304609F02CFB044610B94FF49371D8
:10ABF000C3E7B9F1FB0F02D940F23511BDE7286870
:10AC000010B94FF49B71B8E74A46394607F044FF44
:10AC1000304609F070FAE0E7800000202DE9F347A4
:10AC2000DFF850818246894605270026D9F8103082
:10AC300053B11B7A1BB980211020FDF7ABF9D9F86D
:10AC40001040B4B9002071E0D9F80440237A012BF8
:10AC5000F8D0EFF3108372B6D9F804201268C9F85F
:10AC6000042003B962B6C9F81040237A0BB9A621B3
:10AC7000E2E7257AEDB227726B1E0B2B6AD8DFE86C
:10AC800003F066061C3463693D6969696958636845
:10AC900013B94FF4D771CFE72046514698470420A7
:10ACA000EFF3108272B6237A052BD9B25CD12672EB
:10ACB000C9F81060B2B962B614E0636813B940F223
:10ACC000B711B9E75146204698470346C3F3072317
:10ACD000012BADF80400C0B23FD0022BE0D100231D
:10ACE000C9F810300028A1D020E0636813B940F201
:10ACF000BF11A1E7204698470020D1E763680BB950
:10AD0000B52199E70B228AF8002019881869AAF85A
:10AD10000310012200248AF802208AF805208AF80C
:10AD2000064009F0E8F9C9F81040042002B0BDE877
:10AD3000F087D8F80030514620469847034660B166
:10AD4000C9F810600220F1E74FF4FB7174E740F29C
:10AD5000F91171E74FF4FE716EE725720028E5D115
:10AD6000002B7FF463AF6DE711B940F21D2163E75B
:10AD700000209FE78400002038B5134C14220021E6
:10AD8000201D07F049FE01252574142204F1080353
:10AD9000002104F11800C4E9013307F03DFE84F8F6
:10ADA000245004F11C03C4E90633084A0023E3627B
:10ADB000236384F83430C4F83530C4F8393084F86B
:10ADC0003D30136038BD00BFF41500208000002026
:10ADD00010B5084C2378FF2B04D04FF4A07110203D
:10ADE000FDF7D8F807F0BCFC2070BDE81040FFF775
:10ADF000C3BF00BF1D00002010B5034C207807F032
:10AE0000C9FCFF23237010BD1D000020014B1878E2
:10AE100007F0D0BC1D000020014B024A1A607047A9
:10AE20008400002061AB020010B506490446FFF71C
:10AE3000F5FE28B920460449BDE81040FFF7EEBEF4
:10AE400010BD00BF0C160020F815002010B51346E9
:10AE5000027A22B140F299211020FDF79BF80A46B0
:10AE6000BDE81040014601480AF041BDF815002038
:10AE7000044890F834301BB903492C300AF054BD13
:10AE8000704700BFF4150020E15803000346064850
:10AE900090F83E203AB190F83D2022B900F8353BB9
:10AEA00002490AF041BD7047F415002051AB020081
:10AEB00010B50A46037A23B140F2A1211020FDF714
:10AEC00069F80146BDE81040014807230AF00FBDAC
:10AED0000C1600201346027A0AB1037270470A4624
:10AEE000014601480AF003BDF81500201B234FF06E
:10AEF0001B128384038482618382C260038539B913
:10AF00004FF4A473034AC3844384C261C3820261C1
:10AF1000704700BF480148010346F0B4B3F854201D
:10AF2000B3F84840B3F84460DF8FB3F8425094421E
:10AF300028BF14460846B3F84C20B3F85610DC87F7
:10AF40008A4228BF0A46B3F84610A3F8422091422D
:10AF500038BF1146A64238BF2646A742A3F8446030
:10AF6000A3F846101FD1AA1A18BF0122B3F84A50FD
:10AF7000B3F85040B3F852709E8FB3F84010A5421A
:10AF800028BF2546B3F84E409D87BC4228BF3C46AB
:10AF9000AE42A3F8404002D1A14200D12AB1F0BC98
:10AFA00003490AF0CABC0122E0E7F0BC704700BFC9
:10AFB000415903000B8BA2F80B304B8BA2F80D30DC
:10AFC0008B8BA2F80F30CB8BA2F809000249A2F8B4
:10AFD000113010460AF0ABBC91590300094AD2E97E
:10AFE0000003434083EAB01181EA43214FEAF3436F
:10AFF0005360054B116058434FEAF06000EB80004E
:10B00000704700BF34160020BB79379E094AD2E949
:10B010000003434083EAB01181EA43214FEAF3433E
:10B020005360054B116058434FEAF06000EB80001D
:10B03000704700BF20000020BB79379E10B50A4C36
:10B0400009480821FDF7ECF8D4E900321343F7D0A2
:10B05000064CFFF7DBFF2060FFF7D8FF2368606036
:10B060001843F6D010BD00BF200000203416002089
:10B07000174B184A9A60184A5A60184A1A60184AB8
:10B080009A62184ADA62184ADA60184A9A61184ACB
:10B090001A63184A1A62184ADA64184A9A64184AF3
:10B0A0005A62184B184A9A60184A5A62184ADA6269
:10B0B000184A1A61184A5A61184A9A61184A1A635A
:10B0C000184A9A64184ADA64184A9A63704700BFAB
:10B0D00088000020575C0300875C0300F35C0300DA
:10B0E000595E0300AD5E030055B40200C35E030069
:10B0F00099B6020039B50200915F0300AD5F03000D
:10B1000081B502009C010020735C0300635F0300B3
:10B11000E55E0300895E0300095F0300D9B4020005
:10B1200033600300DB5F0300CD5F0300495F030072
:10B13000044B054A5A65054B054A1A65054A5A6586
:10B14000704700BF88000020A75D03009C0100201D
:10B150008D5D0300055E0300054B064A9A65064AAD
:10B160001A66064B064A9A65064ADA65704700BFBA
:10B1700088000020A75203006D9F02009C01002060
:10B18000F151030059530300252A034610B5084620
:10B1900018D8012A19D9023A232A16D8DFE802F072
:10B1A0001A15252424311533152439434715154B19
:10B1B00024245E5E747415151515151515151515D1
:10B1C000157B868EFF2A00F081804FF4A16151200B
:10B1D000FCF7E0FE1A785B68012A02D193F810317F
:10B1E00001E093F81931037110BD5968D1F8BE21FF
:10B1F0004260D1F8C22182605B68D3F80431C36039
:10B20000F2E75B68EAE70146BDE81040184600F047
:10B210000DBA59224271002210238271202203713B
:10B22000C2710372E0E75B6893F80A31DBE7BDE8BF
:10B23000104000F0EBB95A681B784BB992F8103106
:10B2400033B192F80D31037192F80C314371CBE7B1
:10B2500092F80B31037192F80A31F7E75B68B3F8A3
:10B2600054200271120A4271B3F812218271120A3B
:10B27000C271B3F850200272120A4272B3F8103150
:10B2800083721B0AC372AFE75B6893F826210271D1
:10B2900093F82731DAE7124A1468002CA4D001464B
:10B2A0001A4623202346BDE8104018470C4A14686C
:10B2B000002C99D001461A462420F3E7084A146866
:10B2C000002C91D001461A462520EBE75B68BDE8CB
:10B2D000104093F83722D3F838120AF0A7BA00BF0B
:10B2E000B00200203F2803D8064B53F820007047D7
:10B2F00000F10C03DBB2042B01D8B438F4E70020D2
:10B30000704700BF880000203F2803D8064B53F841
:10B310002000704700F10C03DBB2042B01D8B438D5
:10B32000F4E70020704700BF9C010020F7B5456896
:10B330002E6904464FF6FF770DF102010DF101026F
:10B340003046ADF8027008F08CFE01A9304608F0D6
:10B35000ADFE40B1019808F071FF616800220272F1
:10B36000FFF7A6FDE8E7044905F1A00003B0BDE83A
:10B37000F0400AF0DCBA00BFE55B0300F0B504461C
:10B3800085B00D46FF2600F8856C10F8863CF3B1B9
:10B39000184F3B781BB148211F20FCF7FBFD0C2107
:10B3A000381DFCF73DFF3E70002304F8853C2A461B
:10B3B000072302F8033BD4F80930C5F80330D4F86A
:10B3C0000D305360D4F81130936005B0F0BD01A882
:10B3D0000C21FCF725FFA4F51373039AC3F804218D
:10B3E00001AB03CB44F88E0C44F88A1C04F8866C3D
:10B3F000DAE700BF3C16002010B5054C23782BB9C6
:10B400000C21201DFCF70CFFFF23237010BD00BF93
:10B410003C160020024690F8C631BBB990F8C731FF
:10B4200003F0FF010BB100207047094B187800288A
:10B43000F9D01970D968C2F80411043303CBC2F8EB
:10B44000BE01C2F8C211FF2382F8C6310120704745
:10B450003C16002038B5426892F8873004460D4605
:10B460003BB1132B05D0113B0B2B8CBF01200820C7
:10B4700038BD92F8C83013B920460AF070FB6268F4
:10B48000D5F80E30C2F8B631D5F81230C2F8BA315C
:10B490006368D5F81620C3F800211A88A3F855224E
:10B4A0006A68C3F85722AA68C3F85B226368AA894E
:10B4B000A3F85F226368002583F8C65160680549D8
:10B4C00000F513700AF030FA6368152283F88720BC
:10B4D0002846CDE77DB3020038B5436893F887204E
:10B4E0001C2A044604D04FF4DE711F20FCF752FDE5
:10B4F00093F8C8101D88002283F8C72003F5C9708F
:10B5000069B10B4983F8C820A3F89C5183F89B21AB
:10B510000AF00AFA6368002283F8872038BD012206
:10B5200083F89B11A3F89C51024983F89E21EFE711
:10B53000455E0300375E030038B54568AB6F13F016
:10B54000010417D14A680C4B896813400B4AC5F8AF
:10B55000D830C3F3076343F008030A4085F8DB30B3
:10B56000C5F8DC200AF0FBFAAB6F43F00103AB67D0
:10B57000204638BD0120FCE72FC904F76FDB0080AF
:10B5800008B5406890F88630042B28D14B688A684B
:10B59000C0F8D830C3F3076343F0080380F8DB300A
:10B5A0000023C0F8DC2080F8C23080F8863090F8A4
:10B5B000743103F0FF020BB1002008BD0388A0F82E
:10B5C000763180F875214B68C0F878318B68C0F807
:10B5D0007C31044900F5B6700AF0A6F9ECE70120C9
:10B5E000EBE700BF275F0300406890F8743153B960
:10B5F0000388A0F876311A2380F87531024900F5E6
:10B60000B6700AF091B97047275F030010B5044681
:10B61000FEF748FC034A044B02400B406260A36003
:10B6200010BD00BF2FC904F76FDB008037B50C4693
:10B630004568FEF737FC084A084B0A4095F8D810D1
:10B640000192034000930B408DF800306B4603CB12
:10B650006060A16003B030BD6FDB00802FC904F7CC
:10B6600038B5DB04154604D5037D13B100234363CD
:10B6700038BD446B013444630AF0BCFC836B9C42CC
:10B68000F6D30023436303492846BDE838400AF057
:10B6900054B900BF835F030038B5446894F886301E
:10B6A000012B054602D0A36F98073CD494F8C9300B
:10B6B0009A0715D40A7984F8D320B1F80520A4F8A4
:10B6C000D420B1F80720A4F8D620D80743F002020E
:10B6D00084F8C9200FD5154904F1CA000AF02DF9E4
:10B6E00094F8C930D90711D4A36F9A0708D555210A
:10B6F0004020FCF74FFC94F82A31002BEBD1EFE708
:10B7000043F00203A36728460AF029FA94F886302A
:10B71000012B4FF0000301D0002038BD84F88630A3
:10B7200084F8C230F8E70120F7E700BF1560030096
:10B7300070B545680446FFF74BF9054B85F8850061
:10B740001B6801461BB12046BDE87040184770BD1C
:10B75000B8020020024B1B6803B11847704700BFB6
:10B76000B4020020F0B51F4D2B78002414709BB15B
:10B77000013B6D68DBB21E1B012E0FDC05EBC4061E
:10B7800055F8347076688E4208BF874227D0B84299
:10B7900071EB060612D214700020F0BD1E1977104E
:10B7A00005EBC70E55F837C0DEF804708445C6F3C4
:10B7B00047068F412CBF33463446DCE705EBC30414
:10B7C00055F8335064688C4208BF854206D0A842C1
:10B7D00071EB040428BF01331370DDE71C461470BD
:10B7E0000120DAE75C16002010F0070208B503D04C
:10B7F00063214820FCF7CEFB18B1034B1972586047
:10B800001A70C80008BD00BF5C160020014B002262
:10B810001A7070475C1600200A46822302F8033B28
:10B8200004480368C1F80330436853608368936039
:10B83000704700BF6516002002481622002107F05D
:10B84000EBB800BF6516002082B002AB03E903002D
:10B850000B48437D93B1530610D50A880280D1F876
:10B860001822B1F880304260D1F81C22054982606C
:10B87000438002220C3002B0FFF72CBB02B07047AD
:10B880006516002019B80200094B53F8203070B536
:10B8900003F523430C461646A1334FF47A72B3FBEB
:10B8A000F2F503F075FB34442C44204470BD00BF16
:10B8B000C87F05002DE9F04F8DB09A4690F86930A9
:10B8C000029304468946069209F051FC834694F897
:10B8D0007300FFF75DF883440AF0E3FB94F88730C8
:10B8E0000393069B1FFA8BFB00F1500783BB94F870
:10B8F000DC31032B2CD1039B0D2B29D1B4F83C3226
:10B900004B4525D1D4F8E431C4F8D031A369B4F85B
:10B91000B421C4F8D431B4F82A321344C4F8D8316D
:10B92000204602F04FFAD4E99023A262B4F83E22F6
:10B93000A285D4F84822226241F64B529342A36179
:10B940008CBF0023012384F87230022384F8DC3199
:10B95000B4F82852B4F88080A9EB05052DB204F59F
:10B96000FC73A9EB0808002D04930FFA88F818DA85
:10B97000D4E98423C4E98823012345460493CA4BB0
:10B980001B7813B106F078FB70B9002694F8DC310F
:10B99000032B00F2DE81DFE813F06C006601BD00CE
:10B9A0008B01CDF810A0EAE7B4F8C831012BECD92F
:10B9B00094F8DC31022BE8D094F8F661002EE4D143
:10B9C00094F87300FEF7E4FF94F8DC3100F5C86BDF
:10B9D000012B1FFA8BFBD9B23ED194F88A20A36ABF
:10B9E000032A32D1D4F8D42113445946D4F8D401CF
:10B9F000079306F005FBD4F8D061079BD4F8D82153
:10BA0000C4F8D001861B59461846564306F0F8FA8A
:10BA1000D4F8E031C4F8E001C31A5946A0691E44C5
:10BA200006F0EEFAB4F8B431D4F8D82143445B1BE5
:10BA30009B1AD4F8E421013B821A02FB036601231E
:10BA4000C4F8E40184F8F631A0E73046079309F022
:10BA500064FD079B0344C8E7A069594606F0D0FA85
:10BA6000B4F8B461D4F8E4314644761BC31A5E439B
:10BA7000E5E70121002009F050FD8046A06A594603
:10BA8000404406F0BDFA5946C4F8E001A06906F04A
:10BA9000B7FA09A9C4F8E4010AA803F035F9099B2B
:10BAA0000093D4E98801DDE90A2305F093F90290B7
:10BAB00020460AF00EFBA16AD4F82C2294F8690003
:10BAC0008D1803F06DFAD4F8E011029B203D6D1A39
:10BAD000ED1B454400F52340ED1AA1304FF47A7375
:10BAE000B0FBF3F0A38D30312D1A03EB410194F834
:10BAF00069003A46FFF7C8FED4F82C32EB1A223020
:10BB0000B3F5917FC4F8E80159D240F2FC413020EE
:10BB1000FCF740FAA36AD4F8D4015946184406F059
:10BB20006FFA5946C4F8E001A06906F069FAC4F852
:10BB3000E40120460AF0CDFAA36AD4F8D4511D449A
:10BB4000B4F8B431002B40F08A80BAF1000F00F055
:10BB5000868094F8690003F023FAD4F8E011D4F851
:10BB6000183294F869206D1A203D1D44D4E984BC34
:10BB70004E4B53F82220A5EB0B054FF47A7302F2DB
:10BB8000E732B2FBF3F21544ED1B00F52340A13080
:10BB9000B0FBF3F02D1AD4F8D821D4F8D03194F8B2
:10BBA000690002FB0313A18D303301EB43013A46D8
:10BBB000FFF76AFE0123C4F8E80184F8DC31A369C9
:10BBC000D4F8E421E73B9B1ADF1B002384F8F8310B
:10BBD000D4E988328742A5EB060528BF07465B19E2
:10BBE00042F10002C4E98232C4F8B07104F13000BD
:10BBF00009F01AFFD4E98223C4E98823B4F8A031FC
:10BC0000A4F82892A3EB09031BB2002BD4BF002297
:10BC10000122520084F80022039A38440D2AC4F805
:10BC2000FC0100F09980BAF1000F40F0988094F880
:10BC3000DC31002B00F0B080A169D4F8E43104F5C8
:10BC4000FC70C91A09F002FC80B2002800F0A48040
:10BC5000169B03B1188001200DB0BDE8F08FD4F819
:10BC6000E0116D1A97E7D4F8E411A369B4F8B42190
:10BC7000D4F8D801D4F8D0C15B1A5D43D4F8E031D0
:10BC80004244121A3033013A0CFB003301FB0233F9
:10BC9000A18D94F869003A4601EB4301FFF7F4FDEA
:10BCA000C4F8E8018BE700BF88160020C87F0500B4
:10BCB000D4F8E4E1A369A3EB0E035D4394F8863066
:10BCC000252B03D094F88730252B0CD1B4F83C32C7
:10BCD000A9EB03031B0406D4029A94F83F32002B0D
:10BCE00018BF1A460292049BB4F8B4C143B3BCF126
:10BCF000000F25D1D4E98623D4E98401904271EB69
:10BD0000030302D34FF4AA6101E794F869102C4BA6
:10BD100053F82130D4E98401CDE904010498203A94
:10BD2000121A03F2E7314FF47A7B03F52343B1FB98
:10BD3000FBF10A44A133B3FBFBF3D21AD21B154427
:10BD40000CEB08010EFB01F1303102983A46490034
:10BD5000A4E74FF4AD61DAE6BAF1000F1CD0B4F8F5
:10BD6000C80118B3B4F8CA1194F8CC21A4F8CA11C8
:10BD700001FB0222904201F101050DDD002B0BDDDC
:10BD8000002384F80032A4F8CA51FFF727F900F025
:10BD90000700013084F8CC0194F8F70104F5FC7138
:10BDA00004F010FE20B940F2B151B0E60146DBE7E5
:10BDB000069B83F0010384F8F43100204CE700BFB8
:10BDC000C87F0500F7B5044618B9E2213020FCF71A
:10BDD000E1F8072900F2BC80DFE801F00484464660
:10BDE00041BA33B704F0DAFFC4E94001204601F05C
:10BDF0002DF8D4F8F400CB3804F0CCFE10B940F2A2
:10BE00007B21E3E720460AF00AFD0546F8B9014622
:10BE100020460AF02DFC00F1E506D4F8F400B0420B
:10BE200009D2301A322838BF3220032104F0D4FE60
:10BE3000051E18BF0125C4F8F46020460AF009FD6C
:10BE40003DB1204603B0BDE8F0400AF003BD002537
:10BE5000F3E7D4E94023C4E93A2303B0F0BD03B0CB
:10BE6000BDE8F04002F05CBF0AF00DFC002384F84E
:10BE7000F93007460E4604F0DFFC0722A7FB023527
:10BE800002FB0655D4F8EC200192D4F8E8209B1868
:10BE9000019A45EB0205D4F8CC2032B157EA0602EC
:10BEA00003D0984271EB050216D2022284F8F820E2
:10BEB000D4F80821D4F80CC1121A6CEB010C94F8D8
:10BEC00018E1BEF1000F09D1012A7CF1000E11DA50
:10BED000204600F0C3FF05E00122E7E7012A7CF1DC
:10BEE000000CF5DB94F8C80004F0C0FC002384F8D3
:10BEF0001031B2E7984271EB050E0ED23E430CD0E2
:10BF00001B1A65EB01019A427CEB010005DB012B5A
:10BF100071F10000A4BF1A468C460F4994F8C8007E
:10BF20000123914284F811314FF0000384F8F0307E
:10BF300073EB0C03B8BF0A4604F1F00104F058FF9C
:10BF400000288AD140F2EF6140E74FF480713DE76D
:10BF50004FF482713AE700BF0040420F2DE9F041F3
:10BF600004460E46154690F8103103F0FF071BB14A
:10BF70000C273846BDE8F0810146474804F088FCAC
:10BF800020288046F4D05722394604F1C90006F033
:10BF900043FD84F8C880C4F8CC60FF2384F81031D6
:10BFA00036B1FFF733F800F00700013086F8CC0116
:10BFB00002234FF00008A4F8F83084F8F08006F06F
:10BFC00071F800F19E0620460AF029FCB6B201463F
:10BFD000002839D009F0CBF800F5CD6189B22846A8
:10BFE00006F00EF82844C4F8F40004F025FC3018DC
:10BFF00041F10001C4E94001012084F8D000A4F817
:10C0000026800AF0CBFCE53D2D1AC4F8D4504FF041
:10C01000FF356FF00041D4E94023C4E942510025C7
:10C02000C4E93823C4E93A2394F8C80084F81151CC
:10C0300042F2107204F1F00104F0DAFE38BB40F273
:10C04000EB113020FBF7A6FF20460AF011FBDFF8CA
:10C050004C80E530C4F8F400B8F8020048B1E08C38
:10C0600038B1FEF7D3FFB8F80230B0FBF3F202FBB1
:10C070001300064404F0E0FB361841F10001C4E966
:10C080004061002DC3D0AD1941F10001C3E729463D
:10C0900020460AF0E1FB6CE7C5BD020088160020CF
:10C0A000F0B5002385B0CDE9003301238DF80630CB
:10C0B0006846FCF767FB70B11D4E01233371002702
:10C0C000CDE9027702A8FCF75DFB0546C8B1002365
:10C0D000337105B0F0BD00980AF016F9E8E790F862
:10C0E000F70104F003FD94F8F70104F039FE94F829
:10C0F000F70184F8DC5104F0B9FB202384F8F73110
:10C10000DEE7029B002BDDD093F8F721202AD9D05F
:10C1100018884FF6FF739842D9D02946FCF7F8FAF1
:10C1200004460028DBD140F237113020FBF732FF04
:10C1300088160020054B002201215A7119701A71CE
:10C1400042F210725A80FFF7ABBF00BF8816002082
:10C15000014B5871704700BF8816002008B502F0E7
:10C16000B3FA044B9A6882422ABF1879002080F003
:10C17000010008BD881600202DE9F3470446062972
:10C1800000F2DA80DFE801F0048673838A8FD3003F
:10C19000D0E98401D4E98623904271EB030354D2A1
:10C1A00094F8F631002B50D094F8DC31032B4CD1AD
:10C1B00009F077FF94F869A0814608F0D8FF064699
:10C1C00094F87300FEF7E4FB064494F87300FEF75E
:10C1D000DFFBD4E98423D4F81872D4F8B051804638
:10C1E0005046BF1A02F0D4FE554A52F82A20A5F153
:10C1F000500302F52342A1324FF47A71B2FBF1F2FF
:10C200009B1AA3EB09031B1A09F1790909EB5309DE
:10C21000B6B2603B08F5C86873431FFA88F8B3FBF1
:10C22000F8F360335A08A9EB53039F4202D39144B9
:10C230004F4501D905F026FFA069314605F0E0FE23
:10C240000023C4F8E40184F8F6313E4B1B7903F077
:10C25000FF0263B90092B4F8A41101232046FFF74E
:10C2600029FB38B140F21E713020FBF793FE042306
:10C2700084F8DC3102F03AFC04F0E2FAB4F88020F1
:10C28000A4F8F2210023A4F82A3284F8F53102B090
:10C29000BDE8F087032380F8DC31F8E70AF020FDE1
:10C2A000C4E98601F3E790F86900264F09F001FF21
:10C2B000B530D4F8E431A56995288CBF0020C0F1D1
:10C2C0009600C218954288BFED1A7B798CBF2D1A53
:10C2D00000251BB9236B9D4228BF1D4604F1300089
:10C2E000D4F8B06109F0A0FB0644022004F02EFD52
:10C2F000AD1B25EAE575854228BF05460221284683
:10C3000004F06AFC00B92E44012340F24512314684
:10C31000204609F0E6FBD4F8B031B860A0691844B3
:10C3200004F038FC0028B2D140F2A3319CE702B0FF
:10C33000BDE8F04709F0CDBE40F2ED7194E700BFD3
:10C34000C87F0500881600202DE970430C4615466D
:10C350006ABB0246174994F8C80004F0C3FA20B932
:10C3600040F2FD713020FBF715FE02F0ADF9D4E983
:10C370004089064684F8D05084F810510121D4F841
:10C38000CC00FEF795FAD4F8CC00C0E9848994F883
:10C39000C83080F8F731C0E98889C0F82C6209F00C
:10C3A00088FF02F0A3FBBDE8704304F049BA40F6F1
:10C3B0001801D7E7ED600300014B5880704700BFBC
:10C3C00088160020074A03461068D3F85120C0F8A9
:10C3D0000320B3F85520A0F8072093F8501009F077
:10C3E00096B900BF9416002070B504460E466588C5
:10C3F000407F15F00401134618BF04F15F01324677
:10C40000FEF782F94107054621D4C2070BD5012367
:10C4100084F85030607FFEF7DBF90368C4F85130D0
:10C420008388A4F85530AB0701D4012070BD094BB7
:10C430001868D4F85F30012184F85E10C0F8093024
:10C44000B4F86330A0F80D3009F06AF9EDE7002088
:10C45000ECE700BF9416002038B5C38D0F4D0133B3
:10C46000C3F30E03C385AB7C04462BB102F00AFC78
:10C4700001F030FD0023AB7400232B7194F8713070
:10C480002BB101212046BDE8384009F0E9BF637CAB
:10C4900013B1E28D9A42F4D20021F3E79416002002
:10C4A00010B5094C2379012B02D02379022B05D139
:10C4B000A37C1BB102F0E6FB01F00CFDE069BDE8D6
:10C4C0001040FFF7C9BF00BF9416002070B5294C7B
:10C4D0002379012B07D02379022B04D040F65C414D
:10C4E0002D20FBF757FDA0B90125A37C1BB102F05D
:10C4F000C9FB01F0EFFC002D3AD0E06909F029FFFB
:10C50000002830D002F0A0FA236ABDE870409B6892
:10C5100018472168E26911F8095B02F15103E80943
:10C5200092F8502008F02BFF0028DDD02068002171
:10C5300009F01BF90028D7D02379E069012B05D039
:10C540002379022B02D040F63541C9E72379226ACC
:10C5500003F180435269013B05F00F0152F823308B
:10C5600098470546C1E7E069BDE87040FFF774BF32
:10C5700070BD00BF94160020074A0346D06903B976
:10C5800009B9FFF769BF1379126A03F18043126991
:10C59000033B52F823301847941600202DE9F0434E
:10C5A000032985B00546174607D14388980723D449
:10C5B0000024204605B0BDE8F083428890F8703032
:10C5C000D107DBB2F4D5002BF2D14FF00108DFF830
:10C5D000D49099F81260C6B108F015FF0828387099
:10C5E00016D002AA0DF10701FEF764F838B940F63B
:10C5F000D4612D20FBF7CEFC4FF00208E7E79DF851
:10C60000070002A909F043FD06463B78082B08D134
:10C61000D9F8001011F8030BC0F3801009F037FDB2
:10C620000646D9F8001095F8572011F8030B05F1CC
:10C630005803C0F3801008F0A2FED9F80010044699
:10C6400011F8030BC0F3801008F0D3FE8146FEF70B
:10C65000D1F840B1B9F1080F1BD04846FDF756FF9D
:10C6600080F00103D8B23A78082A14D01CB96C7F44
:10C67000A21A544254416A8853079AD4002897D189
:10C6800076B9EC7C444518BF002C0CBF0124002473
:10C690008FE70020E7E780F001022240D4B2EAE70A
:10C6A000344686E7941600202DE9F04F85B0082324
:10C6B0000DF10702052104468DF80730FFF76EFFE4
:10C6C000064620B90026304605B0BDE8F08F744F0D
:10C6D0003968FA7C11F8030B07F11403C0F38010DA
:10C6E00008F04DFE80460028ECD13B68216A1846D0
:10C6F00091F88E2010F8035B02EA551202F0010255
:10C7000081F88E20D3F80320C1F803208288A1F895
:10C7100007201D46226A15F81F1BC1F38011917076
:10C72000D3F81F00029002A928790871D3F80F00EE
:10C73000D061587D1D7D000440EA0520DD7C284342
:10C740005062B3F8190082F8728040F2E24909FBA6
:10C7500000F090619D7DC5EB451005EB800505EB74
:10C7600085056D009585B3F8170009FB00F0906210
:10C77000B3F81B001084B3F81D00508493F82430E4
:10C7800003F01F005B0982F89A0082F87330256A73
:10C7900094F912A005F18E0008F015FF40F2011384
:10C7A000A5F868304FF0FF0B85F86AB0414605F1F7
:10C7B0003000FEF79BFB51462846FEF7DFF8236A60
:10C7C00084F87B801A88A4F87C2084F899B04FF60E
:10C7D000FF72A4F89A209A69B2FBF9F2A4F89220A9
:10C7E0001A8CA4F894205A8CA4F8962093F87320FD
:10C7F00084F89820227F9DF8070004F186015AB33F
:10C8000094F85020012A27D194F8562002F0C00253
:10C81000402A21D1D4F85120C4F88620B4F85520FC
:10C820008A809A7884F87F20082803F1030504F1B0
:10C830008C01D3F8033004F1800227D0C4F88C3087
:10C84000AB888B8004F17F01FDF734FF40B940F6DF
:10C85000BB312D20FBF79EFB0022C4F88620DFE7CA
:10C8600094F87F3043F0020384F87F3004F17200C3
:10C870000C4909F059F80C4B206A1B6800223A71E8
:10C88000002B3FF420AF214698471CE7C4F88030C6
:10C89000AB8893800023C4F88C308B80E6E700BF20
:10C8A0009416002087650300C0020020032973B599
:10C8B000044604D0052952D0012002B070BD0823DF
:10C8C0000DF107028DF80730FFF768FE0028F3D05E
:10C8D000237C274D03B39DF8070094F8BE30DBB9E5
:10C8E000237884F8BF30082804F1C10228D004F16D
:10C8F000C001FDF7DFFE20B940F64A712D20FBF79D
:10C9000049FB94F8C03043F0020384F8C030194961
:10C9100004F1B60009F008F82B68062204265A70C4
:10C920001E702046FFF74EFD286894F84020E16B0A
:10C9300008F00CFF28682E7102F026F90020BCE7F1
:10C940002868034613F8031BC1F3801184F8C01054
:10C95000D0F80310C4F8C1109B889380D7E7064B2A
:10C960001B68002BEAD0984780F00100C0B2A4E712
:10C97000941600206F650300BC020020F8B5044641
:10C980000F4619B300F12805284609F0E0FFA0B9C9
:10C9900063881A072ED5284609F0F0FF0646284678
:10C9A00009F0D5FF301AC0B209F0F8FF474A936882
:10C9B00003442846936009F0A6FF284609F0A8FF23
:10C9C00001F0A8FF2179252001F0C6FE3F4E94F822
:10C9D0005E2030680023037043706388103B0D2B8A
:10C9E00064D8DFE803F05F635B0C634063636363F9
:10C9F000636363402046BDE8F840FFF72DBD062382
:10CA00004370202303702046FFF7DCFC638823F08B
:10CA100008039BB2152B05D094F83820616B306861
:10CA200008F085FE306802F0AFF8032321793371F6
:10CA3000002001F099FF054607B9F06063881B07E5
:10CA400004D509F0A8FF0544C4F8D8506388103B0A
:10CA50000D2B36D8DFE803F038352F2F352F35353D
:10CA600035353535352F0C2343700346212103F826
:10CA7000091B52B1D4F85F20C0F80920B4F8632034
:10CA80009A80012108F04CFEBDE7A26DC0F8092094
:10CA9000B4F85C209A8094F85710F3E706230370EB
:10CAA0004370B0E7022303700623F9E740F23661D2
:10CAB0002D20FBF76FFA21790120BDE8F84002F044
:10CAC00007B940F6CF41F3E7F8BD00BF9416002048
:10CAD00038B54388102B044604D1BDE83840012105
:10CAE000FFF74CBF0B4DAB7C23B101F0D9F94020CF
:10CAF00002F0BCF8286802F047F8608810F00400E3
:10CB000002D1217902F0E4F8002002F08DF801232F
:10CB10002B7138BD94160020024B0121D869FFF714
:10CB20002DBF00BF9416002010B5134CA37C1BB181
:10CB300002F0A8F801F0CEF9E06909F00AFC70B142
:10CB40002379012B10D12379226AE069D26803F19D
:10CB50008043013BBDE8104052F823301847E0699C
:10CB6000BDE81040FFF778BC2379022BEBD040F6EC
:10CB70005E312D20FBF70EFA9416002010B5074801
:10CB8000037903F0FF0433B918222146043005F07D
:10CB900043FF204610BD0C24FBE700BF9416002085
:10CBA00010B5094C002323712060FFF7E7FF20B187
:10CBB00040F2EF212D20FBF7EDF9236A13B940F283
:10CBC000F221F7E710BD00BF94160020014B024A86
:10CBD0001A62704794160020A8CE0200034B044A44
:10CBE0001A60044B044A1A60704700BFBC02002060
:10CBF000A9C60200C002002049C30200F8B5057DA5
:10CC0000AF1E0446FFB2002D3AD0012F2DD800F1FF
:10CC1000580190F8570008F0ECFB0828064624D08D
:10CC2000FDF780FC10BB023D18BF0125012F8CBF12
:10CC30000027012784F8505027776677FDF734FDE9
:10CC4000054603F0F9FD174B0022E5FB0301C4E99B
:10CC5000120184F85E2011462046FFF7C5FB70B92B
:10CC600040F27A412D20FBF795F90826022D09D1D3
:10CC700004F151010020FDF7E1FA80B90020F8BD70
:10CC80000826F5E7E37E002BF8D0D4F81530C4F879
:10CC90005130B4F81930A4F855300125C6E7002505
:10CCA000C4E700BF40420F00F0B5464E327985B070
:10CCB000044602F0FF0312B90278FF2A04D140F6BD
:10CCC000B9112D20FBF766F93382B3607371B3712C
:10CCD00080F871303C4B00933C4B01933C4B0293EA
:10CCE000336A68465B68039301F046FF01F078FD04
:10CCF00001F0C8FF01F0EEF8364801F001FE04F142
:10CD00002805354801F032FF284609F0FCFD284689
:10CD100009F0FEFD01F0FEFD2179252001F01CFD4A
:10CD200094F9120001F0E6FD04F13401206B07F0E4
:10CD300090FB04F13C010746206B07F0B1FB054670
:10CD4000E7B194F82430CBB1B4F92E50ED43ED0F98
:10CD5000237F13B963885B0709D5D4E912126FF0FA
:10CD600000439A4208BFB1F1FF3F0ED1A5B9306828
:10CD70000330FDF7B7FCB07405B0F0BD002DE7D06F
:10CD800094F82550002DDFD1E2E703F055FDD4E9FA
:10CD9000122390429941E9D3012229462046FFF708
:10CDA00023FB50B1FDF780FC054603F045FD0B4B1E
:10CDB000E5FB0301C4E91201D9E7002DD7D040F605
:10CDC000F6117EE79416002029CB0200CDC40200A4
:10CDD00079C50200D6BE898E5555550040420F00D8
:10CDE00073B50446FFF760FF00212046FFF7C6FD3C
:10CDF000A36E0BB101221A606388DB0720D50023E4
:10CE0000104E256ACDE90033FF23F3746846FBF723
:10CE1000B9FCA8B9009CA542F8D06A7A607A05F1FD
:10CE20000A0304F10A0108F0AAFA0028EED0A37858
:10CE3000F374D4F803007061034BB4F807209A80B0
:10CE400002B070BD94160020A8160020024BD861D5
:10CE50001B6A1B68184700BF9416002043881B07F5
:10CE600010B5044611D5036A0A493C2280F87B209C
:10CE70001B88A0F87C30FF2380F899304FF6FF73B1
:10CE8000A0F89A30723008F04FFDFF2384F871301B
:10CE900010BD00BF87650300D9650300D1CA020039
:10CEA000DF650300ADC80200E1CD0200A1C40200AD
:10CEB00019CB020098CE02009CCE0200A4CE020044
:10CEC0000138022808B503D9C3212F20FBF762F8E7
:10CED00013290A4B05D811290CD8102907D0D121C4
:10CEE000F3E71529FBD103EB4003D88801E033F8C1
:10CEF000100008BD03EB40039889FAE73E7F050068
:10CF00000C4A1178034689B9906833B9B0F85810C3
:10CF1000828F91420AD8FFF721B993891B0707D561
:10CF200090F88800073818BF01207047002070472C
:10CF300001207047B81600202D4AF8B594890346A1
:10CF40001C43402B9068948104D10421BDE8F84033
:10CF5000FFF712B9802B01D10521F7E703F0030495
:10CF6000032C04D140F6D6213120FBF713F813F03F
:10CF7000020418BF1161DD0705D55161C978062982
:10CF80000DD00B2917D02CB11169C97805291DD0F6
:10CF90000B2927D09B0644BF08231370F8BD90F8D7
:10CFA00087101829EFD1002600270121C0E9386732
:10CFB00080F88B10E7E790F88710122901BF002155
:10CFC00080F88B10012180F8C810DCE790F88710FA
:10CFD0001629DFD100240025C0E93A45012180F857
:10CFE0008C10D7E790F887101129D3D10021F6E7EC
:10CFF000B816002073B504464068836F13F0300FF5
:10D000000D4646D109891A2903D96B89B3F5A47F46
:10D0100006D2E978204602B0BDE8704008F0D1BDE4
:10D02000AA881A2AF5D9EE88B6F5A47FF1D300961E
:10D03000303008F00BFD184B9A8992070ED51B690A
:10D04000DB78142B0AD16268936F43F01003936767
:10D05000204608F084FD002002B070BD636893F89C
:10D0600086201D2AEFD093F81B31002BEBD163688B
:10D0700093F81A31002BE6D16268936F114643F0A2
:10D080002003936731F8300B02F59F72FDF792FF92
:10D09000DEE70120E0E700BFB816002037B5044600
:10D0A00001A8FDF755F820B940F6BB013120FAF789
:10D0B00071FF22220021019805F0AEFC019D0321A1
:10D0C000284608F09FFB2B7823F010032B70019863
:10D0D0002146FDF7C1FC019905482246FEF754F8A8
:10D0E000FDF74AF810B940F6C501DFE703B030BDDF
:10D0F000BC160020264B70B59C6894F83E5294F8FC
:10D100003F62002D3DD194F86810002E3BD194F879
:10D11000693084F8681084F86930FF2384F86A3035
:10D120001C4B1B680BB12046984794F82431012B07
:10D1300001D0354303D018480021FCF7DBFE04F191
:10D140003006304608F070FC04F2351105462046E2
:10D15000FDF7E2FE20460621FFF70EF8304608F004
:10D1600063FC8542044610D203F0E4FD0146601BD7
:10D17000322838BF322003F02FFDB0FA80F040098A
:10D1800070BD2946C1E73346C3E70120F8E700BF79
:10D19000B8160020D0020020BC16002010B5154B98
:10D1A0001B691979436893F88620092A09D193F8F5
:10D1B00009218A4205D1002283F8862083F8C22003
:10D1C00010BD9A6F12F0080406D022F00802BDE8E4
:10D1D00010409A6708F0CDBCFF2905D1332283F8AF
:10D1E000862083F83442EBE740F25C513120FAF7B5
:10D1F000D1FE00BFB8160020F8B50D79A5F10E03D9
:10D20000DBB2152B04460DD8012606FA03F740F2CF
:10D210005122174208D14268152B92F8862028D057
:10D22000082B08D00020F8BD024631462846BDE84C
:10D23000F84009F0B7BB212A01D02E2AF2D12046AE
:10D2400008F084FC636893F88720222AEAD093F8D8
:10D25000D92022F0010283F8D920626892F8D930EF
:10D2600023F0080382F8D9301A212046FCF742FE49
:10D27000D8E7282AD6D1034B1B68002BD2D0984779
:10D28000D0E700BFCC0200202DE9F041A0F10E0450
:10D290000029E4B208BF1F21172C13460AD8012623
:10D2A000A64040F251273E4207D116F4600F23D129
:10D2B000082C07D00020BDE8F081BDE8F041002136
:10D2C00009F070BB546894F88620212A08D11846CA
:10D2D000FCF710FE002384F8863084F8C230E9E7BA
:10D2E0002E2AE7D194F88720A2F120010629F1D94E
:10D2F0002E2AEFD02A21EAE7054A1468002CD9D05B
:10D300000A46014618462346BDE8F041184700BFCB
:10D31000C80200202DE9F7437F4D0646AC6800287F
:10D3200040F0A480AB891A0724D594F80E31FE2B67
:10D3300004D140F2DF513120FAF72CFEFE2384F8AD
:10D340000E3194F887301A2B06D184F8C700281DB7
:10D3500008F00FFC84F8876094F88630202B33D0D7
:10D36000332B3FD094F88830072B02BF02232B7653
:10D3700084F80E31AB89DB073DD4AB895F0700F140
:10D38000AB80990740F1B280AB68012283F80F218E
:10D390002B69DF780D2F00F0A680112F00F0B180EF
:10D3A000072F00F0B0803846FDF7AEFF0346002897
:10D3B00040F09A80FF2F40F0A880AA68332182F8BD
:10D3C000861082F8340291E094F88730A3F12002AD
:10D3D000062A05D92E2B03D0212384F88630C1E7F5
:10D3E0002E23FAE7012384F83532002384F88630AF
:10D3F00084F8C230B6E7D5F80890D5F8148099F8CB
:10D400008730113B0B2B0BD898F80330023BDBB273
:10D41000092B7DD840F2333222FA03F3D80777D5AF
:10D420004046FDF7FFFA98F8037020B939463B48AB
:10D4300008F0C7FB49E0012F01D9162F30D199F828
:10D44000860008F0ABFB40B199F88630202B04D061
:10D45000212B07D12E2389F886303846FDF742FF6D
:10D4600003462AE0162F14BF022620262B781B071E
:10D4700012D594F88730113B0B2B4BD9002501A90D
:10D4800003200195FBF7F2FD019B2BB11D720C22CD
:10D4900001982146FDF7DAFC304603B0BDE8F08381
:10D4A000112F0ED005D8072F14D00D2FD5D11C4B1E
:10D4B00008E0142FD1D11B4B1B681BB998F803103F
:10D4C000B5E7194B69691548984700283FF455AFEF
:10D4D0000646CBE7154BF5E794F88820062A04BFEB
:10D4E00001222A764DE7124B0C489847AB89DA06A1
:10D4F000BCD594F887300A2BB8D10B2384F8873039
:10D50000B4E70C4BF0E70C4BEEE740F2D25112E7D8
:10D510000826ABE70820C0E7B8160020BC1600209C
:10D52000E36A0300C40200202B6B0300F9D1020060
:10D53000736A0300916A03009DD102002DE9F74F41
:10D54000B64F0E46B989BC688D0556BFB4F8B820F1
:10D550000023013204F1780A804646BFA4F8B830AF
:10D5600084F8AF31A4F8B820504609F0A9FA30B1D8
:10D570000B4604F5967221465046FEF771F8BB89BA
:10D5800003F4C0632BB194F88A30002B47D0032BEF
:10D590004CD094F88A20BB89012A04D1180544BFD5
:10D5A000022284F88A20B8F1000F40F095805906D5
:10D5B0005DBFB4F8C821013292B24246A4F8C82136
:10D5C00003F00A020A2A0DD13A69D278022A09D157
:10D5D00023F008033046BB81FFF79CFE082330434D
:10D5E000C6B2BB813046FFF795FEBD6895F80E3197
:10D5F0003043FE2BC6B23CD1DEBB95F88830063BEB
:10D60000012B36D995F81831ABB195F81931A5F839
:10D61000BC6085F810310122022128462BE101214E
:10D6200084F88A102046FEF7A7FDB2E7022384F8AB
:10D630008A300121F6E795F88790A9F110095FFA81
:10D6400089F9B9F10C0F40F2ED80AB6FDA0702D522
:10D6500032460921E1E7980740F1938032460C21D8
:10D66000284609F0EDF995F8C93043F0010385F833
:10D67000C930B4F8A83194F8AC510133A4F8A831FA
:10D68000002D00F0FD81FBF7E3FC10B10023A4F8AE
:10D69000A83194F88A10012940F2278294F8883042
:10D6A000072B40F00582B4F8B830022B40F21D82FF
:10D6B000B4F8BA500135ADB2B4F880302B44A4F8B8
:10D6C000A03194F8AD31002B00F013820123B4F89F
:10D6D00080201344A4F8A431BB89BD685B065FBFFA
:10D6E000B5F8B431B5F8A6219B189BB248BF00230A
:10D6F000A5F8B43195F8183123B995F88830063B70
:10D70000012B06D8B5F8BC30B5F8A6211344A5F80E
:10D71000BC3095F8C21031B1B5F8BE30B5F8A621CD
:10D720001344A5F8BE3095F9C620002AC1BFB5F84C
:10D73000C430B5F8A6011B18A5F8C43095F8A93077
:10D7400063B9B8F1000F40F065823B7E022B40F0D8
:10D75000178295F81031062B18BF162395F8A820CC
:10D7600022B92F4885F8A930FDF7E0FD284609F0D9
:10D7700015FA002384F8AB3103B0BDE8F04FFCF795
:10D7800021BD590702D53246132146E71A0706D5AF
:10D7900095F8083185F81031324607213DE713F03E
:10D7A000300F35D095F81B31002B4AD195F81A313E
:10D7B000CBB195F88730252B05F58D7105F23E220A
:10D7C00024D095F88630A3F12500434243412846F2
:10D7D00008F02EF9AB6F23F0200343F01003AB6782
:10D7E000002385F81A31AB6FDA062AD505F2351118
:10D7F0002846FDF791FBB5F85230A5F81031B5F881
:10D800005630A5F812310022152106E70123DEE784
:10D810005B0616D500222421FFE600BFB8160020C3
:10D82000BC160020D7F808B09BF88730113B0B2BB3
:10D830000ED8DFE803F01D0D0D0D232C0D0D0D0D81
:10D840000D55B86890F88730222B4FD0312B4AD035
:10D8500095F88630002B59D195F88730103B0C2B6A
:10D860005CD995F8B630002B58D001221221D4E6AD
:10D8700000220B21584609F0E3F8FAE65846FDF776
:10D88000C9FD00283FF4F5AE00220421F2E79BF821
:10D890003032012B08D100220521584609F0D0F87A
:10D8A00000238BF83032E4E69BF83032022BD9B2F9
:10D8B0007FF4DFAE9BF8C85025B106238BF81031FA
:10D8C0000022EAE703210622B34808F061F99BF839
:10D8D000D83013F0040F2A460CBF0D211121DCE7CC
:10D8E00000220621C6E700221121C4E790F8243166
:10D8F000022B02D100221721BDE790F82431012B21
:10D90000A6D190F82531002BF4D0A1E7092B05D141
:10D9100095F8093185F8103101223EE7B9F10C0F75
:10D920007FF6A7AED7F8089099F886B0BBF1000F44
:10D9300040F08C8099F82B313BB101220E214846F2
:10D9400009F07EF889F82BB1ADE799F82A3193B147
:10D9500099F8C9B01BF003030DD101220C214846F0
:10D960004BF0010B019309F06BF889F8C9B0019BEA
:10D9700089F82A3197E799F81A3133B399F81B31AE
:10D980001BBB99F88730252B09F58D7109F23E22D2
:10D9900019D099F88630A3F1250043424341484607
:10D9A00008F046F8002389F81A310122142148466C
:10D9B00009F046F8B9F85230A9F81031B9F85630E4
:10D9C000A9F8123155E60123E9E799F82431012B32
:10D9D0004BD199F82531002B47D199F88730A3F125
:10D9E0002002062A41D92E2B3FD099F86800012841
:10D9F00006D0022804D04FF461710620FAF7CAFA63
:10DA000099F86910012901D00229F4D1022899F866
:10DA100026210BD0012A14BF0022012242B90A3B61
:10DA2000042B13D901221621484624E7022AF2E7E3
:10DA3000022999F8272116D0012A14BF00220122B9
:10DA4000002AECD054480021FCF754FA95F88630AF
:10DA5000002B7FF40EAE95F83432002B3FF409AE64
:10DA60000122FF21D9E5022AE7E74C4B1B68002B76
:10DA7000ECD049489847FE280146E7D00122D3E779
:10DA8000FBF7E0FA08B1A4F8A851FBF7E9FA00287F
:10DA90003FF4FFAD94F8AF310133DBB2022B84F8D1
:10DAA000AF3182BF0023A4F8A83184F8AF31F0E58C
:10DAB00094F8B6301BB194F886300F2B15D1B4F81A
:10DAC000BA50B4F8B8305046ED1A033D08F0F8FFEC
:10DAD00068B1D4F8B030D4F8AC20033B9B1A9D4217
:10DAE000A8BF1D46012D3FF7E6AD0125E4E52B4615
:10DAF000F5E7012D7FF6EAAD94F8873013B10B2BD3
:10DB00007FF4E4AD94F88630002B7FF4DFAD94F819
:10DB10008830002B7FF4DAAD02297FF4D7AD94F87A
:10DB2000AF31002B7FF4D2AD2069B4F82E9006F00F
:10DB3000ECFA00283FF4CAAD94F80E31FE2B7FF4C6
:10DB4000C5ADB4F8A231012B7FF6C0ADB4F8A82161
:10DB5000238C9A42BFF4BAAD9B1A9BB2013DADB281
:10DB6000B5FBF9F59D4228BF1D4619FB05F3003DA5
:10DB700003F1010318BF01259BB284F8AA51A6E561
:10DB8000012B0DD195F88930002B7FF4E7AD0021F2
:10DB90002846FEF7F1FAECE5BC160020D40200207E
:10DBA0005EB1F00634D4310734D4B20634D4B307AE
:10DBB00034D140F65721312020E739B1B5F8BE10F5
:10DBC000B5F8C030994201D32223C7E5002A05DD0C
:10DBD000B5F8C420B5F8C0309A42F5D2B5F8BC20EB
:10DBE000B5F8BA309A420AD295F88A20B5F8B8301A
:10DBF00052B1B5F8BA209A42C9D80823AEE595F8D3
:10DC00001831002BE0D1EFE7052BC0D93E23A5E565
:10DC10001E23A3E53D23A1E523239FE52A239DE5BC
:10DC2000634B73B50025012604461E7198609D81E3
:10DC30001D701D76FF2380F8AB310088FCF782FA57
:10DC40002088FCF7A9FAB4F8A231E3B194F80E31B8
:10DC5000FE2B18D194F81831ABB194F88830063BFC
:10DC6000B34210D994F81931A4F8BC50204684F876
:10DC700010313246022108F0E3FE84F8AA51022056
:10DC8000FFF70CFA03E094F80E01FE28F8D1B4F87F
:10DC9000A611B4F8A821E38D013989B2B1FBF3F3E1
:10DCA0001344A4F8A831B4F8B83004F178060B4452
:10DCB000A4F8B830304608F003FF20B1D4F8AC30F7
:10DCC0000B44C4F8AC30B4F8A231012B9CBF013333
:10DCD000A4F8A231002509B184F8AF5194F8873037
:10DCE00084F8AA51A3F10A02012A1DD8B4F88030A1
:10DCF000B4F83C229B1A19042FD404F23E2104F1FB
:10DD00008E0007F060FC84F88750FF2384F8C3304E
:10DD1000B4F8A6212146304607F09BFC98B34FF497
:10DD20001E613120FAF736F9252B16D1B4F83C22C2
:10DD3000B4F880309B1A1A040FD484F88750FFF788
:10DD4000D9F9014630B984F8240102B0BDE8704029
:10DD5000FFF7F4BB84F82451DAE794F8863003F037
:10DD6000FD03252BD4D1B4F88030B4F83C229B1AA3
:10DD70001B04CDD4002384F88630FFF7BBF901469D
:10DD80000028C5D1E1E70B4B0B49009303C90B4BAE
:10DD90000B4AFBF739F894F88730113B0B2B04D86A
:10DDA00002B0BDE87040FBF727B802B070BD00BFFD
:10DDB000B81600203DD50200BC16002001CF02009D
:10DDC00039CF0200D0F844328269934210B504463C
:10DDD00004D1D0F84812026A914215D02288A4F8E2
:10DDE0008A2140F2E242B3FBF2F3A4F88C31B4F89A
:10DDF0004832A4F88E31B4F84A320949A4F8903177
:10DE000004F5C07007F099FD02212046FCF750FD93
:10DE1000002384F88730032384F88A3010BD00BFC4
:10DE2000D35C030008B5FDF783F9024B024A1A6080
:10DE300008BD00BFC4020020F5CF0200064BD3F896
:10DE4000000138B1D3F8040120B1D3F80801B0FAC9
:10DE500080F04009704700BF00F00040034B0022F3
:10DE60001A705A7010229A70704700BFD3160020A3
:10DE700070B50646022014460D4600F0ADF9064B7B
:10DE800001221A70054B033CC3F81045C3F808651E
:10DE9000C3F8045570BD00BFD316002000F0004049
:10DEA00008B5022000F098F9084B01221A70084BBF
:10DEB0000022C3F80021C3F80421C3F8082103F5A8
:10DEC00080334FF40002C3F8042508BDD3160020A8
:10DED00000F000400E4A08B5137883B10D4B4FF4A3
:10DEE0000001C3F80815FFF7A9FF68B101235370BB
:10DEF000094BD3F80034DBB2937000231370BDE8F4
:10DF00000840002000F068B950701023F4E700BF0B
:10DF1000D316002000F0014000F00040094B1A78B1
:10DF200062B1094BD3F8002152B1D3F8040140B1DA
:10DF3000D3F80801B0FA80F040097047587870476C
:10DF400002207047D316002000F0004008B5074BB0
:10DF50001A783AB1FFF772FF30B1054BD3F80004DD
:10DF6000C0B208BD9878FCE71020FAE7D31600206D
:10DF700000F00040024B00221A705A709A707047ED
:10DF8000D61600202DE9F041044601201E460F461A
:10DF9000904600F021F904F0030040EA0643184DD2
:10DFA00018482E7143F08073C0F80435164BC0F842
:10DFB00008751B68062B07D001331EBFD0F8183533
:10DFC00068F30703C0F81835104B114AC3F8082549
:10DFD00014F0FB0F01BF0F4AC3F89825FC3AC3F8B1
:10DFE0009C250122022C6A70EC7007D8054B2A7020
:10DFF0000021C3F80011C3F800121A60BDE8F081D7
:10E00000D616002000F000403819002000F0014032
:10E010000000020200F1004070B5194C637823B98A
:10E020004FF407713C20F9F7B5FF164BC3F80C15F8
:10E03000C3F81005E5780122A270C5B924780CB99F
:10E04000E321EFE7104CC3F804514FF40035C4F856
:10E050000455D3F8006116B15A60C4F808550B781E
:10E0600003704B78043343708B78837070BD00214C
:10E070002270C3F80411C3F800221A60F6E700BF4B
:10E08000D616002000F0004000F001400E4A08B50E
:10E09000537823B94FF412713C20F9F77BFF0B4BF7
:10E0A000C3F80C150121C3F810059170127812B94C
:10E0B00040F20F11F0E70022C3F80421044B4FF0A7
:10E0C0000072C3F8042508BDD616002000F00040F9
:10E0D00000F00140084B1A784AB10849084AC1F8D3
:10E0E00008250022C1F89825C1F89C251A70002245
:10E0F0005A709A70704700BFD616002000F0014099
:10E1000000000202194B1B7870B523B940F28A2136
:10E110003C20F9F73FFF164CD4F80431BBB9022379
:10E12000C4F80433134B144E1D691A6942F01002EF
:10E1300005F010051A61D4F804317BB125B90D4AF8
:10E14000136923F0100313610223C4F80833084B4A
:10E15000D3F80004003818BF012070BD4FF400430D
:10E16000C6F8803108F0C5FEE5E700BFD6160020EE
:10E1700000F0004000ED00E000E100E0014B012272
:10E180009A60704700F0004008B50A4BD3F80025AC
:10E19000032A04BF01229A600022C3F80025C3F8B5
:10E1A0000025FFF797FF044B4FF40002C3F8082542
:10E1B00008BD00BF00F0004000F00140054B4FF4E7
:10E1C0000042C3F88020BFF34F8FBFF36F8FFFF77C
:10E1D000DBBF00BF00E100E010B50446FFF7D4FF4D
:10E1E000012C06D0022C0CD054B18C213D20F9F723
:10E1F000D1FE0B4B0222C3F800250A4AC3F81425AE
:10E2000010BD074B0322C3F80025064AC3F81425A6
:10E2100003F580334FF40002C3F80425F0E700BF94
:10E2200000F00040DB160020044B1868062818BFD9
:10E23000B0F1FF3F0CBF01200020704738190020CB
:10E2400008B5FFF7F1FF38B1044B1868063810F134
:10E25000080F94BF0020012008BD00BF3C1900201A
:10E2600008B5FFF7E1FF38B1044B1868063810F124
:10E27000080F8CBF0020012008BD00BF3C19002002
:10E28000064B0022C3F80021C3F80C21C3F810216B
:10E29000C3F80421C3F80821704700BF00100040F4
:10E2A000024B00221A809A701A717047E8170020FA
:10E2B00038B5144D95F83D200346084622B940F67E
:10E2C000B2113E20F9F766FE6BB9012AAC6B95F8E6
:10E2D0003C1005D100F082FE20442B6BC01A38BDE3
:10E2E00008F008FDF8E7012B0AD1012AAC6B95F87C
:10E2F0003C1002D100F064FEEEE708F006FDEBE70B
:10E300000020EAE7E817002008B5094B012883F848
:10E310002400084B06D0022808D040F6DC613E20DD
:10E32000F9F738FE0322C3F8102508BD0422FAE7E6
:10E33000E81700200010004008B5144B93F84A304D
:10E34000D90720D59A070ED5114BD3F8002242F0F9
:10E350000102C3F80022D3F8500500F0F60002389D
:10E3600018BF012008BD5B070DD50A4B0A4AC3F848
:10E37000AC25A3F5B833D3F8403123B140F28A710C
:10E380003E20F9F707FE0120ECE700BFE817002068
:10E390000010004000F001400810004008B570B9BE
:10E3A000104B2831D96018460F4900F0BFFE0130EC
:10E3B000012816D940F66D013E20F9F7EBFD012842
:10E3C0000CD1084B2931D9601846074900F0B4FE3A
:10E3D0000130012805D940F67701EDE740F67B01D1
:10E3E000EAE708BD280000205C7F050008B50C4B5B
:10E3F0009B78012B09D100F0A5FE013001280ED930
:10E4000040F604213E20F9F7C5FD022B07D100F0AC
:10E410009FFE0130012802D940F60A21F2E708BD2B
:10E42000E8170020094B0A4A1B8DB3F5166F3ABF57
:10E43000A3F6381343F48073A3F5166300F07F004E
:10E44000C2F80835C2F85405704700BFE81700202D
:10E450000010004037B50D460446FFF755FF28462B
:10E46000FFF7E0FF1B4A01AB92F925202946204621
:10E4700000F0F6FD9DF8050000F070FE20B140F2BE
:10E4800055713E20F9F786FD9DF9040000F090FDDE
:10E49000114A40F20313C2F8343540F25B63C2F80C
:10E4A0003835FFF7CDFE90B14FF08053D2F8882574
:10E4B000D3F82033022C22F4FE420CBFC3F30663D0
:10E4C000C3F3062342EA0323034AC2F8883503B0A4
:10E4D00030BD00BFE81700200010004010B50C460A
:10E4E000FFF712FF2046FFF79DFF0F4A0023C2F8F7
:10E4F0001C31D2F8003243F48873C2F8003240F283
:10E500000313C2F8343540F25B63C2F83835FFF7C5
:10E5100097FE40B9FFF7A4FE28B9D2F8683543F456
:10E52000C023C2F8683510BD00100040F8B5414C5A
:10E530000D4616460746002847D10123A3702378CD
:10E54000012B2BD13C4B33F812304FF47A7203F588
:10E55000FA73B3FBF2F3CD1A236B384A384E1D44DD
:10E56000384BC6F84055C2F8A835236C43F4002355
:10E5700023644FF40023C2F804352378002B47D1DD
:10E5800094F84A3043F0020384F84A30FFF7D4FE8F
:10E590000446002843D100242046F8BD104694F8D4
:10E5A0002610FFF757FF284B33F816304FF47A72D6
:10E5B00003F5FA73B3FBF2F3ED1A2378002BCBD1FA
:10E5C0001E4B224AC3F8AC25C6E701281BD1022303
:10E5D000A3702378012B0AD11C4B0022C3F81C2105
:10E5E000D3F8002242F48872C3F80022B4E794F80A
:10E5F00026101046FFF772FF2378293D002BABD180
:10E600000E4B134ADEE74FF413613E20F9F7C2FCCC
:10E61000012BBBD194F84A3043F00403B4E7012343
:10E62000F364D6F84C35AB42B5DA29463846FFF7E5
:10E63000B5FEB1E7E8170020DA7F050000F00140E1
:10E640000080004040810040D47F05000010004061
:10E650000410004008B560221148002104F0DCF9E4
:10E66000FFF71EFE0F4B1B6823F004020A2A05D099
:10E67000102B03D0082B0ED1402200E024220A48A0
:10E68000FF2104F0C9F94FF080430022C3F8082E9F
:10E69000C3F8102E08BD0D2BEED03822EFE700BFD7
:10E6A000E817002038190020000E0040024B0344F8
:10E6B000187E00F5166070475C7F0500014B93F8EB
:10E6C0003C007047E8170020024B986B1B6BC01A88
:10E6D000704700BFE81700200A4B93F83C20D3E9AD
:10E6E0000C30C01A084B03EB82031B6CC01A074B9B
:10E6F00053F822304FF47A7203F2F313B3FBF2F3C0
:10E70000C01A7047E81700205C7F0500C87F05002D
:10E7100008B50F4A92F83C10012906D0022914D0FE
:10E7200040F2C6213E20F9F735FC40F6B830D2E978
:10E730000C239B1A074A02EB8102126C9B1A4FF4BE
:10E740007A72B0FBF2F0184408BD4FF4FA60EEE7BD
:10E75000E81700205C7F0500FF2808B504D940F2C7
:10E76000E5213E20F9F716FC124B0129A3F84800D9
:10E7700004D0022919D040F24131F2E700230E4AB9
:10E7800043F4801340F0007043F4847340F440304D
:10E79000C2F81435C2F81805D2F8503503F0F70363
:10E7A000032B05D14FF45671DBE74FF08073E6E79A
:10E7B00008BD00BFE81700200010004008B5FFF7B3
:10E7C0003FFD50B1054AD2F8743723F0807323F02F
:10E7D000010343F08073C2F8743708BD0010004095
:10E7E0003D4B022270B5C3F88020BFF34F8FBFF3BB
:10E7F0006F8F3A4A0023C2F8FC3F0123C2F8FC3F66
:10E80000FFF72EFD28B1D2F83C3743F48063C2F8FD
:10E810003C37FFF709FD58B1D2F83C3723F00043ED
:10E8200023F0FF0343F0004343F09603C2F83C3764
:10E83000FFF706FD294C38B1D4F8403723F47F4365
:10E8400043F4B053C4F84037254BC4F8783700F090
:10E8500097FC38B14FF08053D3F830335A1C18BFAF
:10E86000C4F84C374FF010231C4C1A6E1D4D531C2E
:10E870001EBFD4F88C3562F31743C4F88C350123DE
:10E88000C4F8303585F824300323C4F8103540F23D
:10E890000123C4F850360226134BC4F80062187CDA
:10E8A00000F074FC114B124AC3F804250023AB8717
:10E8B000AB6385F84A3002F083FA074B28631022D5
:10E8C000C3F88061C4F804231E602B6E03B198471F
:10E8D000BDE8704000F01EBC00E100E00010004008
:10E8E0002C000089E81700202800002000F00140DB
:10E8F0000000020C014B83F825007047E817002048
:10E90000034B020E0002C3F82425C3F81C05704710
:10E9100000100040044B054A034482F826001B7E89
:10E9200003F51663138570475C7F0500E817002028
:10E9300010B504460068FFF7E3FF094B6268C3F8AF
:10E940003C25207AFFF7E6FF617A6089FFF704FF34
:10E95000607AFFF7D9FC034B227B83F8252010BD9A
:10E9600000100040E8170020F8B5294C94F84A3010
:10E97000DA0706460F4604D440F6BE013E20F9F7FA
:10E9800009FB244DD5F8002243F0020342F00102B6
:10E99000C5F8002284F84A3020BB012394F82610E1
:10E9A000A3703846FFF756FDA378012B02D040F63E
:10E9B000CA01E3E7184AD3642B60174BD3F84C55D0
:10E9C00030462946FFF7EAFC236BED1AEEB9134BEC
:10E9D00033F817304FF47A7203F5FA73B3FBF2F39E
:10E9E0005819F8BD0128E8D1022394F82610A37025
:10E9F0003846FFF773FDA378022B02D040F6D20110
:10EA0000BCE7054BDE646E60D7E705F12900E8E757
:10EA1000E81700200010004000800040D47F05006F
:10EA200008B5FFF783FD58B9064BC3F84005A3F5B9
:10EA3000E04301221A610220BDE80840FCF726BA33
:10EA400008BD00BF0080004037B5244B2449D3F8EF
:10EA5000044302224FF0FF30C3F80803C1F88021BD
:10EA60002049C3F80022002281F84A201E49C1F83B
:10EA7000402501F5B8314FF46025C1F80855D3F8A9
:10EA80005015C9B204F01004D1B18DF80700C3F8D5
:10EA9000102101221A619DF8072012B1D3F810212C
:10EAA0003AB19DF807305BB940F6F2113E20F9F714
:10EAB00071FA9DF80720013AD2B28DF80720EAE7F3
:10EAC000FFF794FC05490023C1F81031FFF7E8FB7C
:10EAD00014B11023C1F8043303B030BD001000405E
:10EAE00000E100E0E81700200080004038B51B4D31
:10EAF0000024C5F84845C5F84445C5F84045C5F863
:10EB00004C45FFF7A1FF00F00BFB154B15491A6CA4
:10EB10001C6442F0446242F40032C1F80825C3E9A3
:10EB20000D441C77104BC5F848450222C5F84445F2
:10EB3000C5F84045C5F84C45C5F84841C5F84441BD
:10EB4000C5F84041C5F84C41C3F88020BFF34F8F52
:10EB5000BFF36F8FC3F8802138BD00BF0080004035
:10EB6000E817002000F0014000E100E0014BC3F88D
:10EB70003C0570470010004010B50FC8014C84E8F8
:10EB80000F0010BD4C18002008B50B4BC3F804054E
:10EB90000A4B93F84A20586442F0010283F84A2055
:10EBA000FFF7CAFB30B9FFF74FFFBDE8084003206D
:10EBB000FCF76CB908BD00BF00100040E81700204A
:10EBC000154B1A6B10449A6B824210B504D340F671
:10EBD000A8213E20F9F7DEF9104A186201211977C1
:10EBE0005164D2F844450534844205D30C4BD3F824
:10EBF000042102B9196110BD0021C2F84411C2F804
:10EC000044051A6C42F480021A64064B4FF48002E9
:10EC1000C3F80425EFE700BFE8170020008000409C
:10EC20000010004000F0014010B50E4C034694F86F
:10EC30003D0094F83C100222012822774FF0960004
:10EC400094F824200BD100F0D5F9074A2062002364
:10EC5000C2F84431A36B0344C2F8443510BD00F040
:10EC6000E3F9F2E7E817002000800040044BC3F806
:10EC70006005D3F8002242F04002C3F8002270473A
:10EC800000100040054BD3F8002222F04002C3F8E8
:10EC900000220022C3F86025704700BF001000402A
:10ECA0000A4A0146D2F81C0182B068B1D2F8483550
:10ECB00003F07F035B420B700023C2F81C31D2F8D3
:10ECC0001C310193019B012002B0704700100040ED
:10ECD0000022044B90421A7014BF02220122D97004
:10ECE0005A707047E8170020054B0022C3F84025F2
:10ECF000044AD2F85035DBB20BB1012313617047DF
:10ED0000008000400010004030B5044BD3E91445AA
:10ED10009B6DC0E900450B6030BD00BFE8170020C7
:10ED20002DE9F047954D964C0123EB64D5F84C2521
:10ED3000236BB4F84870A2EB030802F047F8C4F85C
:10ED40005880C4E91401FFF751FB8E4B226CC3F8C5
:10ED5000082500218C4A2164D2F8003223F48E73F6
:10ED600023F00103C2F80032237F84F84A1023B154
:10ED7000D5F844315B1A18BF0123A17801290AD1C3
:10ED8000D2F80C51002D43D17F4BD3F81031A3B1F1
:10ED900045F0100511E0022938D17B4AD2F80C5118
:10EDA000D2F80024003D18BF01256D00D10758BFDF
:10EDB00045F0040533B345F00105FFF761FAEA06B3
:10EDC000A37803D5012B08BF45F020056B4A94F8C2
:10EDD0000190D2F84815A163D2F8442584F83D305B
:10EDE00094F82430626384F83C30B9F1000F11D1FB
:10EDF000FFF756FA84F81C90EE0740F1A280636E8C
:10EE0000984763E015F00B0FD7D1BDE70025BBE7AE
:10EE10000825D2E715F0110F0ED123792678B9F124
:10EE2000010A18BF4FF0010A012B67D0022B7AD0DC
:10EE30002BB14FF4446169E0FFF706FEDCE7962151
:10EE40005046FFF735FA0146FFF72AFA012E74D132
:10EE5000B9F1010F14BF252337239844884567D99A
:10EE60000220FCF713F8484B1E61A8076BD5FFF78B
:10EE7000E7F9E0B9FFF7F4F9C8B9434BD3F85034D8
:10EE8000D90114D51A0705D013F0F00F02D013F4EE
:10EE9000706F0CD13C4AC3F304410129D2F85424C9
:10EEA00005D1012A03D0C3F34253022BA7D9636CC7
:10EEB0005B78BB4288BF45F00405C5F3800080F055
:10EEC0000100A36E314600F001009847A378022BA1
:10EED00012D1237F83B1022B284A43D1A36B216A2D
:10EEE0000B44C2F84435236C43F480032364254B60
:10EEF0004FF48002C3F80425BDE8F0872348FFF7EC
:10EF000017FD94F83D3023B940F6B5013E20F9F7DE
:10EF100041F8012B04D1FFF7FBFBA369C11893E76C
:10EF2000FFF7DAFBF9E71948FFF702FDA1698BE764
:10EF3000124B26700022C3F84021E2785046FFF7BA
:10EF40006FFD002691E715F0280F05F0200105D090
:10EF5000B1FA81F1E36E49093046B6E7EB06B5D563
:10EF6000236F4DE7012B02D040F69F51CEE7236A75
:10EF7000A16B8B42B5D84FF45A61C7E700800040BF
:10EF8000E817002000F0014000100040F0170020BA
:10EF9000024B03EB8003186C704700BF5C7F0500D9
:10EFA000024B03EB8003D86C704700BF5C7F050009
:10EFB000024BC0B2C3F80C05704700BF0010004000
:10EFC000054B33F8113002384FF47A7203F2E7330D
:10EFD000B3FBF2F318447047C07F0500044B4FF4B5
:10EFE0007A7233F81130B3FBF2F3013318447047EF
:10EFF000C07F050038B51D460A4B33F8114003EBBE
:10F00000820305359B681C4404F6B7344FF47A73C9
:10F0100003FB00441046B4FBF3F4FFF7B9FF2544AB
:10F02000284438BDC07F050070B506460846154621
:10F03000FFF7B6FF094B03EB85039C684FF47A7327
:10F0400004F6B73403FB0644241A2846B4FBF3F451
:10F05000FFF79EFF0530204470BD00BFC07F050054
:10F060002DE9F04F264C87B0074698460D461646C8
:10F0700002F0F2FB2378BB42814611D16378AB42A8
:10F080000ED194F90230B3420AD1E378834207D11A
:10F09000A388A8F8003094F9060007B0BDE8F08F07
:10F0A0007B1EDBB2032B0DD8164A12F803A02946AB
:10F0B0000DF117033246504602F0D4FB38B141211E
:10F0C000A92002E040F2FE410620F8F763FF03901A
:10F0D00028469DF917B0FFF7E9FA039A0092034614
:10F0E00052464146584600F03FF8B8F80030A0714B
:10F0F000A38027706570A67084F80390CBE700BFEB
:10F1000040000020E07F0500014B1B681B6818478A
:10F11000D8020020014B1B685B681847D80200200A
:10F12000014B1B689B681847D8020020014B1B68E5
:10F130001B691847D8020020014B1B685B69184700
:10F14000D8020020014B1B689B691847D802002099
:10F15000014B1B68DB691847D8020020014B1B6874
:10F160009B6A1847D802002030B4044C9DF8085020
:10F1700024680295E468A44630BC6047D8020020A9
:10F18000014B1878704700BF741F002010B5002293
:10F190000C49134640FA02F4E40744BFCA545C1C0D
:10F1A00002F1010248BFE3B2042AF3D1054AFF2469
:10F1B000D118032B01D9107110BD013301F8014B97
:10F1C000DBB2F6E7801F002008B5074801F0F6F92A
:10F1D000054800F039F801F099FE01F07BFE00F0DF
:10F1E000A1FC012008BD00BF8419002008B501F072
:10F1F000C1F901F02FFF01F00BFFBDE8084000F05E
:10F20000ADBC00BF02F01EB801F00ABA10B5EFF3B2
:10F21000108472B601F004FA04B962B610BD00BFE2
:10F2200001F010BA02F0ECB802F082B902F094B921
:10F2300002F0E2B902F0E6B902F0A6B808B527215B
:10F24000032003F0F9F800BF024B186000221A7186
:10F250009A6070478C19002070B582B01E4C2379DB
:10F26000012B11D0DAB2022A0BD1A0680DF10701EF
:10F2700000F08CFC0023A36023719DF8070002B00E
:10F2800070BD012002B070BDA0680DF1070100F053
:10F2900073FCA5686B7DDB07ECD5AB7F042BE9D055
:10F2A00001F014FA06460028E4D001F015FA2A69A4
:10F2B000B3682E686D68961945F1000500220A337F
:10F2C00042F100021B1842EB0102B342AA41D1D322
:10F2D000A06800F03FFDCDE78C190020837F0BB1C3
:10F2E0000020704710B50A684B688C68D1F80CC0D4
:10F2F000C0F80CC08460026043600A694B694361D6
:10F30000012402618477054B1A792AB998601C712F
:10F3100001F078F9204610BDFFF790FF8C1900200E
:10F3200070B5044682B00D4601F0D0F9A37F012BE1
:10F3300017D02B686A68A9680646E868E060A16093
:10F34000236062606A692B69626101222361A2778E
:10F350000DF10701204600F00FFC2EB1012002B094
:10F3600070BD002002B070BD024B0421186807F088
:10F3700067FDF3E78C19002070B5044682B00D4696
:10F3800001F0A4F9A37F012B1CD02B686A68A9683F
:10F390000646E868E060A160236062606A692B69E4
:10F3A000626101222361A27720460DF1070100F07E
:10F3B000E3FB084C4EB12068062107F041FD012017
:10F3C00002B070BD002002B070BD2068042107F0BB
:10F3D00037FDF0E78C190020024B0621186807F072
:10F3E0002FBD00BF8C19002010B5EFF3108472B64A
:10F3F00001F06CF938B1064B0621186807F020FDC2
:10F4000004B962B610BDC921032003F015F800BF8E
:10F410008C19002010B5084B1A7952B9044698602F
:10F4200002221A7101F0EEF8A07FB0FA80F04009D4
:10F4300010BDFFF703FF00BF8C19002038B5837F94
:10F44000C3B1044609E0A37F042B09D0A37F012B9D
:10F4500011D007F04EFDA37F63B1A37F032BF2D140
:10F46000EFF3108572B6204600F0AEFB05B962B628
:10F47000A37F2BB938BD4FF48971032002F0DCFF64
:10F4800040F20D11032002F0D7FF00BF38B5194B31
:10F490001A7962BB0446986002221A7101F0B2F830
:10F4A000A37F5BB938BDA37F032B0BD0A37F042BB5
:10F4B00008D0A37F012B15D007F01BFDA37F002BE5
:10F4C000F1D1EFE7EFF3108572B6204600F07CFB38
:10F4D00005B962B6A37F002BE4D040F20D110320E2
:10F4E00002F0AAFF4FF48971032002F0A5FFFFF795
:10F4F000A5FE00BF8C19002010B582B00DF10701E8
:10F5000000F044FB044601F0E1F810B1204602B0DF
:10F5100010BD40F22F11032002F08EFF70B50D4692
:10F52000044601F0D9F8A4680346E41841F1000646
:10F5300028463346224600F09FFBA04271EB0603AB
:10F540004FF000050CD3001B6FF0010361EB0601C7
:10F55000834275EB010100D370BD4FF0FF3070BDE9
:10F56000284670BDF8B504460E46EFF3108572B616
:10F5700001F0B2F8A468241841F1000730463B4678
:10F58000224600F079FBA04271EB07034FF0000622
:10F590000ED3001B6FF0010361EB0701834276EB92
:10F5A000010102D305B962B6F8BD4FF0FF30F9E7AB
:10F5B0003046F7E72DE9F04185680C4600234919EC
:10F5C0005B4113B10020BDE8F0811746064601F00B
:10F5D00083F82A1841F100033846A51843F10008C2
:10F5E00000F04AFBA84271EB0801EBD301F02AFEC0
:10F5F00000F0E8FAB368377523440120B360BDE832
:10F60000F08100BF2DE9F843EFF3108872B68468EB
:10F6100063184FF000035B4133B10020B8F1000FD5
:10F6200000D162B6BDE8F88317460D46064601F0E4
:10F6300053F8221841F100033846AC1843F1000991
:10F6400000F01AFBA04271EB0901E6D301F0FAFDCC
:10F6500000F0B8FAB36837752B440120B360DDE7DA
:10F66000837F012B01D00020704700F019BC00BF40
:10F67000D0E90001704700BF0069704701F02CB865
:10F6800010B5EFF3108472B601F026F804B962B633
:10F6900010BD00BF80687047007D7047F8B50369F2
:10F6A000002B4ED1044601F0CDFD05460E4602F07A
:10F6B000DDFC78B3D4E90003643546F10006A842C6
:10F6C00073EB060223D3C4E90003EFF3108672B68E
:10F6D00000F0FCFF054698B100F0FEFFAB68002289
:10F6E0000B3342F100021B1842EB0101D4E9000286
:10F6F000834271EB02053CBF03461146C4E9003169
:10F7000006B962B62046BDE8F84000F04BBB28467B
:10F710003346D8E702F0C6FC074600F0F3FFB842D4
:10F720002168626838BF3846963546F100064019B0
:10F7300046F10003884273EB02053CBF08461346BE
:10F74000C1E740F2D511032002F076FEF8B5254C52
:10F7500000222260EFF3108172B66368236062605A
:10F76000A26009B962B623686BB300259A79032AAF
:10F77000A3F1180028D01F6877B3BA79042AA7F13B
:10F78000180384464FF000060FD1818B9A8B521AD2
:10F7900012049A6944BF0CF11806184642B19C46FF
:10F7A000A2F118039A7F042AEFD09B7F032B15D177
:10F7B00096B133681B683360C36885770221984728
:10F7C0002368002BD2D1F8BD196853F80C2C9D7119
:10F7D000216001219047F3E72760EDE763219F2037
:10F7E00002F02AFE981900202DE9F84F3A4B4FF00D
:10F7F0000008C2F80080D3F80CE0BEF1000F5ED024
:10F80000AEF1180CE1469246D9F81850002D45D0BB
:10F81000DCF8004055F8186CDCF8042055F8147C2E
:10F82000A64277EB0203A5F1180E50D3844272EB87
:10F8300001030BD2DCF810301B1942F10002984290
:10F840001C4671EB02033CBF04460A46864277EB36
:10F8500001030BD255F8083C9B1947F10007984269
:10F860001E4671EB07033CBF06460F46DCF8083026
:10F870000A3348F1000B1B1942EB0B029E4277EB57
:10F8800002020BD29CF8143015F8042C9A4209D0CD
:10F890000ED3F146D9F81850002DB9D1E64670467E
:10F8A000BDE8F88FAB88BCF81C209B1A1B04F0D570
:10F8B00009F11803CAF80030D9F8183013B97046A6
:10F8C000BDE8F88FF446A3F1180EF146E2E7BF2138
:10F8D0009F2002F0B1FD00BF981900202DE9F043F0
:10F8E000224EF4686CB30025A8460427AE46234692
:10F8F00053E906C2844572EB0109246823D253F808
:10F90000089C19EB0C0C42F1000284458A411AD282
:10F91000FDB12A6812682A609F71726883F800E05E
:10F9200083F801E083F802E083F803E07AB1B2687B
:10F930001360B3604FF00108002CD8D1B8F1000F6C
:10F940000DD1BDE8F0831D46002CD0D1F6E77360E1
:10F95000EFE7F268002ADFD01268F260DCE7044BC0
:10F96000BDE8F043187802F025BF00BF98190020C9
:10F97000210300202DE9F04F684B0468D3F80C8078
:10F9800085B0054682838A464068B8F1000F00F0D2
:10F99000BA800026A8F11802B446D2E900366F7D7D
:10F9A0009C4270EB060107F00107C1462AD3F7B16C
:10F9B00092F814C0297D8C4519D89168C91846F170
:10F9C000000311F10A0843F1000E444570EB0E06E6
:10F9D00057D22E69361940F1000CB0457EEB0C0B66
:10F9E00001D24646F4468E427CEB030C4FD393691A
:10F9F000944673B1A3F11802D2E900369C4270EB31
:10FA00000601D4D2C846002F00F085801346624616
:10FA100002E0C846002F57D0AE68361940F1000901
:10FA2000002B65D0CDE90082D3E9007116F10A0CF4
:10FA300049F10002BC458A4158D31A7D95F814C09B
:10FA4000944519D39A68D21941F1000112F10A08BC
:10FA500041F1000E444570EB0E0751D22F693F195A
:10FA600040F1000CB8457EEB0C0B01D24746F44642
:10FA700097427CEB010C0AD39B69002B36D0183BD4
:10FA8000D2E7264684468E427CEB030CAFD2234A53
:10FA90000423AB77516800232B766B76AB76EB763D
:10FAA00005F118021D4B002933D09B681A601C4BCE
:10FAB0001A4918788A6002F07DFE00258AF8005005
:10FAC00005B0BDE8F08F9369294641F8183F916170
:10FAD00003AA00210020FFF787FE2D1AB5FA85F54D
:10FAE0006D098AF8005005B0BDE8F08FDDE90082AD
:10FAF000002AE8D12B46094A43F8188FD360E7E77C
:10FB000027468446B4E76B7DDB07F3D54246434680
:10FB100082E75A60CBE76246EAE700BF9819002007
:10FB20002103002010B50A4C2378FF2B0AD1094885
:10FB300002F016FE084B20700022DA605A609A60CC
:10FB40001A8210BD4FF484719F2002F075FC00BF33
:10FB5000210300204DF702009819002010B5054C34
:10FB60002078FF2800D110BD02F014FEFF2323707F
:10FB700010BD00BF21030020034B1A8A02F1010CC3
:10FB8000A3F810C0F6E600BF9819002030B583B086
:10FB900004460D4601AA00210020FFF725FE03467A
:10FBA000E31AB3FA83F35B0905482B7004F11801DB
:10FBB00007F06CF910B10023A377012003B030BD2A
:10FBC000A41900208AE600BF70B5154E736805467B
:10FBD00000F11801BBB17368002423B913E01A685F
:10FBE0001C4682B113469942F9D10CB1AA69226030
:10FBF0007268914204BF1B687360B36899420AD06F
:10FC00000023AB7770BD064807F040F90028F9D013
:10FC10000023AB77F6E70023B460AB77F2E700BFD1
:10FC20009819002030B5054683B00C46FFF756FE04
:10FC300001AA28462146FFF7D7FD28B1054B00F160
:10FC400018025A6103B030BD024B02465A6103B03C
:10FC500030BD00BF9819002010B5064C616904F151
:10FC60000C0007F013F918B16069002318386361BC
:10FC700010BD00BF981900201C49C96839B3A1F113
:10FC8000180C9CF8141081421DD870B5DCE90041B5
:10FC900012F10A0543F1000EAC4271EB0E0620D2C0
:10FCA000DCF81060341941F10001AC4271EB0E0137
:10FCB00015D2DCF8181071B1A1F1180C9CF81410D1
:10FCC0008142F6D8E2E7DCF818100029D7D14FF0CE
:10FCD000FF30014670474FF0FF30014670BD2C46A3
:10FCE0007146B4F10A0041F1FF3170BD981900204E
:10FCF00010B5837F022B06D0837F012B02D0837F38
:10FD0000042B1DD110BD437D13F0020313D1032139
:10FD10000E4A81775468037600F1180143768376A2
:10FD2000C3765CB193681960094B9160BDE81040DF
:10FD3000187802F03FBD0023837710BD5160F3E7D0
:10FD40004FF4FB719F2002F077FB00BF9819002051
:10FD50002103002070B5114D00F11806044631460C
:10FD600005F10C0007F092F898B10423A3776A68B4
:10FD7000002323766376A376E37642B1AB681E60F8
:10FD8000074BAE601878BDE8704002F013BD6E609E
:10FD9000F6E74FF400719F2002F04EFB9819002007
:10FDA000210300202DE9F04F066983B0002E70D1A9
:10FDB000D0E900158368077DEFF3108472B6DFF891
:10FDC000DCC0DCF80C20002A5CD013F10A0EBCF871
:10FDD0001080CDF8048046F10006183AB046D2E90A
:10FDE000003611EB0E0A45EB08099A4579EB060C33
:10FDF00048D38B4276EB050C28D3D2F810C01CEB0D
:10FE0000030C46F1000BD4457BEB090B34BF4FF0DC
:10FE1000010C4FF0000CBCF1000F13D092F814C08D
:10FE2000BC4526D034BF4FF0010C4FF0000CBCF1A4
:10FE3000000F07D013F10A01936846F10005591825
:10FE400045F100059269EAB1183AC8E7D2F808A06E
:10FE500013F10A0C46F100091AEB0C0C49F10009E8
:10FE6000614575EB090934BF4FF0010C4FF0000CF0
:10FE7000D1E7B2F81CC0DDF80490ACEB090CCCF370
:10FE8000C03CD4E704B962B6C0E9001503B0BDE8D0
:10FE9000F08F40F21F219F2002F0CEFA9819002027
:10FEA00070B5054682B00C4601AA00210020AE8B39
:10FEB000FFF79AFC0346EB1AB3FA83F35B09104889
:10FEC0008DF8033005F1180106F0E0FF98B100232A
:10FED000AB77A446BCE80F002C460FC49CE8030097
:10FEE000324684E8030028460DF10301FFF742FD86
:10FEF000012002B070BD40F24A219F2002F09CFA1E
:10FF0000A4190020024B0521186806F099BF00BF14
:10FF1000B0190020042970B512D00CD905292ED1B2
:10FF2000194E757905F0FD05012D11D040F2BF1174
:10FF3000B02002F081FA0239012920D8002070BDDA
:10FF4000FFF78AF90028F9D00F4B01221A71F5E763
:10FF50000446B0790028E9D1B3689847D6E904018E
:10FF6000B3690A4AB571323841F1FF31C01841F125
:10FF7000000101F0F1F8064B2360022070BD40F251
:10FF8000C911B02002F058FAB019002005FF020094
:10FF9000F5020300054BD86910B1C3680621184764
:10FFA00010B540F28D21B02002F046FAB0190020C1
:10FFB0002DE9F8431646002B6AD0D3E90089804525
:10FFC00079EB01033CBF89468046474F04460D4606
:10FFD00040464946C7E9088901F08AFB3B8DB8EBEA
:10FFE000040403F1640369EB05050022A342AA415E
:10FFF0000FDBBB6903F5E1739C4275F1000519DA6B
:020000040003F7
:100000003A4A4046494601F0A7F8394B3360BDE80B
:10001000F883BA797B791AB39A1E012A1AD9B96979
:100020000022012B01F5E171BA7144D08C4275F1C7
:100030000005E5DB01F068FB02F012F8BB692B4A12
:10004000B8EB030069F1000101F086F8294B336039
:10005000BDE8F883BB68012098470023BB717B791A
:10006000BA69012B02F5E172114624D0032BDDD1D0
:10007000944275F1000522DA388D1C4AB8EB000075
:1000800069F1000101F068F81B4B3360BDE8F883AB
:10009000154FBB791BB17B79023B012B20D9002383
:1000A000BB7101F031FB01F0DBFF01F023FB134BCF
:1000B0003360BDE8F8838C4275F10005DCDB01F0AC
:1000C00023FB01F0CDFF388DBB698342B7D2B8EB7B
:1000D0000000064A69F1000101F03EF8084B95E77F
:1000E000BB6801209847DAE7B019002005FF02003D
:1000F000F5040300A5030300050103004504030004
:1001000075040300042970B5044612D00CD90529E2
:1001100031D11B4E757905F0FD05012D1DD04FF431
:100120000D71B02002F088F90239012923D800208E
:1001300070BDFFF791F80028F9D001F071F801F0D7
:1001400081F806460D46FFF76DFD22460346294617
:100150003046FFF72DFF022070BDB0790028DED1B8
:10016000B3689847D6E90801064AB57100F0F4FF74
:10017000054B2360EFE74FF40F71B02002F05CF9FC
:10018000B019002005FF0200F504030002392DE933
:10019000F04104292DD8DFE801F00309292C0C00D7
:1001A000164A5379003B18BF012393710020BDE824
:1001B000F081044600F09CFF01F044F80E4607462B
:1001C000FFF730FD0D4D8046E869FFF791FD2246AF
:1001D000384631464346002400260027C5E9086713
:1001E000EC61FFF7E5FE0220BDE8F081FFF734F88F
:1001F000DCE740F2EF11B02002F01EF9B019002048
:100200002DE9F04F364E96F80690B56983B08046DA
:10021000B9F1000F32D1737903F0FD03012B3ED009
:1002200001F010F8431941F1000204460F46184648
:10023000114601930092FFF7F5FC00283BD0D0E96E
:1002400000ABAA457BF10001DDE9002319D20020B3
:100250000146C6E90832234A00F07EFF504659465F
:1002600001F046FAB9F1000F02D0338D9D421CD047
:100270001D4BC8F8003003B0BDE8F08F4FF0000907
:10028000CEE7BAEB05006BF10001844277EB010386
:100290003CBF04460F46631947F10002D9E7328D8F
:1002A0009542994638BF1546BAE7104BC8F800305A
:1002B00003B0BDE8F08FB3791BB17379023B012B1A
:1002C00009D90023B37101F015FA094BC8F80030C1
:1002D00003B0BDE8F08FB36801209847F1E700BF95
:1002E000B019002005FF0200A503030075040300F8
:1002F00045040300023970B503294AD8DFE801F04C
:1003000005022407254B00221A71002070BD044607
:1003100001F002FA08B3214D2E796EBBFFF79CFC69
:1003200050B3E861C5E90B6600F0D6FEE869022328
:1003300083773146C3689847D5E90801FFF742FC47
:10034000174B2360022070BDFEF786FF0028DCD02B
:10035000124B01221A710020D8E700200021FFF77C
:1003600061FC08B1FFF7F6FC01F0CEF901F078FE70
:100370002046FFF745FFE5E700F064FF06460D461F
:10038000FFF750FC2246034629463046FFF710FE91
:10039000D8E740F2A511B02002F04EF8B0190020C5
:1003A0008D010300042938B5044621D01BD9052945
:1003B0003BD1204D01F0A0F901F04CFE6B7903F028
:1003C000FD03012B1ED000F03DFFAB691A4A323B02
:1003D00065EB0505181845EB010100F0BDFE174B54
:1003E0002360022038BD023901291ED8002038BD03
:1003F000FEF732FF0028F9D000F012FF2046FFF789
:10040000FFFEEEE7AB79002BDDD100F01BFF2A8D5C
:10041000AB699B1AC5E904011818074A41F10001AC
:1004200000F09AFE064B2360DBE740F26B11B02030
:1004300002F002F8B019002005FF0200F5020300E7
:1004400015FF0200032910B506D801290AD840F289
:100450001711B02001F0F0FF0429F8D10446FEF78F
:10046000FBFE08B9002010BD2046FFF7C9FE0220A0
:1004700010BD00BF042970B5044612D00CD905295F
:100480002CD1194E757905F0FD05012D14D040F2DF
:100490003311B02001F0D0FF023901291ED800200D
:1004A00070BDFEF7D9FE0028F9D000F0B9FE204655
:1004B000FFF7A6FE022070BDB0790028E7D1B3682F
:1004C0009847B369306A716A084AB571C01A61F118
:1004D000000100F041FE064B2360EBE740F23B11C8
:1004E000B02001F0A9FF00BFB019002005FF0200F5
:1004F000A5030300042970B504461FD019D90529A6
:100500002FD1FFF7A9FBF8B1184D0026E861C5E926
:100510000B6600F0E1FDE869022383773146C3688A
:100520009847D5E90801FFF74DFB114B23600220E6
:1005300070BD0239012914D8002070BDFEF78CFE71
:100540000028F9D000F06CFE00F07CFE06460D4657
:10055000FFF768FB2246034629463046FFF728FD91
:10056000E5E740F21721B02001F066FFB019002046
:100570008D01030010B5EFF3108472B60B4B0C4ADB
:100580001B681B6893420DD00A4A93420AD00A4A5C
:10059000934207D001F0B8F801F062FD01F0AAF82B
:1005A00000F03EFE04B962B610BD00BFB0190020D5
:1005B0004504030075040300A503030010B5054AB4
:1005C000054C026000232060637101F06BFD323046
:1005D000A06110BD45040300B019002008B5074B09
:1005E000074A19680968914202D13230986108BD02
:1005F00040F27221B02001F01FFF00BFB0190020AF
:100600004504030010B5EFF3108472B6034B0421C8
:10061000186806F015FC04B962B610BDB0190020C8
:1006200008B5064BDB6923B1BDE80840044A00F079
:1006300093BD40F29321B02001F0FEFEB0190020DE
:1006400095FF020008B5064BDB691BB1BDE8084009
:1006500000F0E6BD40F29921B02001F0EDFE00BFB0
:10066000B019002008B5054BDA690AB1D86208BD97
:1006700040F29F21B02001F0DFFE00BFB019002042
:1006800008B5054BDA690AB1186308BD40F2A52127
:10069000B02001F0D1FE00BFB0190020044B1B6B4D
:1006A00003B1184710B540F2AB21B02001F0C4FEF1
:1006B000B0190020044BDB6A03B1184710B540F2B3
:1006C000B121B02001F0B8FEB0190020014BD8696B
:1006D000704700BFB019002008B5054BDA6912B1A8
:1006E000D3E9080108BD4FF42F71B02001F0A4FE3A
:1006F000B0190020024B323158719A601985704749
:10070000B0190020044A537903F0FD03012B0CBFFC
:10071000108D0020704700BFB0190020054B1B68EA
:100720001BB1D3E908200521104710B576214520DB
:1007300001F082FEE8190020054B1B681BB1D3E9CC
:1007400008200421104710B57021452001F074FEE7
:10075000E81900202DE9F0412A4E2B4A06F1080342
:10076000C31ADB1002FB03F305460F46DBB206EBB0
:1007700043045A0094F80835C9B93368ABBBD6F8BE
:100780004835B3BB06F5A163134430601F48C6F873
:100790004835FFF767FF1E48FFF772FFD6F8483568
:1007A0005BB3FEF76BFF94F8093580462BB9D5E9AA
:1007B00008303946BDE8F0411847FEF733FD18F11F
:1007C0002008A8EB0000C6F84C0500F08BFD0028BF
:1007D000FBD0104B0022C3F8A8253946C3F8AC253E
:1007E000D5E90830BDE8F04118478E21452001F0D9
:1007F00023FE8F21452001F01FFE4FF4F6714520A6
:1008000001F01AFEE8190020CDCCCCCC390703004A
:100810001D07030000F00140FFF724BFFFF730BFC2
:10082000044B0021402203F5A1601960C3F848156C
:1008300002F0F2B8E8190020FEF7E4BC704700BFF0
:1008400008B5084B1A684AB1002107481960C3F877
:100850004815D060BDE80840FEF7BEBDC121452067
:1008600001F0EAFDE8190020550703001F280AD807
:10087000064B03EB400393F8082522B1002283F8CE
:100880000825012070470020704700BFE8190020AC
:1008900070B50023114C0D4602E00133202B19D016
:1008A00004EB430C9CF8082502F0FF01002AF4D168
:1008B000DEB2FF228CF8082503EB830304EBC304AC
:1008C000C4E90A050648202200EBC30002F0A4F8A0
:1008D000304670BD1E46304670BD00BFE81900208E
:1008E000F01900201F2812D810B40A4B03EB400463
:1008F00094F8084544B100EB800003EBC003C3E962
:100900000A12012010BC7047002010BC7047002064
:10091000704700BFE819002030B50A7887B000237F
:10092000CDE90033CDE90233CDE904330D46044669
:10093000002A3ED1D1E90401203841F1FF316B7A20
:100940009DF815200191C3F340035B0022F00302E0
:1009500043F0010313438DF815306B68174A297A69
:100960008DF8141020330293154B039353680090B5
:10097000C3F308038BB1103B5BB2002B13DB03F115
:10098000604303F5614393F800335B092BB9694673
:100990002046FEF7C5FC07B030BD69462046FEF78D
:1009A0009DFC07B030BD03F00F031A44137D5B09B3
:1009B000ECE7FEF727FC2B690493C0E700ED00E0AD
:1009C000550703001F285CD830B5044687B0344A69
:1009D00002EB400292F8083513B9002007B030BD91
:1009E0004B7A0D46C3F3800181F0010182F80915AD
:1009F0000022CDE90022CDE90222CDE904222A78A5
:100A0000002A46D128696969203841F1FF319DF8F3
:100A100015200191C3F340035B0022F0030243F071
:100A2000010313438DF815306B681E4A297A8DF83F
:100A30001410203302931C4B039353680090C3F3AC
:100A40000803A3B1103B5BB2002B1CDB03F1604336
:100A500003F5614393F800335B0943B9134804EB92
:100A60008404694600EBC400FEF75AFCB6E70F4861
:100A700004EB8404694600EBC400FEF72FFC07B0CA
:100A800030BD0020704703F00F031A44137D5B094B
:100A9000E3E7FEF7B7FB2B6904936B7AB7E700BF78
:100AA000E819002000ED00E055070300F0190020D0
:100AB0000D4A5368C3F308036BB1103B5BB2002BC4
:100AC0000BDB03F1604303F5614393F800335B09EB
:100AD0000BB9FEF711BDFEF79DBC03F00F031A44DE
:100AE000137D5B09F4E700BF00ED00E0124A536894
:100AF000C3F3080393B1103B5BB2002B15DB03F18A
:100B0000604303F5614393F800335B0933B90B4B42
:100B100000EB800003EBC000FEF7EEBC074B00EBE0
:100B2000800003EBC000FEF775BC03F00F031A440E
:100B3000137D5B09EAE700BF00ED00E0F01900203B
:100B400010B5027886B0FAB9D0E90431044640689D
:100B50000592203B00F1200041F1FF31009302900B
:100B6000237A8DF814306846CDE903220191FEF70F
:100B700095FDDDE9003220334FF0010042F1000223
:100B8000C4E9043206B010BD4FF4AA71452001F04B
:100B900053FC00BF0C4BD3F8483510B573B1044675
:100BA000FEF76CFD20344FF0000343F100032018E2
:100BB00043EB0101FEF728FB012010BD4FF4F67155
:100BC000452001F039FC00BFE819002008B54FF4BA
:100BD000BA71452001F030FC10B50B4C0A46D4F830
:100BE000481559B1034619462068FEF7E3FC08B9D9
:100BF000022010BDFEF714FB002010BD40F2791159
:100C0000452001F019FC00BFE819002010B51D4C6B
:100C10006368C3F3080386B053B3103B5BB2002B89
:100C20000A4628DB03F1604303F5614393F8003380
:100C30005B09EBB91169547A203900915169CDE90A
:100C40000433C4F340045368127A8DF8142041F140
:100C5000FF310D4A01916400203344F001046946DC
:100C6000CDE902328DF81540FEF7FAFC06B010BD52
:100C7000002006B010BD03F00F031C44237D5B0968
:100C8000D7E700BF00ED00E0550703001F2805D897
:100C9000244B03EB400393F808350BB90020704751
:100CA0000A4621494B68C3F30803002BF6D0103BDA
:100CB0005BB2002B2FDB03F1604303F5614393F834
:100CC00000335B09002BE9D110B5D2E9044186B0AD
:100CD000CDE9043392F809C0144B00EB8000203CAE
:100CE00003EBC000CCF3400C5368127A8DF814204B
:100CF00041F1FF310E4A01914FEA4C0C4CF0010CCE
:100D000020336946CDE9023200948DF815C0FEF714
:100D1000A7FC06B010BD03F00F0319440B7D5B095F
:100D2000D0E700BFE819002000ED00E0F019002036
:100D300055070300044BD3F8482512B11868FEF795
:100D4000ABBC0220704700BFE8190020024B0146EF
:100D50001868FEF7E3BB00BFE8190020FEF76EBB82
:100D60001F2808B50ED80C4B03EB400292F808255B
:100D70006AB1083300EB800003EBC000BDE8084017
:100D8000FEF75CBB40F2E511452001F055FB4FF446
:100D9000F371452001F050FBE819002008B5074B1E
:100DA000D3F848352BB1FEF769FC203041F1000142
:100DB00008BD4FF4F671452001F03EFBE819002014
:100DC000014BD3F84C057047E8190020FEF72EBA06
:100DD000704700BFFEF728BAFEF72ABAFEF72ABA14
:100DE00008B5FFF787FC002008BD00BF00F0AABCD3
:100DF00010B50C7886B064BB0492D1E90432059436
:100E0000203B164C009342F1FF324B7A019200EBEB
:100E1000800E04EB40020834C3F3400C04EBCE0018
:100E2000C3F380034C68097A8DF8141083F0010332
:100E30000B4982F8093520344FF00002CDE9024118
:100E40006CF3410269468DF81520FEF747FA06B0AB
:100E500010BD40F23121452001F0EEFAE8190020E2
:100E60005507030070B4EFF3108672B617490D787A
:100E7000ADB1174BD3F80445D3F848314FF6FF72A4
:100E800094421FD0E3B147F6FE739C4218D84B68DA
:100E9000013306B962B6C0E9004370BC70470C4A22
:100EA000D2F80445D2F8043153B14B6801334B609A
:100EB000C2F80451D2F80445D2F80431002BF4D121
:100EC0004B68E6E7002BFBD11C46F9E7381F0020F2
:100ED00000B0004010B50A4C002222742277094B62
:100EE000094801215960C3F84025C3F840214FF457
:100EF00000221961C0F8082501F0AAFC206210BD8B
:100F0000381F00200080004000F001403749384B76
:100F1000F0B44D6A374C002201204A605860986056
:100F2000C3F80843C3F84843C3F80421C3F8402179
:100F3000C3F84421C3F84821002D55D02E4C2F4E24
:100F4000C4F8A8652E4AC4F8AC55C4F85C394FF40F
:100F50000023C4F804350523C2F840351060D2F8E8
:100F60004031002BFBD02448002301244FF40025FE
:100F7000C0F808555460D460C2F84031C2F840351A
:100F8000C0F8A835C0F8AC35C0F8AC350B7833B331
:100F900091F82840184816491A4E1B4DE30003F1FA
:100FA000804303F5F8330122A2404FF6FF774FF458
:100FB0008024C0F80825C1F84443C1F84875C1F839
:100FC0000443C3F81065C3F81455C0F804250F4B4B
:100FD0004FF40062C3F88021F0BC1A607047044BE4
:100FE0000222C3F80423F2E71860CFE7381F00207D
:100FF00000B000400200070000F0014040810040C6
:101000000080004048B1004008B0004000E100E02E
:101010000D4B0E4A30B4012000210D4C58604FF4A6
:101020000025C3F84015C3F840114FF480711861D2
:10103000C4F80855C2F88011C2F88010BFF34F8F72
:10104000BFF36F8F30BC70470080004000E100E0CC
:1010500000F0014030B41B4A1B4C1C4D1C480023BF
:101060000121636051609160C2F80853C2F848538F
:10107000C2F80431C2F84031C2F84431C2F84831F4
:101080002278C0F8A835C0F8AC3572B194F82820A1
:101090009140D20002F1804202F5F832C2F81035D8
:1010A000C2F81435C0F8081523700A4B4FF40062DB
:1010B000C3F88021C3F88020BFF34F8FBFF36F8F39
:1010C00030BC704700B00040381F0020020007000D
:1010D00000F0014000E100E0044B4FF080411A6A4B
:1010E0000123C1F808351360704700BF381F002086
:1010F00010B4144C1449154A0023C4F8A835012033
:10110000C4F8AC354FF0FF3448600861C1F80843BB
:101110000F4891684FF48074C0F8804141B10D4987
:101120004FF48030C1F808031374C1F84031936064
:10113000126A10BC4FF080410023C1F808351360DB
:10114000704700BF00F0014000800040381F0020C1
:1011500000E100E000B0004070B52E4CA36888B0FC
:10116000002B51D10DF10B03009304ABA26003AA35
:1011700001F040F89DF80B300F2B06D9DDE9043261
:10118000013342F10002CDE9043206A8FFF76AFEFE
:10119000069B2678079800220533DDE9041542F105
:1011A0000002B6B94FF08076E0FB0632994275EB4B
:1011B000020220D30B0E43EA052321F07F41164A99
:1011C0004FF48030C2F84015E360C2F8040308B061
:1011D00070BD4FF48036E0FB0632994275EB020297
:1011E00009D30B0C4FF6FF7289B243EA054300297D
:1011F00008BF1146E3E7FF232374084B4FF4006256
:10120000C3F8002108B070BD40F26121052001F053
:1012100013F900BF381F002000B0004000E100E0DB
:10122000064B9A684AB106494FF48032C1F8082348
:1012300000221A74C1F840219A607047381F0020BC
:1012400000B0004038B5EFF3108572B621490C7834
:10125000BCB1214BD3F80405D3F848314FF6FF72E7
:1012600090422ED05BB347F6FE73984227D84C6865
:101270000134CDB100F07AFF184D0021E4FB0501E7
:1012800038BD154AD2F80405D2F8043153B14B6881
:1012900001334B60C2F80441D2F80405D2F804319E
:1012A000002BF4D14C681DB962B60B78002BE1D14C
:1012B0000B4D00F05BFF0021E4FB050138BD4C68DD
:1012C000D7E7002BFBD14C680DB92846ECE7034D5E
:1012D0001846EEE7381F002000B0004080841E0052
:1012E0000080841E70B5EFF3108672B6224C217810
:1012F00091B1224BD3F80405D3F848314FF6FF7271
:10130000904230D06BB347F6FE73984229D8656897
:101310000135A6B11A4E17E0184AD2F80405D2F8E2
:10132000043153B1636801336360C2F80411D2F829
:101330000405D2F80431002BF4D165681EB962B6F9
:101340002378002BE6D10F4E00F010FFD4E90C12E9
:101350000023E5FB0603884293412CBF01200020B7
:1013600070BD6568D5E7002BFBD165680EB93046C6
:10137000E5E7034E1846E7E7381F002000B00040BD
:1013800080841E000080841E194B1A4810B501226B
:1013900000214FF400245A60C3F84015C3F84011EF
:1013A0001A61C0F80845D3F8040520F00300C3F81B
:1013B0000405D3F8080540F003001021C3F8080520
:1013C00091FAA1F1B1FA81F109290CDC0A48C3F8BC
:1013D00010154FF48074DA60C0F8804104605A60E0
:1013E000DA601A6010BD05484FF4737101F01AF805
:1013F0000080004000F0014000E100E04C8D05005D
:101400002DE9F047444D454E012100234FF40022C1
:1014100084B06960C5F84035C5F840312961C6F827
:101420000825D5F8042522F00302C5F80425D5F8CF
:10143000082542F00302C5F80825102292FAA2F20C
:10144000B2FA82F2092A62DCC5F81025344ADFF8C4
:10145000D480E9604FF48070C2F880011060324A95
:101460006960E960C6F8A82598F80020C6F8AC5570
:1014700002A85AB3019304E00123C6F808A56B60E3
:10148000EB60FFF7EFFCDDE90243DDF804904FF479
:10149000002A4FF48037C6F804A5E3FB0749FFF79D
:1014A000E1FCDDE902320199E2FB0731494508BF61
:1014B000A342E1D1601C49F1000100F065FE024643
:1014C0000B46C8E90C2304B0BDE8F087019204E0A4
:1014D0000123C6F808A56B60EB60FFF7C3FCDDE9EC
:1014E0000243DDF804904FF4002A4FF08077C6F8ED
:1014F00004A5E3FB0749FFF7B5FCDDE902320199DA
:10150000E2FB0731894508BF9C42E1D1D2E7074899
:101510004FF4737100F086FF0080004000F001403E
:1015200000E100E0381F002000B100404C8D0500B4
:1015300010B5029C201841F10001801A61EB0301F3
:10154000B0F1004F71F1000100DA10BD40F231310D
:10155000052000F071FF00BF38B5EFF3108572B6BB
:1015600021490C78BCB1214BD3F80405D3F848319C
:101570004FF6FF7290422ED05BB347F6FE7398424F
:1015800027D84C680134CDB100F0F0FD184D002192
:10159000E4FB050138BD154AD2F80405D2F8043140
:1015A00053B14B6801334B60C2F80441D2F80405D3
:1015B000D2F80431002BF4D14C681DB962B60B7817
:1015C000002BE1D10B4D00F0D1FD0021E4FB050122
:1015D00038BD4C68D7E7002BFBD14C680DB92846C5
:1015E000ECE7034D1846EEE7381F002000B000403E
:1015F00080841E000080841E014B5861704700BF2C
:10160000381F0020F0B5304C636989B0002B55D0ED
:10161000EFF3108572B60DF10B03009303AA04AB30
:1016200000F0E8FD9DF80B300F2B06D9DDE9043200
:10163000013342F10002CDE9043206A8FFF712FCA3
:10164000069B2778079E05334FF00002DDE9041062
:1016500042F10002C7B94FF08077E6FB07329942AA
:1016600070EB020222D30B0E43EA002321F07F41EC
:10167000164AA3614FF40033C2F84415C2F804338C
:1016800005B962B609B0F0BD4FF48037E6FB07320A
:10169000994270EB020209D30B0C4FF6FF7289B22C
:1016A00043EA0043002908BF1146E1E7FF232377FF
:1016B000074B4FF40062C3F80021E1E740F24131EB
:1016C000052000F0B9FE00BF381F002000B0004028
:1016D00000E100E0014B1878704700BF381F002080
:1016E000024B01221A7083F828007047381F00202F
:1016F000704700BF704700BF024B0122C3F844236C
:10170000704700BF00B00040024B0122C3F84823DD
:10171000704700BF00B0004008B500F0A7FC30B92A
:10172000074A936B0133312B936304D808BD044BF4
:1017300000229A6308BD4FF46271052000F07CFE20
:10174000381F0020014B5862704700BF381F00202F
:1017500010B53F4C237882B0002B55D03D4BD3F8C9
:10176000042352035BD43B4BE168D3F80423D0033A
:1017700034D5D3F84031002B30D0636899425DD81E
:1017800000232374334AA168C2F840314FF48030FB
:10179000C2F80803002955D0A36088472D4BA169E2
:1017A000D3F80423920324D5D3F844310BB36368F0
:1017B0008B423FD300222277264B6169C3F8442134
:1017C0004FF40030C3F8080300293BD08847214B71
:1017D000D3F840310193019B02B010BD6268237CB5
:1017E000002BCDD19142D9D91A4B0022C3F8402108
:1017F000D4E76268237F002BDCD18A42E7D2154B05
:101800000022C3F84421E2E7124AD2F80411002969
:10181000A9D0C2F80431636801336360A3E7D3F849
:101820004821002A9FD00022C3F848216368013371
:10183000636098E7237F002BE1D0BBE7237C002B7C
:10184000D2D09DE740F2CA31052000F0F5FD00BF7F
:10185000381F002000B00040014B187D704700BFCA
:1018600060180020042810B511D883B104280CBFDB
:1018700010242824A1420AD2064C54F8200018B1A2
:1018800041568A42A8BF0A461A70002010BD6FF068
:101890001500FBE76018002030B50346114890F9A9
:1018A0001C209A4219DD90F924209A4217DA9A1ADC
:1018B000846AA05C0C4A15569D420DD00E32002958
:1018C00018BF01309442C0B206D129B1013BDBB24E
:1018D000012B01D80130C0B230BD0D20FCE7002043
:1018E000FAE700BF60180020E47F050008B5054B4B
:1018F00093F91C30984203DAFFF7CEFF024B1B56D8
:10190000184608BD60180020E47F050008B5184B94
:1019100093F82C20FAB9012283F82C20154A12687A
:10192000A2F10800082803D813490141C90709D5C5
:10193000911F092910D9013212D04FF4DF717420A0
:1019400000F07AFD0D4A9A62D8221A6283F82420A8
:1019500008229A611A7708BD094A0A41D207ECD4D5
:10196000084A9A62D8221A6283F824200422F0E7F7
:101970006018002038190020DEFEFFFF1F800500E0
:10198000EEFCFFFFF27F050010F0FF0008B508D164
:101990004FF0804301225A60C3F80001034B1870D6
:1019A00008BD8421B52000F047FD00BF8D18002040
:1019B000014B01221A7070478D18002008B548B9F4
:1019C0004FF08043D3F8003113B9044B187808BDA9
:1019D0000120FCE7D021B52000F02EFD8D1800205D
:1019E000044B1868062818BFB0F1FF3F0CBF012058
:1019F000002070473819002008B5094B1A680A2AD8
:101A000002D1084B1B6823B1FFF7EAFF08B9082A87
:101A100004D14FF080430222C3F8342C08BD00BF2C
:101A2000381900203C190020F8B50F4E0127375413
:101A300004460D4605F0C2F960B934B94FF0804351
:101A4000B7707560C3F80473F8BD4FF494716D20DE
:101A500000F0F2FC002DF7D01CB92046A8477460B6
:101A6000F2E740F24311F2E790180020044B1918F6
:101A700000228A7003EB80011A544A60704700BF4D
:101A80009018002010B5034CA08100F045FCE081C7
:101A900010BD00BF90180020014B188A704700BF8E
:101AA00090180020014B9889704700BF90180020C3
:101AB00010B5EFF3108472B6064B03449A7C0132E2
:101AC000D2B29A749B7C012B01D105F06BF904B959
:101AD00062B610BD9018002010B505F097F905F01A
:101AE0006DF94FF08044084940B1FFF785FF0123AD
:101AF000236104230B7500234B7510BD03230B7565
:101B00000123C4F80433F6E79018002010B5EFF372
:101B1000108472B6094B03449A7C22B940F26721C3
:101B20006D2000F089FC9A7C013AD2B29A749B7CB9
:101B30000BB9FFF729FF04B962B610BD9018002059
:101B4000024B187D003818BF012070479018002004
:101B500073B51B4DEB7D63B9686A00F0030005F0B7
:101B600045F930B1EFF3108372B62A7D1AB103B98B
:101B700062B602B070BD01222A7503B962B64FF099
:101B800080430822C3F808234FF42073ADF80630D1
:101B9000BDF80640A4B2631E9BB2ADF80630002C1F
:101BA000F6D14FF080460748C6F80C4105F083F99E
:101BB00085F82940FFF790FF0823C6F80433D8E7DB
:101BC00090180020B81800202DE9F347484CA37D59
:101BD000002B00F08A800323ADF804304FF08043DF
:101BE000D3F80051F5B9D3F80481B8F1000F09D04A
:101BF0004FF080430022C3F804210222C3F80823D7
:101C0000FFF7A6FF94F829603A484FF08047F6B2F4
:101C1000D7F80C8105F053F948B340F253316D20E9
:101C200000F00AFC00258DF804500122D3F804814D
:101C3000C3F808230DF10409271DA61C19F8010B90
:101C400003280AD0337843B13B684FF0000A86F886
:101C500000A013B19847C7F800A06B1C022B07F136
:101C6000040706F101064FF00105E7D1BDE745B1D4
:101C7000237D032B05D104232375FFF7BDFE01232C
:101C80003B61B8F1000F1FD04FF080430022C3F832
:101C90000C21237D042B02D040F27931BFE7164B93
:101CA0001A680A2A02D1154B1B6823B1FFF798FE68
:101CB00008B9082A04D14FF080430022C3F8342C1D
:101CC0000223237505F0A5F84EB1002384F82930CE
:101CD000237D022B01D1FFF7FFFE05F09AF805489E
:101CE00002B0BDE8F04705F0F9B802B0BDE8F087F2
:101CF00090180020B8180020381900203C19002046
:101D000010B5054C606A00F0030005F06FF800287C
:101D1000F8D0002010BD00BF90180020F8B505468F
:101D200050B10278042A07D8437842B9013B1F2BEF
:101D300002D88378212B07D96FF0150076E0002BAD
:101D4000FAD18378002BF7D17B4B0127C3F8807041
:101D5000BFF34F8FBFF36F8F4FF08046C3F8807192
:101D6000764C0B23C6F808330023C6F80031C6F8BA
:101D70000431C6F80C31A374E374AB88238205F0F8
:101D800020F808B12770A774D6F80C24D6F80C34C4
:101D9000D20303D5DF0701D5FFF70AFE4FF4AF608A
:101DA000FFF770FE2B78A978E37500226262217636
:101DB0006275042B4DD8DFE803F005033A484A006A
:101DC0000123636205F004F800284DD005F007F800
:101DD000636A03F00303984246D1AB79002B3DD1EF
:101DE000FFF78EFF237E6BB12B785BB904F0E6FF23
:101DF000054600F079FC6FF00043002D00F099805B
:101E0000C4E907034FF08043D3F80C24D3F80C3413
:101E1000D20303D5DB0701D5FFF7CAFD464A0123EC
:101E200000202075A375C2F880311360F8BD04F05E
:101E3000EDFF4FF08043D3F80C14D3F80C24CE03FD
:101E4000F9D5D007F7D50223BBE73D4BB9E73D4BAA
:101E5000B7E740F22E516D2000F0EEFA4FF08043CC
:101E60000222C3F80423BDE74FF080430122DA6069
:101E70000022C3F80421626AC3F81825324A1368A5
:101E8000A3F10E01012904D90A2B02D0FFF7A8FD06
:101E900048B14FF080534FF08041D3F84432C3F340
:101EA0004233C1F83C351368A3F10E02012A04D96C
:101EB0000A2B02D0FFF794FD20B14FF0804301229E
:101EC000C3F84C254FF0804301229A600222C3F8E8
:101ED0000423AA79002A85D1D3F80423910702D4D8
:101EE00040F2E141B7E7194A1669116941F0100162
:101EF0001161D3F8043106F010060BB904F0FBFFB2
:101F00004FF08047D7F8043183B1FFF7F9FE26B9C7
:101F10000E4A136923F0100313614FF0804302222D
:101F2000C3F808230022C3F804215BE704F0E1FFB3
:101F3000E8E7C4E9073065E700E100E09018002019
:101F400001000200010003003819002000ED00E04C
:101F500010B50D4C04F1280004F0B1FF48B9237D01
:101F6000022B01D1FFF7B8FDBDE81040074804F08F
:101F7000B5BF074A012384F82930BDE81040C2F8F4
:101F8000003104F043BF00BF90180020B8180020B3
:101F900000E100E038B50C4B0C46197919B18D21E0
:101FA0006F2000F049FA60B95D790DB1002038BDAD
:101FB00001225A71FFF77CFD21462846FFF734FDC8
:101FC000F4E76FF01500F2E7BC18002038B50B4DB0
:101FD0002B7904461BB1A4216F2000F02DFA50B9D3
:101FE0006B790BB9002038BDFFF740FD20466C71BE
:101FF000FFF78CFDF6E76FF01500F4E7BC18002042
:1020000010B501B3F0B14FF0FF33104A1C46E0FBAE
:102010000134944203D9E5216F2000F00DFA1A0D26
:1020200042EA0432C3F30F10094B00EB02404FF2B7
:102030002444B2FBF4F103FB1100B0FBF4F040EADE
:102040000140013010BD0846FCE700BF3F420F00D1
:10205000000024F4014B9B68184700BFBC18002007
:10206000014BDB68184700BFBC180020014B1B69FF
:10207000184700BFBC180020014B1B6A184700BF5F
:10208000BC180020014BDB69184700BFBC180020BA
:10209000034B1A790AB9FFF7FFBC988D704700BF50
:1020A000BC180020034B1A790AB9FFF7FBBC988AC9
:1020B000704700BFBC180020024B1B790BB9FFF71B
:1020C00047BD7047BC180020014B9B69184700BFF3
:1020D000BC18002010B5144C2379A3B1636A98474B
:1020E000002806DB94F82E3023B1012384F8323027
:1020F000002010BDFFF7E8FF0028F6DA40F2A51136
:102100006F2000F099F9094BA361094BE361094B7A
:102110002362094BA360094BE360094B2361FFF77E
:10212000FDFD0028E1D0E4E7BC180020011D0300FC
:10213000511F0300411B03000D6E0300136E0300CB
:10214000196E030038B5084B1D79044625B140F2DD
:10215000F9116F2000F070F9FEF740FA2046FFF702
:1021600091FC284638BD00BFBC18002043F6095238
:10217000C0F3080302FB03F3400A03F5807302FB7C
:1021800000F000EB5320704710B5C0F34E22C0F3AF
:102190000804000E40EA012043F60953090E03FB30
:1021A00004F403FB02F24FEA401E4B01BEEB000EAB
:1021B00043EAD06304F5807402EB542263EB01041C
:1021C0004FEA841C4FEA8E13B3EB0E034CEA9E6C6D
:1021D0006CEB040C4FEACC0C4CEA537CDB001B1874
:1021E00041EB0C01D803C903101841EA534141F1F6
:1021F000000110BD2DE9F04180460C4617461E46F1
:10220000FFF768FAD0B13D4B9C426FD83C493D483E
:102210004FEA585242EAC422A1FB0243C8F34F14CA
:102220009B0B04EB024400FB1344A1FB0414A40B1E
:1022300044EA0344344B03FB148819E0334B9C42BB
:1022400058D82F492F484FEA587242EAC402A1FBDE
:102250000243C8F34F349B0B04EB024400FB1344CE
:10226000A1FB0414A40B44EA0344294B03FB148888
:1022700048F237624FEA583302FB03F31B0C43F674
:102280000952244D02FB138101FB05F56D0D05FB81
:1022900002F205EB432502F574530833B1EB532FDB
:1022A00021D802F58072A1EB5221C9B2069B1970A8
:1022B000FFF710FA58B123045D194FEA144444F1B2
:1022C0000004C6E90054C7F80080BDE8F081230689
:1022D0005D194FEA142444F10004C6E90054C7F81C
:1022E0000080BDE8F08101350021DFE79D219B20C2
:1022F00000F0A2F8A6219B2000F09EF87F841E002B
:1023000083DE1B43000024F480841E00FF7F841EB4
:102310000080841E6F0C0100420B48F2376303FB00
:1023200002F2120C43F6095C084B0CFB120101FB94
:1023300003F303F586336E335B0D0CFB03FC500295
:10234000B1EB5C2F88BF0130184470476F0C01005F
:10235000014B1879704700BFF4180020044B1A791C
:10236000824283BF1B68302202FB0030002070478E
:10237000F4180020BFF34F8F0549064BCA6802F4DA
:10238000E0621343CB60BFF34F8F00BFFDE700BF98
:1023900000ED00E00400FA05094B01225A604FF0FD
:1023A000FF32C3F80823074B4FF48042C3F8802064
:1023B000BFF34F8FBFF36F8FC3F88021704700BF0B
:1023C00000E0004000E100E0094B01225A604FF0BC
:1023D000FF32C3F80823074B4FF48052C3F8802024
:1023E000BFF34F8FBFF36F8FC3F88021704700BFDB
:1023F00000C0004000E100E0084B0022C3F8FC2FC1
:102400000122C3F8FC2F064B0222C3F88020BFF341
:102410004F8FBFF36F8FC3F88021704700100040CB
:1024200000E100E008B572B6024B5B6803B1984763
:10243000FFF7A0FFFC1800201FB572B6134B5D68B4
:1024400095B9FFF797FF2346B2FBF6F25C1C002A12
:10245000F9D104AEDCB256FA83F303F80C2C0A224D
:1024600034B901A8A847ECE7024600230A26EDE7A5
:10247000631E04AEDCB256FA83F3B0FBF2F602FB45
:102480001600303003F80C0C3046E9E7FC18002049
:10249000F8B51F4E337805460C461746A3BB00F02F
:1024A000CBF9FFF733FA77603472FFF7A5FFFFF738
:1024B0008BFFFFF771FF174B002D14BF28461846FE
:1024C000FFF708FE0546E8B9FEF7AAF9FFF7F4FDA5
:1024D00004F0A5FCFCF778FE18B9BE211120FFF727
:1024E000ABFF002C0CDB04F01F026409A40004F114
:1024F000604404F5614401239340C4F880312360B3
:10250000012333702846F8BD4FF0FF35FAE700BFCE
:10251000FC18002050800500074B93F90830002B71
:1025200009DB5A09012103F01F03994002F140031E
:10253000024A42F823107047FC18002000E100E036
:10254000014B1878704700BFFC1800202DE9F047B8
:10255000DFF8CC90334C344D344F82B00246012624
:1025600099F800805FFA88F8FF2389F80030B8F105
:10257000000F01D089F80130EFF3108172B600230B
:102580006660C4F80031C4F80431C4F8042526603C
:1025900039B962B605E0D4F8043133B92B69DB06EA
:1025A00021D4D4F80031002BF5D0D4F80431002B1D
:1025B000E2D1B8F1000F13D199F80130DBB289F8FC
:1025C000018003204FF48041C4F80803C4F804815B
:1025D000C4F80081C7F8801189F80080002BBFD1B2
:1025E00002B0BDE8F0874FF48043C7F88031EFF3C5
:1025F000108A72B60323C4F80433D4F8003113B937
:10260000D4F804311BB1BAF1000FCAD1C1E701926D
:1026100004F06FFC019ABAF1000FC2D1B9E700BF14
:102620000819002000E0004000ED00E000E100E0BB
:1026300070B51446DA078CB01D4686468C4633D5F5
:10264000C36842681BBA0093CB681BBA04938368C3
:102650001BBA019303681BBA03938B6812BA1BBAA7
:10266000029205934A680B6812BA1BBA6E4606922C
:1026700007933046FFF76AFFAB070DD5DDE90A1077
:10268000DDE9083200BA09BA12BA1BBA20606160EB
:10269000A260E3600CB070BD08AD0FCD206061603A
:1026A000A260E3600CB070BDDEF80410DEF8082014
:1026B000DEF80C300068EE46AEE80F00DCF80000F3
:1026C000DCF80410DCF80820DCF80C306E46AEE8CC
:1026D0000F00CEE710B5002482B0CDE90044FFF72B
:1026E000A7FF02B010BD00BF1A4B4FF4805270B567
:1026F000C3F88020BFF34F8FBFF36F8F164C174D79
:102700000021C4F80011C3F880212E692B6943F021
:1027100010032B610123C4F8043306F01006236074
:10272000D4F800319BB11EB92B6923F010032B6143
:102730000123D4F808056360C4F808330023C4F803
:102740000031044B4FF48052C3F8802170BD04F077
:10275000D0FBE5E700E100E000C0004000ED00E054
:102760000B4938B5042301EBC302157905F0FF04CA
:102770002DB1013BF7D240216920FFF75DFE41F802
:1027800033000121547194711171D8B238BD00BF6A
:102790000C190020042808B503D947216920FFF748
:1027A0004BFE034B03EBC00300221A7108BD00BFB0
:1027B0000C190020042808B503D950216920FFF71F
:1027C0003BFE094B03EBC0000379012B01D05121E3
:1027D000F4E7437982790133DBB29A4218BF43713F
:1027E000BDE80840FFF798BE0C19002038B5114D20
:1027F000052495F8281005EBC1031A79012A09D19F
:1028000058799A79904205D05A79D2B29A7155F88E
:102810003130984795F828300133DBB2052B04F1AD
:10282000FF3428BF002314F0FF0485F82830E0D1DE
:1028300038BD00BF0C1900204FF08052034BD2F876
:1028400030111960D2F834215A60704738190020CD
:10285000084B1B68083B082B0AD840F2211222FAC9
:1028600003F313F0010F044B044818BF18467047D8
:10287000024870473819002000E701400C0500406D
:10288000144B1B68062B03D0013301D020BF7047C7
:10289000EFF3108072B6104A1369116941F010010C
:1028A00011610E49D1F80021D1F804110A4303F057
:1028B000100300D040BF20BF00BF00BF00BF00BF5B
:1028C00023B9054A136923F01003136100B962B6F6
:1028D000704700BF3819002000ED00E000E100E083
:1028E000914270B53FD2B2FA82F33BB1C3F12004FA
:1028F00020FA04F49940214398409A40150CB1FB0A
:10290000F5FC05FB1C1E4FEA0E4E030C84B20EEBC9
:1029100010401FFA82FE0CFB0EF6864206D9361ACC
:10292000964294BF01260226ACEB060C03EB014352
:102930000CFB1233B3FBF5F005FB103304EB03443F
:1029400000FB0EFEA6454FEA0C4C09D9AEEB040E77
:10295000964594BF4FF0010E4FF0020EA0EB0E0013
:1029600040EA0C0070BD73219620FFF765FD00BFA3
:102970002DE9F8431C4652EA040349D007461546A0
:102980000E4684B9914204D2FFF7AAFF2146BDE862
:10299000F88321463046FFF7A3FF04462A4638460F
:1029A00004FB1561F0E74FF00108B4FA84F908FA66
:1029B00009F3A3FB021220FA08F003FB042240EA09
:1029C000C67026FA08F1FFF78BFFC9F11F0230FA33
:1029D00002F34FF0000C08D140461946AF42A64121
:1029E0003CBF18466146BDE8F8835A1E61466CEB51
:1029F0000C0C05FB0CFE02FB04EE18461346A5FB6F
:102A00000228BA1A0EEB080766EB07061746E5E739
:102A1000A6219620FFF710FD10F0030FC9B2034660
:102A200007D0BAB303F8011B13F0030F02F1FF3212
:102A3000F7D170B5032A01EB012404EB04441ED93D
:102A4000161FB508032E05F1010521D94FEA550ED1
:102A500003EBCE0E9C46CCE900440CF1080CF44587
:102A6000F9D115F0010F04D025F0010503EB850520
:102A70002C6026F003060433334402F0030232B123
:102A8000012A197003D0022A597018BF997070BDBD
:102A90001D46EDE7704700BF844641EA000313F08E
:102AA00003037DD1403A51D3F0B4F0C9F0C0F0C96E
:102AB000F0C0F0C9F0C0F0C9F0C0403AF5D2F0BCA7
:102AC00044E0403A42D300BF51F8043B40F8043B95
:102AD00051F8043B40F8043B51F8043B40F8043BF8
:102AE00051F8043B40F8043B51F8043B40F8043BE8
:102AF00051F8043B40F8043B51F8043B40F8043BD8
:102B000051F8043B40F8043B51F8043B40F8043BC7
:102B100051F8043B40F8043B51F8043B40F8043BB7
:102B200051F8043B40F8043B51F8043B40F8043BA7
:102B300051F8043B40F8043B51F8043B40F8043B97
:102B400051F8043B40F8043B403ABDD2303211D337
:102B500051F8043B40F8043B51F8043B40F8043B77
:102B600051F8043B40F8043B51F8043B40F8043B67
:102B7000103AEDD20C3205D351F8043B40F8043B37
:102B8000043AF9D2043208D0D2071CBF11F8013B35
:102B900000F8013B01D30B8803806046704700BFFB
:102BA000082A14D38B078CD010F0030389D0C3F10B
:102BB0000403D21ADB071CBF11F8013B00F8013BEC
:102BC000FFF47FAF31F8023B20F8023B79E7043A8B
:102BD000D8D3013A11F8013B00F8013BF9D20B7848
:102BE00003704B7843708B7883706046704700BFEA
:102BF00081F0004102E000BF83F0004330B54FEAAE
:102C000041044FEA430594EA050F08BF90EA020F1A
:102C10001FBF54EA000C55EA020C7FEA645C7FEAAD
:102C2000655C00F0E2804FEA5454D4EB5555B8BFD0
:102C30006D420CDD2C4480EA020281EA030382EA41
:102C4000000083EA010180EA020281EA0303362DD3
:102C500088BF30BD11F0004F4FEA01314FF4801CA6
:102C60004CEA113102D0404261EB410113F0004FB8
:102C70004FEA03334CEA133302D0524263EB43036F
:102C800094EA050F00F0A780A4F10104D5F1200E0D
:102C90000DDB02FA0EFC22FA05F2801841F1000168
:102CA00003FA0EF2801843FA05F359410EE0A5F13C
:102CB00020050EF1200E012A03FA0EFC28BF4CF06D
:102CC000020C43FA05F3C01851EBE37101F0004523
:102CD00007D54FF0000EDCF1000C7EEB00006EEB30
:102CE0000101B1F5801F1BD3B1F5001F0CD34908BA
:102CF0005FEA30004FEA3C0C04F101044FEA445211
:102D000012F5800F80F09A80BCF1004F08BF5FEA97
:102D1000500C50F1000041EB045141EA050130BD77
:102D20005FEA4C0C404141EB0101013C28BFB1F589
:102D3000801FE9D291F0000F04BF01460020B1FAD4
:102D400081F308BF2033A3F10B03B3F120020CDAA7
:102D50000C3208DD02F1140CC2F10C0201FA0CF085
:102D600021FA02F10CE002F11402D8BFC2F1200CEA
:102D700001FA02F120FA0CFCDCBF41EA0C019040A0
:102D8000E41AA2BF01EB0451294330BD6FEA0404E9
:102D90001F3C1CDA0C340EDC04F11404C4F12002D4
:102DA00020FA04F001FA02F340EA030021FA04F3E6
:102DB00045EA030130BDC4F10C04C4F1200220FA3D
:102DC00002F001FA04F340EA0300294630BD21FA7B
:102DD00004F0294630BD94F0000F83F4801306BF41
:102DE00081F480110134013D4EE77FEA645C18BF35
:102DF0007FEA655C29D094EA050F08BF90EA020FCC
:102E000005D054EA000C04BF1946104630BD91EAC3
:102E1000030F1EBF0021002030BD5FEA545C05D1C6
:102E20004000494128BF41F0004130BD14F5800405
:102E30003CBF01F5801130BD01F0004545F0FE4179
:102E400041F470014FF0000030BD7FEA645C1ABFAE
:102E5000194610467FEA655C1CBF0B46024650EAE5
:102E6000013406BF52EA033591EA030F41F4002111
:102E700030BD00BF90F0000F04BF0021704730B597
:102E80004FF4806404F132044FF000054FF000016C
:102E900050E700BF90F0000F04BF0021704730B52D
:102EA0004FF4806404F1320410F0004548BF404202
:102EB0004FF000013EE700BF42004FEAE2014FEA57
:102EC00031014FEA02701FBF12F07F4393F07F4F32
:102ED00081F06051704732F07F4208BF704793F035
:102EE0007F4F04BF41F40021704730B54FF4607448
:102EF00001F0004521F000411CE700BF50EA01024B
:102F000008BF704730B54FF000050AE050EA0102F3
:102F100008BF704730B511F0004502D5404261EB63
:102F200041014FF4806404F132045FEA915C3FF4A4
:102F3000D8AE4FF003025FEADC0C18BF03325FEA41
:102F4000DC0C18BF033202EBDC02C2F1200300FAF2
:102F500003FC20FA02F001FA03FE40EA0E0021FA17
:102F600002F11444BDE600BF70B54FF0FF0C4CF405
:102F7000E06C1CEA11541DBF1CEA135594EA0C0FB7
:102F800095EA0C0F00F0DEF82C4481EA030621EAF2
:102F90004C5123EA4C5350EA013518BF52EA03352D
:102FA00041F4801143F4801338D0A0FB02CE4FF0DF
:102FB0000005E1FB02E506F00042E0FB03E54FF00F
:102FC0000006E1FB03569CF0000F18BF4EF0010E07
:102FD000A4F1FF04B6F5007F64F5407404D25FEA03
:102FE0004E0E6D4146EB060642EAC62141EA5551B6
:102FF0004FEAC52040EA5E504FEACE2EB4F1FD0CF8
:1030000088BFBCF5E06F1ED8BEF1004F08BF5FEA75
:10301000500E50F1000041EB045170BD06F0004627
:1030200046EA010140EA020081EA0301B4EB5C04D4
:10303000C2BFD4EB0C0541EA045170BD41F48011CC
:103040004FF0000E013C00F3AB8014F1360FDEBFF1
:10305000002001F0004170BDC4F10004203C35DACD
:103060000C341BDC04F11404C4F1200500FA05F350
:1030700020FA04F001FA05F240EA020001F00042F1
:1030800021F0004110EBD37021FA04F642EB060167
:103090005EEA430E08BF20EAD37070BDC4F10C0491
:1030A000C4F1200500FA04F320FA05F001FA04F255
:1030B00040EA020001F0004110EBD37041F1000141
:1030C0005EEA430E08BF20EAD37070BDC4F120054C
:1030D00000FA05F24EEA020E20FA04F301FA05F2B4
:1030E00043EA020321FA04F001F0004121FA04F25C
:1030F00020EA020000EBD3705EEA430E08BF20EA2C
:10310000D37070BD94F0000F0FD101F00046400065
:1031100041EB010111F4801F08BF013CF7D041EAE7
:10312000060195F0000F18BF704703F000465200EB
:1031300043EB030313F4801F08BF013DF7D043EABC
:103140000603704794EA0C0F0CEA135518BF95EA72
:103150000C0F0CD050EA410618BF52EA4306D1D1F9
:1031600081EA030101F000414FF0000070BD50EA18
:10317000410606BF1046194652EA430619D094EAA2
:103180000C0F02D150EA013613D195EA0C0F05D18C
:1031900052EA03361CBF104619460AD181EA0301E0
:1031A00001F0004141F0FE4141F470014FF0000098
:1031B00070BD41F0FE4141F4780170BD70B54FF033
:1031C000FF0C4CF4E06C1CEA11541DBF1CEA1355B3
:1031D00094EA0C0F95EA0C0F00F0A7F8A4EB050495
:1031E00081EA030E52EA03354FEA013100F088808C
:1031F0004FEA03334FF0805545EA131343EA126355
:103200004FEA022245EA111545EA10654FEA002609
:103210000EF000419D4208BF964244F1FD0404F5C2
:10322000407402D25B084FEA3202B61A65EB03051E
:103230005B084FEA32024FF480104FF4002CB6EBDB
:10324000020E75EB030E22BFB61A754640EA0C005B
:103250005B084FEA3202B6EB020E75EB030E22BF9B
:10326000B61A754640EA5C005B084FEA3202B6EBDC
:10327000020E75EB030E22BFB61A754640EA9C009B
:103280005B084FEA3202B6EB020E75EB030E22BF6B
:10329000B61A754640EADC0055EA060E18D04FEA29
:1032A000051545EA16754FEA06164FEAC30343EAC9
:1032B00052734FEAC2025FEA1C1CC0D111F4801F96
:1032C0000BD141EA00014FF000004FF0004CB6E78F
:1032D00011F4801F04BF01430020B4F1FD0C88BF2E
:1032E000BCF5E06F3FF6AFAEB5EB030C04BFB6EB39
:1032F000020C5FEA500C50F1000041EB045170BD2C
:103300000EF0004E4EEA113114EB5C04C2BFD4EB58
:103310000C0541EA045170BD41F480114FF0000EDC
:10332000013C90E645EA060E8DE60CEA135594EA58
:103330000C0F08BF95EA0C0F3FF43BAF94EA0C0F5B
:103340000AD150EA01347FF434AF95EA0C0F7FF4D0
:1033500025AF104619462CE795EA0C0F06D152EA24
:1033600003353FF4FDAE1046194622E750EA410608
:1033700018BF52EA43067FF4C5AE50EA41047FF419
:103380000DAF52EA43057FF4EBAE12E780F0004048
:1033900002E000BF81F0004142001FBF5FEA41032D
:1033A00092EA030F7FEA226C7FEA236C6AD04FEA2D
:1033B0001262D2EB1363C1BFD21841404840414072
:1033C000B8BF5B42192B88BF704710F0004F40F424
:1033D000000020F07F4018BF404211F0004F41F440
:1033E000000121F07F4118BF494292EA030F3FD00C
:1033F000A2F1010241FA03FC10EB0C00C3F120031F
:1034000001FA03F100F0004302D5494260EB4000AD
:10341000B0F5000F13D3B0F1807F06D340084FEA18
:10342000310102F10102FE2A51D2B1F1004F40EB0D
:10343000C25008BF20F0010040EA03007047490075
:1034400040EB0000013A28BFB0F5000FEDD2B0FA12
:1034500080FCACF1080CB2EB0C0200FA0CF0AABF35
:1034600000EBC25052421843BCBFD04018437047D3
:1034700092F0000F81F4000106BF80F400000132D9
:10348000013BB5E74FEA41037FEA226C18BF7FEAB0
:10349000236C21D092EA030F04D092F0000F08BFF2
:1034A0000846704790EA010F1CBF0020704712F0D9
:1034B0007F4F04D1400028BF40F00040704712F118
:1034C00000723CBF00F50000704700F0004343F07D
:1034D000FE4040F4000070477FEA226216BF0846B3
:1034E0007FEA23630146420206BF5FEA412390EA76
:1034F000010F40F4800070474FF0000304E000BF6C
:1035000010F0004348BF40425FEA000C08BF70471C
:1035100043F0964301464FF000001CE050EA0102E0
:1035200008BF70474FF000030AE000BF50EA0102F5
:1035300008BF704711F0004302D5404261EB4101E2
:103540005FEA010C02BF84460146002043F0B64307
:1035500008BFA3F18053A3F50003BCFA8CF2083A2C
:10356000A3EBC25310DB01FA02FC634400FA02FC35
:10357000C2F12002BCF1004F20FA02F243EB02003C
:1035800008BF20F00100704702F1200201FA02FC9E
:10359000C2F1200250EA4C0021FA02F243EB020091
:1035A00008BF20EADC7070474FF0FF0C1CEAD052D5
:1035B0001EBF1CEAD15392EA0C0F93EA0C0F6FD096
:1035C0001A4480EA010C400218BF5FEA41211ED074
:1035D0004FF0006343EA501043EA5111A0FB013160
:1035E0000CF00040B1F5000F3EBF490041EAD37135
:1035F0005B0040EA010062F17F02FD2A1DD8B3F1B1
:10360000004F40EBC25008BF20F00100704790F01F
:10361000000F0CF0004C08BF49024CEA502040EA71
:1036200051207F3AC2BFD2F1FF0340EAC250704737
:1036300040F400004FF00003013A5DDC12F1190F75
:10364000DCBF00F000407047C2F10002410021FAE7
:1036500002F1C2F1200200FA02FC5FEA310040F1FF
:10366000000053EA4C0308BF20EADC70704792F078
:10367000000F00F0004C02BF400010F4000F013AB0
:10368000F9D040EA0C0093F0000F01F0004C02BFAB
:10369000490011F4000F013BF9D041EA0C018FE71A
:1036A0000CEAD15392EA0C0F18BF93EA0C0F0AD020
:1036B00030F0004C18BF31F0004CD8D180EA010046
:1036C00000F00040704790F0000F17BF90F0004FDF
:1036D000084691F0000F91F0004F14D092EA0C0FC1
:1036E00001D142020FD193EA0C0F03D14B0218BF54
:1036F000084608D180EA010000F0004040F0FE409A
:1037000040F40000704740F0FE4040F44000704735
:103710004FF0FF0C1CEAD0521EBF1CEAD15392EAB4
:103720000C0F93EA0C0F69D0A2EB030280EA010CA4
:1037300049024FEA402037D04FF0805343EA11113D
:1037400043EA10130CF000408B4238BF5B0042F19B
:103750007D024FF4000C8B4224BF5B1A40EA0C0040
:10376000B3EB510F24BFA3EB510340EA5C00B3EB72
:10377000910F24BFA3EB910340EA9C00B3EBD10F60
:1037800024BFA3EBD10340EADC001B0118BF5FEAB2
:103790001C1CE0D1FD2A3FF650AF8B4240EBC250DB
:1037A00008BF20F0010070470CF0004C4CEA50209C
:1037B0007F32C2BFD2F1FF0340EAC250704740F4EB
:1037C00000004FF00003013A37E792F0000F00F0DD
:1037D000004C02BF400010F4000F013AF9D040EA5B
:1037E0000C0093F0000F01F0004C02BF490011F4EF
:1037F000000F013BF9D041EA0C0195E70CEAD153E7
:1038000092EA0C0F08D142027FF47DAF93EA0C0FCD
:103810007FF470AF084676E793EA0C0F04D14B02B1
:103820003FF44CAF08466EE730F0004C18BF31F063
:10383000004CCAD130F000427FF45CAF31F000435D
:103840007FF43CAF5FE700BF4FF0FF3C06E000BFF6
:103850004FF0010C02E000BF4FF0010C4DF804CD19
:103860004FEA40024FEA41037FEA226C18BF7FEA29
:10387000236C11D001B052EA530C18BF90EA010F2B
:1038800058BFB2EB030088BFC81738BF6FEAE170BA
:1038900018BF40F0010070477FEA226C02D15FEA56
:1038A000402C05D17FEA236CE4D15FEA412CE1D0C2
:1038B0005DF8040B704700BF844608466146FFE789
:1038C0000FB5FFF7C9FF002848BF10F1000F0FBD6B
:1038D0004DF808EDFFF7F4FF0CBF012000205DF864
:1038E00008FB00BF4DF808EDFFF7EAFF34BF0120E9
:1038F00000205DF808FB00BF4DF808EDFFF7E0FF82
:1039000094BF012000205DF808FB00BF4DF808EDD2
:10391000FFF7D2FF94BF012000205DF808FB00BF35
:103920004DF808EDFFF7C8FF34BF012000205DF817
:1039300008FB00BF7BB972B90029BEBF00204FF061
:10394000004106E008BF00281CBF6FF000414FF0A7
:10395000FF3000F077B8ADF1080C6DE904CE002916
:1039600009DB002B1ADB03F005FBDDF804E0DDE9E1
:10397000022304B07047404261EB4101002B1BDB86
:1039800003F0F8FADDF804E0DDE9022304B0404278
:1039900061EB4101524263EB43037047524263EBD8
:1039A000430303F0E7FADDF804E0DDE9022304B0A5
:1039B000404261EB41017047524263EB430303F025
:1039C000D9FADDF804E0DDE9022304B0524263EBEA
:1039D0004303704753B94AB9002908BF00281CBFE8
:1039E0004FF0FF314FF0FF3000F02CB8ADF1080C74
:1039F0006DE904CE03F0BEFADDF804E0DDE9022350
:103A000004B07047D0B5FFF757FA0C4B00220646BA
:103A10000F46FFF7A9FA00F017F80446FFF72AFA55
:103A2000074B0022FFF7A0FA02460B463046394604
:103A3000FFF7E2F800F008F82146D0BD0000F03DA5
:103A40000000F041704700BF4A0011D212F5001289
:103A500011D20DD56FF47873B3EB62520ED44FEAE6
:103A6000C12343F0004343EA505323FA02F0704766
:103A70004FF00000704750EA013002D14FF0FF30A4
:103A800070474FF000007047F6F76CB901F025BBA6
:103A900001F026BB01F01EBB1FB5014601A800F0D6
:103AA00006F801A801F006FF05B05DF804FB0B88DD
:103AB000C3F30B0383804B88C380002343724B788E
:103AC000C3F30113012B03D09A1E534253415B00F1
:103AD000043103720160704710B58B88037043781E
:103AE00003F0F00343708A88C2F303221343437048
:103AF000CA888270CA8803F0CF03120A4370C2706A
:103B00000A7A120102F03002134303F03F034370BC
:103B10004A7A43EA821343700C46096804308142B2
:103B200005D0E288FB2A28BFFB22FEF7B5FFE0881C
:103B30000430C0B210BD70B50B78192B05460C4689
:103B400012D8CBB1013B182B16D8DFE803F01A26A8
:103B500015999FA5ABB1B5B7C7CD1515152ABBC132
:103B6000D1D7DDE3E9EFF500822B4FF0FF0200F043
:103B7000E980832B00F0EA8040F26721C720F4F748
:103B800009FA0C230B7008236370667802363246FC
:103B900021462846FEF780FF49E01A230B700123D7
:103BA000F2E72920F4F7F0FB30B13E232370222303
:103BB00063702923A370E8E70A20F4F7E5FB3E23AE
:103BC00005F1080204F108012B7090B30A23AB70D1
:103BD000E378EB70A3882B71A3881B0A6B71A37920
:103BE000AB71E379EB71A368AB608B889380D4F8F9
:103BF0000E30C5F80E30638A6B8263696B61238B6C
:103C00002B83638BAB76638B1B0AEB76A38B2B77B3
:103C1000A38B1B0A6B77E38BAB77E38B1B0AEB77EA
:103C200094F8203085F820301F266E70023630461A
:103C300070BD0123AB70E378EB70A3882B71A38870
:103C40001B0A6B71A379AB71E37903F00103EB718C
:103C5000A368AB608B889380638BAB73638B1B0A09
:103C6000EB73A38B2B74A38B1B0A6B74E38BAB746A
:103C7000E38B1B0AEB7494F820302B751326D4E7E2
:103C80003E230B7004234B70142393E73E230B70E9
:103C90000C234B7004238DE73E230B700A234B70DB
:103CA000032387E73E230B700D234B70052381E729
:103CB00005232370042367E70823FAE730230B70FA
:103CC000032361E73E230B700B234B70072371E73F
:103CD0003E230B7006234B700C236BE713230B70F2
:103CE0008B789B0001334FE757230B7002234BE780
:103CF0003E230B7006234B7012235BE73E230B70B1
:103D000009234B70132355E73E230B7005234B709B
:103D100020234FE73E230B7009234B70212349E7F3
:103D2000FF230B700B234B70A22343E7FF230B7081
:103D300005234B70A3233DE7FF230B700D234B702E
:103D4000802337E70A700D22627033E70A7002227F
:103D5000FAE708B510B96FF0150008BDFFF79CFE33
:103D60000028F8D00020F8E710B50C4648B141B162
:103D7000F4F764FA002820700CBF6FF022000020D6
:103D800010BD6FF01500FBE708B5F4F7DBFA002073
:103D900008BD00F035BE08B5F4F7E6FA002008BD0E
:103DA00001F011B901F01FB9034602221A709A708E
:103DB0009B225A716FF070029A716FF05302DA71A0
:103DC0006FF03C021A721D225A72422200209A722F
:103DD0006FF051025870D8701871DA72704700F0A5
:103DE0005CBE70B5044602F02FFF012805461AD1CB
:103DF000601C02F030FFB0B1A37963F03F03A37100
:103E00000020F6F735FAE61D38B1102200213046C1
:103E1000FEF702FE2570002070BD304602F02EFF36
:103E20000028F2D0F6E70025F4E710B5102204468A
:103E30000021FEF7F1FD04F11003102200211846C5
:103E4000FEF7EAFD02F033FF0020F6F711FA20B189
:103E5000204602F013FF002010BD02F0F5FE0028FE
:103E6000F6D0F8E710B50446FEF73EFCB0F5007F4B
:103E700009DA10F5007F08DD031EB8BF03339B107D
:103E80002370002010BD7F23FAE76FF07E03F7E771
:103E90000120704701F008B90078003818BF0120F0
:103EA00000F002BFF5F74ABF8178008801F0C8B87A
:103EB00001F0E3B837B505460C4600880DF1060160
:103EC00000F0F7FE2B882380BDF80630638003B036
:103ED00030BDF5F73BBF01F005B900F07FBD00F044
:103EE000D1BD08B5F4F748FA002008BDF5F744BD88
:103EF00000F00CBF00F0E2BDF5F7B0BE00F0AEBDC3
:103F000001F000B800F0CABF01F011B800F0E3BD45
:103F100000F0DCBE00F0ADBD00F06CBD03880B808E
:103F200001F036B803880B8001F040B800F0FABD0C
:103F3000F5F776BDF5F75CBD00F0E5BC00F006BD19
:103F400000F03ABD00F046BD00F026BD00F01BBDFC
:103F500000F016BE00F03FBEF5F76CBD00F079BE74
:103F600000F06BBD00F01CBE01F0A7B8F5F70EBD68
:103F7000F5F78CBDF8B5941C0C446343B3F5004FC2
:103F8000A8BF4FF0FF330E4610F003010546174659
:103F90009CB203D0B0211420F3F7FCFFB4F5004F1E
:103FA00001D9B121F7E714220430FEF735FDEF7493
:103FB0006C802E80F8BD38B50388C48805898B4293
:103FC000C4F30E0203D2D1211420F3F7E3FF84EAF5
:103FD0000503C3F30E030BB9AC4206D102F118037B
:103FE0000122C1528274184438BD1846FCE70231E0
:103FF00001444A43B2F5004FA8BF4FF0FF3290B2E0
:104000001B3020F00300B0F5004F34BF00B24FF07A
:10401000FF30704740881B3020F00300B0F5004FA0
:1040200034BF00B24FF0FF3080B2704738B503881C
:104030008B4203D2F7211420F3F7ACFF857C65B1E6
:10404000C388C3F30E031833C25A8A4207D3C1523E
:10405000811DF4F7C1F900238374284638BD00257B
:10406000FBE70346F0B59E88DD88B4B2A54200F1B7
:104070001800C6F30E0616D05F89DD7C845B3D44D4
:1040800002353544E41B28440D88A4B2A54288BFFC
:104090000C805989B1FA81F14FEA511188BF254648
:1040A0001170DD81F0BD00252846FAE7F8B5828859
:1040B000C389002604460D4692B20E60CBB1C2F30E
:1040C0000E024189183287180B44825A9BB29342E0
:1040D000438104D94FF4A2711420F3F75BFF04D19C
:1040E000011DF4F779F946812F600023E381012057
:1040F000F8BD1846FCE7838802899BB29A420146C4
:1041000002D00831F4F768B970478388C0889BB241
:10411000C31A584258417047828873B5C48895B213
:10412000AC42C2F30E0202F1180212D04189C689D4
:10413000835A314499420EDB0DF10601ADF8065069
:10414000F4F74AF9BDF80600001B18BF012002B0C1
:1041500070BD0020FBE70120F9E770B5C48806892F
:1041600084EA0602C2F30E020346C4F30E051830B9
:104170000AB9B4420FD19C891A880CB1465B921BD4
:10418000914207DCDA7C2C440232224410440A4675
:104190001A8270BD00221046FAE7F8B5038A002B98
:1041A00038D08B4236D3C488858900F11803C4F314
:1041B0000E041E1995B91D55757085891E5B0D4439
:1041C000ADB2314485811953D2B1811DF4F704F9A0
:1041D00000238381002303820120F8BD1E5BAE42D1
:1041E00004D04FF4F6711420F3F7D4FEC57C878A0F
:1041F0002644023535445E195F53857DB570DCE792
:10420000C27C254402322A4499189B5A83828B78B7
:104210008375DFE70020E0E78388C2889BB29A427B
:1042200006D0428922B9C3F30E03183318447047ED
:1042300000207047C37C0233C818704702307047B3
:1042400038B58388C2889BB29A4209D043893BB96A
:10425000C5893DB9011DF4F7BFF8C581012038BDFE
:104260000020FCE71846FAE70023838103827047A9
:1042700003881380C388C3F30E03183303440B6011
:10428000808970470368002223B9C0E90132031D09
:104290000360704759681B680A44F5E7072970B541
:1042A000034604D84FF4EC711520F3F773FE006851
:1042B000C0B144681A688C42064610D0106860B9D4
:1042C00001F10805AC420DD3546850501868651AC6
:1042D000541800686560505002E01346E9E714681E
:1042E0001C60304670BD0023C1E9003203680B60DA
:1042F0000160704730B590B18478B1FBF4F304FBF2
:10430000131300EB430252898A4201D1D8B230BD67
:10431000C27822B900F10803D0B2844201D8FF204C
:10432000F5E733F8025F8D4202F10102F4D1EEE7C6
:104330008278038805324B4303EB420318447047ED
:1043400037B50024CDE9004405468DF806006846DF
:10435000ADF80440F4F716FABDF8044008B103B014
:1043600030BD29462046F4F7E9F90028EFD040F2A5
:1043700015211720F3F70EFE70B50D4609211E46D4
:10438000FFF735FE3246044609212846FFF72FFE87
:1043900040EA04031B0454BF00194FF0FF3070BD06
:1043A000012303707047F8B50C4684F001046400E3
:1043B000054611461E46E4B2FF23837003191B7D98
:1043C000012B06D0631CDCB250FA83F31B7D012B5A
:1043D0000AD105EB44073B8B3A8C9819904205DDD6
:1043E0002C4400233B8323750020F8BD05EB840497
:1043F000324660681844FEF74FFB3B8B1E443E83F9
:104400000023AB700120F0E781F00101490010B5F5
:10441000C9B2FF23837043181C7D012C07D10C31D6
:1044200020F8112002221A750023837010BD01317B
:10443000CBB250FA81F10C7D012C05D10C3320F860
:10444000132002230B75EFE74FF48C710920F3F76B
:10445000A1FD30B50246837803F0FF00F3B9137D68
:10446000022B19D0537D022B15D10346012089B1AF
:10447000D5180C3300242C7522F81340131803248C
:104480001C7502EB80035B680B6000F10C0332F8D3
:1044900013308B80012030BD0123E8E70020FAE7CC
:1044A00030B50346827802F0FF00E2B99A7D022A15
:1044B00017D0DC7D022C13D1032281B11D190C34DD
:1044C0000020287523F8140098180324047503EBC2
:1044D00082000C32406833F8123008608B80012073
:1044E00030BD0324E9E70020FAE7037D012B01D169
:1044F000008B7047437D012B0CBF408B0020704721
:10450000837D012B01D1808B7047C37D012B0CBFB4
:10451000C08B00207047038B23B9408B003818BF35
:104520000120704701207047838B23B9C08B00386E
:1045300018BF0120704701207047027D022A01D177
:10454000008B7047437D022B01D1408B7047032ABB
:10455000F6D0032BF9D000207047827D022A01D1CA
:10456000808B7047C37D022B01D1C08B7047032A1B
:10457000F6D0032BF9D000207047F4F76BBA2DE981
:10458000F041044608460D4691F8008001F046F9D6
:104590000746284601F03EF90646284601F042F952
:1045A00008F003086B78E07084F800806770A670EC
:1045B000A3802046BDE8F081012808B506D0022876
:1045C00006D040F29D410620F3F7E4FC002008BD30
:1045D0000120FCE7F4F78ABA10B5044638B1F5F7C4
:1045E00067FC24EA0000B0FA80F0400910BD012009
:1045F000FCE707B50023CDE9003301238DF8063031
:104600006846F4F7BFF808B1002004E0009801F014
:10461000A8FF0028F4D003B05DF804FB1FB500220A
:10462000009240F6881303A9FAF79EFD05B05DF8E5
:1046300004FB38B5054602F016F8F0B1284601F043
:1046400090FF08B9002038BD284601F05AFE044604
:10465000284601F059FE054688B9002CF2D0208882
:10466000F5F762FD20882946F4F768F80028E9D0BC
:1046700041F6EB413920F3F78DFC4220E3E70C20B3
:10468000E1E72DE9F8430F46B0F85A60B0F85C5006
:10469000804601F070FE0221044600F007FF02216F
:1046A0008146204600F002FF4E4528BF4E46B6B276
:1046B0001B2E38BF1B26FB2E28BFFB26854228BF9A
:1046C0000546ADB21B2D38BF1B25FB2DB8F80030B9
:1046D0003B8028BFFB25B4F5A47F38BF4FF4A474FA
:1046E00040F648039C4228BF1C467E80FD80BC806B
:1046F0003C81BDE8F8832DE9F04186B0054601A96B
:10470000008800F08AFE044600286FD1029A92F8D1
:104710004631D91E4B424B418DF80230936F9806BB
:104720004ABF9DF80230234683F001038DF8033021
:1047300092F8D8309B0603D49DF80330002B5BD051
:10474000EB881B3B9BB2E02B58D82989A1F5A473B9
:104750009BB244F24810834250D86B881B3B9BB2FB
:10476000E02B4BD8AA88A2F5A4739BB2834245D80C
:1047700040F64807B94243D8BA4241D8029E4FF0AA
:10478000FF0886F81B819DF802309BBB03A93046C9
:10479000FFF777FF6A88BDF81230BDF81410E8887B
:1047A000934228BF1346A6F82031BDF80E30AA88E0
:1047B000B94228BF3946834228BF0346A6F81C31B8
:1047C000BDF810302889BB4228BF3B46834228BF32
:1047D00003468A42A6F81E31134628BF0B46A6F8A8
:1047E000223186F81A81002386F81B31204606B054
:1047F000BDE8F0813A24F6E71A24F7E71224F5E73A
:104800001124F3E710B5FFF7F4FE60B1F4F792FF5F
:10481000044602F000F840B9204601F0F8FF80F0AD
:104820000100C0B210BD0120FCE70020FAE72DE92D
:10483000F04385B006468846008802A900F0EDFDE9
:10484000054640BB039C94F8593103F0FF051BB1AA
:10485000B8F1020518BF012594F88730222B94F88F
:10486000D93043EAD3030CBF85F001094FF00009AA
:10487000DB0702D4B9F1000F3BD0B77817B9F5F7D1
:1048800017FB0746F078B0BBF5F712FB3FB9B9F15B
:10489000000F29D10925284605B0BDE8F08300287E
:1048A000F5D0FF2384F825310DBB94F8243103F0B3
:1048B000FF05E3B984F8270184F8248184F8267180
:1048C000B3788DF80430F3788DF805303379727948
:1048D00001A943EA02232046ADF8063000F008FEA5
:1048E000002384F82531D6E700200746D9E73A258A
:1048F000F6E71A25CFE7002FD3D1C8E708B5F5F7BB
:10490000B3FA002008BD10B50378012B044601D985
:10491000122010BDFFF76DFE58B9207810F0FD0091
:104920000DD104F11703E21D611CBDE81040F5F73D
:1049300015BEF5F7A5FE0028EFD00C20E9E7A37916
:1049400003F0C003C02BE3D10120EAE710B50378E0
:10495000012B04460DD8FFF74CFE60B9214611F833
:10496000010B00F0FD00003818BF012000F032FDFF
:1049700038B9122010BDF5F783FE0028EED00C20C8
:10498000F8E70020F6E708B50088F5F77FFE002875
:104990000CBF3020002008BD38B50546FFF729FEC2
:1049A000044638B92878003818BF0120F5F762FEB0
:1049B000204638BD0C20FCE708B5FFF71AFE18B9F1
:1049C000F5F748FE002008BDF5F75AFE0028F7D09D
:1049D0000C20F8E7082303700020704710220270B3
:1049E0004FF48153C2705922A0F801308280C380F5
:1049F0000020704708B50821F3F712FC002008BD1D
:104A000073B506460D460088694600F006FD04466B
:104A100088B9B3785BB9019B93F97000A8703388AB
:104A20002B80F5F7C3FFA870204602B070BD7F2031
:104A3000FFF7F4FDF2E70224F6E710B504466FF045
:104A40007F00FFF7EBFDF5F7B1FF20707F20FFF748
:104A5000E5FDF5F7ABFF6070002010BD10B5044612
:104A6000F4F768FE01F0D0FEF5F7A0FF20700020FB
:104A700010BD08B50A46072300F11001FDF72AFE14
:104A8000002008BD10B5014604460020F5F7D6FB0E
:104A900008B92060A080002010BD10B50446F5F7CD
:104AA000DDF928B900202146F5F7B0FB002010BD44
:104AB000FFF7A8FE0028F5D10C20F8E710B5044652
:104AC000FFF7A0FE28B101202146F5F79FFB00204B
:104AD00010BD0C20FCE7F7B50C460546694600887A
:104AE00000F09BFCA21C034690B9019901F18F07CD
:104AF00081F8C330386810603879107128882080B8
:104B000091F8C36006F0FF00002EF1D103B0F0BDB4
:104B10000023C4F802300220137123706370F5E79C
:104B2000FFF7E9BD1FB5838844F29022934217D85E
:104B300040F64802934228BF13460288ADF804208D
:104B40004088ADF80600ADF80A000A8001A8ADF86B
:104B50000830ADF80C30FFF7CEFD05B05DF804FB72
:104B60001220FAE737B50D46694600F056FC0446B8
:104B700018B901982946FFF784FD204603B030BDDF
:104B800010B503466FF004040020482108221C7071
:104B900058709970DA701C7158719971DA7110BD82
:104BA00010B50446FFF725FD78B92146E27911F8E2
:104BB000010B00F0FD00003818BF0120F5F72AFEB8
:104BC00080F001004000C0B210BDF5F759FD00288B
:104BD000EBD00C20F8E737B505460C46008869464F
:104BE00000F01BFCD8B9019B83F86A0093F8682099
:104BF000012A06D0022A04D04FF461710620F3F78F
:104C0000C9F9A27093F86920012A01D0022AF3D1D0
:104C1000E27093F86A20002AE6D12B88238003B043
:104C200030BD10B58388022B044610D8C078FFF73A
:104C3000D3FC08B9112010BDA078FFF7CDFC0028E7
:104C4000F8D020460121BDE81040FFF7F0BD12204A
:104C5000F1E737B58378C178027903F0010451EAAE
:104C6000040503F002031DD052EA03051AD0002CFC
:104C700018BF0021002B18BF00228DF803200378F5
:104C800042788DF8021043EA0223ADF800304379F0
:104C90008279684643EA0223ADF80430FFF7C1FF8A
:104CA00003B030BD1120FBE708B5F4F7C5F90020CB
:104CB00008BD13B50C46694600F0AFFB20B9019B57
:104CC000B3F880300133238002B010BD07B50088EF
:104CD000694600F0A2FB38B99DF80020019B012A2B
:104CE00005D093F82B216AB103B05DF804FB93F86B
:104CF000DC21D2B293F8A81011B912F0FB0FF0D159
:104D00000220F1E7FF2283F82B21EDE710B50446DE
:104D1000F5F7C8F820606160002010BD2DE9F3416F
:104D20000546477800780121F3F7F2FC0446002895
:104D30005ED001F059FDEE78864228BF0646042F6A
:104D4000B6B22FD1002E39D1204601F072FD6B781A
:104D5000032B37D107F0FD08B8F1010F44D12046ED
:104D600001F067FD00283CD1012F08BF4FF0020879
:104D7000216B42466846F3F705FE6A68206B3346AE
:104D80000121FFF710FB002834D06B78023B012B88
:104D90002CD8206BFFF7A9FB01210246206BFFF7FF
:104DA00033FB23E0206BFFF7A0FB304480B21F28C9
:104DB00004D8FB1E012BC7D9002EC5D1122002B08A
:104DC000BDE8F0810028F9D1042BC3D1204601F0C1
:104DD000C8FB0028F2D0206BFFF79DFB0028B9D15B
:104DE000ECE74FF00008C3E7042FC6D10020E6E748
:104DF0004220E4E70720E2E72DE9F3410746457842
:104E000090F8038000780121F3F782FC0446002823
:104E10003CD001F000FD0028206B08BF4FF00008D7
:104E2000FFF76EFB00EB0806B6B21F2E30D8042D3C
:104E30002ED0032D0CD1204601F0FBFC20BB012D10
:104E400014BF05220622216B6846F3F79BFD08E09C
:104E5000B8F1000F1CD0204601F083FBD0B9012D22
:104E6000E9D07A68206B43460021FFF79CFA98B19D
:104E7000023D012D04D8206B32460021FFF7C4FA11
:104E8000002002B0BDE8F0810422DCE74220F8E710
:104E90001220F6E70C20F4E70720F2E713B50446EA
:104EA000F4F748FC4FF44073ADF8003000238DF860
:104EB0000230684614F8013B8DF803300194FFF787
:104EC0009BFF02B010BD38B5012105460078F3F70D
:104ED0001FFC0446A0B101F044FB28B92046691C20
:104EE00001F0D4FB002038BD204601F094FC08B14D
:104EF0000C20F8E7204601F08AFC0028EED0F7E706
:104F00004220F0E713B50446F4F714FC14F8013B13
:104F10008DF803304FF44073ADF80030684600233D
:104F20008DF802300194FFF7F9FE02B010BD73B5A1
:104F30000546F4F7FFFB2B78044663B100230DF11F
:104F4000010101208DF80030F5F778F918B16846B5
:104F5000FFF7B9FF88B9002620468DF8006001F000
:104F60005EFC2B788DF80360C001012BADF80100C9
:104F700005D169462046F4F77DFC02B070BD2BB91F
:104F8000204602B0BDE87040FFF753BB1220F4E7A3
:104F900010B5002104460088F3F7BAFB20B1A11C2C
:104FA000BDE8104001F007BE022010BD08B5008822
:104FB0000021F3F7ADFB20B1BDE80840002101F06E
:104FC000FABD022008BD37B505460C460088694683
:104FD00000F023FA28B92B882380019BB3F8B43062
:104FE000638003B030BD37B503880B80044698B2A8
:104FF000638813B9122003B030BD694600F00DFA82
:105000000028F8D16588019B42F21072A9B29C6910
:105010005143DA8D62431C8C04FB02229142E9D396
:105020009A699C699442FBD10022C3F8AC20621EAD
:105030000A44A3F8B450B2FBF4F2C3F8B020DAE7A4
:1050400010B50C460021F3F763FB90B1022C12D887
:1050500004F00102C4F3400480F8AD2180F8AC41B3
:1050600012B190F8AA310BB9002010BD01F093F9EC
:10507000FAE70220F9E71220F7E710B504460078B6
:10508000FF280AD00121F3F743FB58B16378A278D7
:1050900043EA0223C384002010BDB4F80100F7F7EF
:1050A0008BF9F8E74220F7E708B50078003818BF19
:1050B0000120F7F74DF8002008BD10B50446F4F7BD
:1050C00039FB6178C1F3400201F0010101F0C7FB37
:1050D000002010BD0620F4F7D9BE0820F4F7D6BE94
:1050E00001F093BD1220704710B5044604B910BDFD
:1050F000236898476468F9E703680BB90160704753
:105100001A465B6813B18A42FAD170478A4218BFC7
:105110005160704708B50020FFF712F9F3F7BCFBA8
:10512000F4F7F6FFF3F73CFE20B140F22111932093
:10513000F2F730FF08BD08B5F6F7B2FFF7F71EFD2E
:1051400020B140F241119320F2F724FFBDE808405E
:105150000120FFF7F5B808B5FFF7EDFF01F013FDEB
:1051600020B14FF4AB719320F2F714FF08BDFCF7A8
:105170008FBF0B46122203F8032BD0F80920C1F889
:105180000320427B1A71704737B504460D46F5F788
:10519000CBFC18B36FF4A873E01802210388ADF8B4
:1051A000003034F8ED3CADF80230684634F8EB3CA2
:1051B000ADF80430FFF73BFB18B14221AE20F2F707
:1051C000E9FEADF800009DF80030002063F3070011
:1051D0009DF8013063F30F2003B030BD18232B700E
:1051E000D4F80930C5F803300423ADF80030EAE7FD
:1051F00008B5436893F886201AB18521AE20F2F7EE
:10520000C9FE202283F8862008BD034610F0010065
:1052100007D19A0704D4C3F380039B00D8B2704728
:10522000022070472DE9F84F0746104692461D466A
:10523000FFF7EBFF83460846FFF7E7FF4BEA000660
:10524000F6B2003E0A9C8846814618BF0126F4F754
:105250002FFE10EA0A0A18BFDA46F4F729FE97F87B
:10526000683010EA080118BF4946534508BF4FF09F
:10527000000A84F800A097F869308B4208BF00212B
:1052800061705AEA01010BD1B7F88030013DED1A87
:10529000ADB247F6FD739D428CBF002606F00106B5
:1052A0003046BDE8F88F70B5446894F88750A5F192
:1052B0002003062B06464DD92E2D4BD0002D47D16D
:1052C00094F88630252B45D00B7913F0070335D0A1
:1052D0004A7912F0070231D084F8612084F86030F6
:1052E00094F8253113BB94F82431012B1ED094F887
:1052F000693094F86020D91E012998BF04239A428E
:1053000022D194F86830DA1E012A94F8612098BFFF
:1053100004239A4218D10223B4F8642084F824317B
:10532000B4F86630A4F82621A4F82831222384F8A2
:105330008730304600F013FC284670BD3046C978EF
:10534000BDE8704000F03DBC3046F4F7FBFDEDE7F2
:105350000125F1E72025EFE708B5436893F887209A
:10536000222A05D022B140F2EA31AE20F2F712FE35
:10537000232283F8872008BDF4F7CABE704730B5F2
:1053800042401C7808785D7860404C786C4020443E
:105390009D788C786C402044DD78CC786C4020443B
:1053A0001D790C795B7949796C4020444B40184455
:1053B0001044B0FA80F0400930BD024600200139A7
:1053C000C9B2FF2900D17047535C83F00103034445
:1053D000D8B2F4E708B5F4F757FF082807D0F4F778
:1053E00075FF082803D0F4F787FF012008BD0020CF
:1053F000FCE708B5F4F748FF082803D0BDE80840EB
:10540000F4F764BF08BD08B501F00CFC18B1BDE8A5
:105410000840F8F79BBD082008BD10B50C460021D8
:10542000F3F776F9606018B101232370002010BDF6
:105430000220FCE701440023884203D1B3FA83F041
:105440004009704710F8012B1343F5E7F8B5D0E990
:10545000047605460C46FBF773FB20B940F20711B2
:105460002920F2F797FDECB1D5E90423D21B63EBB9
:105470000603012A73F100014FF0000114DB6FF005
:1054800001009042994102DA40F21111E8E7631EEF
:105490001344B3FBF4F35C43E41946F10006C5E999
:1054A00004461C462046F8BD0C46FBE7CB1E012BEC
:1054B00010D803290CBF96234FF4167303F5BC7361
:1054C0000CBF10224022984210D9C01A90FBF2F073
:1054D00080B27047022904D13C2807D980100F38C8
:1054E000F6E7702802D9C0100E38F1E700207047A7
:1054F00038B50D460446F4F7DBFC2B78002B08BFCB
:10550000034684F864306B78002B08BF034684F8A8
:1055100065306B88A4F8663038BD012908B50346AC
:1055200006D002290CD040F289112920F2F732FD71
:1055300040F6C41040F2E242002B08BF104608BDFE
:1055400040F6C410FBE707B5002301A80193F9F763
:10555000DBFD019810F0030018BF012003B05DF8D7
:1055600004FBC2B292FAA2F2030A93FAA3F31B0E4F
:10557000100E40EA0320704770B50131C9B2053002
:10558000002210F8013F8B4216D310F8054C00237F
:10559000012505FA03F626421CBF01F1FF31C9B20D
:1055A00069B10133082BF4D10132D2B2052AE8D116
:1055B00099214620F2F7EEFCC91AC9B2F4E703EBD1
:1055C000C200C0B270BD0B6870B5C0F801300B7975
:1055D00003F01F03437100230446C3720546461DB2
:1055E00015F8010F00F0A1FA6871E37AB54218448A
:1055F000E072F5D170BD70B581EA11418CB20546FB
:10560000C17A032682EA0400FFF7ABFF013E00EBFC
:105610000010221816F0FF0690B2F5D14440252262
:10562000B4FBF2F302FB1343C3F3C4022A44D8B21F
:10563000567803F00703012202FA03F31E4207D152
:1056400061432846C1F30741BDE87040FFF794BFAE
:1056500070BDF8B590F821506B1E242B044654D829
:105660000AB90020F8BD807D18B1012844D01F2060
:10567000F8E794F8233094F8221002FB0132252336
:10568000B2FBF3F103FB1123DBB204EBD30284F88A
:105690002330D17D03F007060122B240114202D02F
:1056A00084F82430DDE7B3FBF5F205FB1233013358
:1056B00003F0FF0304F11B0111F8012F934218D8E6
:1056C00011F8055C0022012606FA02F72F4208D0E5
:1056D000013B13F0FF0304D102EBC00284F8242045
:1056E000BFE70132082AEFD10130C0B20528E3D16B
:1056F000BDE79B1ADBB2F7E72289C96904F11600FE
:10570000FFF779FF84F82400ABE71220AAE70378BB
:10571000890123F0400301F040010B4303707047FF
:10572000037803F07F0343EAC113037070471F2A15
:1057300038B50546144603D9B7212A20F2F72AFCCA
:1057400009300634FDF7A8F96C7038BD1F2A38B54A
:105750000546144603D9D9212A20F2F71BFC09304B
:105760000634FDF799F96C7038BD037803F00F0328
:10577000032B02463ED0052B42D1C37F90F8200078
:10578000034392F82100034392F82200034392F866
:10579000230000F01F00184333D05378222B2FD161
:1057A000B2F81930B1B1B3F5506F13D940F60751C3
:1057B0008B4225D8B2F81B30B3F5FA7F20D2B2F86D
:1057C0001D000A3880B240F6764398428CBF002014
:1057D00001207047991F89B240F67A4081420FD864
:1057E000917D481E07280BD8994209D2B2F81710AC
:1057F0009942DEE74078A0F10C03584258417047C7
:1058000000207047037801F0030123F003030B43EA
:10581000037070470078C0F3800070470078C0F3D1
:10582000C00070470078C0F3001070471B2A08B50D
:1058300004D940F244412A20F2F7ACFB4270BDE8A3
:1058400008400330FDF728B9B0F80730B1B1B3F51F
:10585000506F13D940F6075293421FD8B0F8093061
:10586000B3F5FA7F1AD2B0F80B000A3880B240F6CE
:10587000764398428CBF0020012070479A1F92B255
:1058800040F67A418A4209D80279511E072905D883
:105890009A4203D2B0F805209A42DEE70020704712
:1058A000406890F8AA3123B1002380F8AA3100F0B3
:1058B00072BD704708B5017A19B101290AD00020DC
:1058C00008BD0368C28802218088F5F7E3F820B19B
:1058D0000120F5E70368C288F6E7F5F7C9FAF7E7AC
:1058E00002230B7001238B707047F5F745BA10B592
:1058F00021B94FF410711020F2F74CFB4A600B7283
:10590000EFF3108472B6031D0B6042681AB1127A6D
:10591000012A08BF036003681960016004B962B618
:10592000BDE81040F5F772BA0222F5F78FBA0322EC
:10593000F5F78CBA0422F5F789BA0222F5F7CABA4C
:1059400011230B706FF49A7318440388A1F8033085
:10595000838FA1F80530B0F84030A1F80730C38F2D
:10596000A1F80930B0F84230A1F80B307047012996
:1059700008B503D10E30C00080B208BD022902D1A3
:105980000F308000F8E74FF42E710620F2F702FB8B
:1059900030B587B004460D46F5F7CEF890B3A4F5C0
:1059A0009F74694624882046FFF7DCF820B14FF445
:1059B00084712C20F2F7EEFABDF80630ADF80E3007
:1059C000BDF80830ADF81030BDF80230ADF8123037
:1059D00003A8BDF80430ADF80C40ADF81430FFF763
:1059E0009FF810B140F21111E3E7ADF80C009DF8FB
:1059F0000C30002063F307009DF80D3063F30F2097
:105A000007B030BD2B46172203F8032BD4F809202A
:105A1000C5F80320D4F80D205A60B4F811201A817B
:105A20000423ADF80C30E2E740687047C08A704745
:105A300010B58A880B89CC884988A0F85010A0F846
:105A40005440A0F85220A0F8563010BD8383BDF812
:105A5000003001834283C383704738B5C58B438CC4
:105A600004469D42007A28BF1D46FFF780FF6389E8
:105A7000AB4228BF2B46984238BF184680B238BD8B
:105A80002DE9F04106460F4680891946984614468E
:105A9000FFF76DFF414605463046FFF7DEFF8542C2
:105AA00028BF05469DF81810B08AFFF760FFF38AFB
:105AB000834228BF0346ADB2A01D15FA83F33844D4
:105AC0001844BDE8F08107B590F86930009390F86C
:105AD0006830002296213030FFF7D2FF03B05DF826
:105AE00004FB38B50D4619461446FFF7ECFF963413
:105AF0002044A84294BF281A002038BD38B50D466E
:105B000011460446FFF7DFFF2844606338BD836910
:105B1000006B984228BF184601F19C0383423DBFA9
:105B2000401A9C3840080020704700F05503400898
:105B300000F05500034403F033009B0803F03303E7
:105B4000034403F00F0000EB13107047436800227A
:105B500083F8862083F8C220A3F8BE2070474368EC
:105B60000022A3F8C42093F8C620013283F8C6208F
:105B7000704708B5426892F8C630013B5BB2002B13
:105B800082F8C63003DA52214A20F2F703FA08BD40
:105B9000436883F80B1183F80A217047A0F10A03C8
:105BA000042B0CD9A0F14303012B08D9A0F1200349
:105BB0002E2818BF062B94BF01200020704701201B
:105BC00070474268936F10B513F0080408D143F092
:105BD0000803936782F80811FFF7C1FF204610BD44
:105BE0000120FCE730F8023CF7B530F8A07C054610
:105BF0000E4673B1012268468DF80020ADF80170A1
:105C0000ADF80330F3F7B0FE18B195216320F2F739
:105C1000C1F9082300243370B470A6F803706B7ABE
:105C200055F88C0C7371FEF770FA08B9BA21EDE7DC
:105C30003846F4F779FA21463846F2F77FFD4FF4FB
:105C4000017303F00402204662F307001B0A63F3AA
:105C50000F2003B0F0BD436893F88820063A012A6C
:105C600081BF0A7983F88920062283F888200020E2
:105C70007047426892F88830063B012B84BF0723A7
:105C800082F88830704770B5426892F88750F5B94D
:105C9000B1F80930B2F88060A2F83C32013B9B1B9E
:105CA0009BB247F6FD76B34206D9282382F8A93085
:105CB000F5F73CFB284670BD4B68C2F83E320B7AC4
:105CC00082F8423243680A2283F88720F2E70125EE
:105CD000F0E70B46062203F8032BD0F80920C1F8A1
:105CE0000320D0F80D205A60427C1A720023CB703A
:105CF000704770B5436893F8875006460C46002DF0
:105D000042D129462046FFF79FFD28B9E178304669
:105D1000BDE87040FFF755BF7268B4F80D30B2F8B7
:105D20008010A2F83C32013B5B1A9BB247F6FD7132
:105D30008B4207D9282382F8A9303046F5F7F6FAC6
:105D4000284670BDB4F8073040F2E2414B43C2F838
:105D500044322379C3EB431003EB800303EB83034B
:105D60005B00A2F83E32B4F805304B43C2F8403233
:105D7000B4F80930A2F84832B4F80B30A2F84A322D
:105D80000D2382F88730DBE70125D9E708B54368A2
:105D900093F886201AB12621A320F2F7FBF81D22E2
:105DA00083F8862008BD73B5456895F886301D3B9D
:105DB000022B06460C4623D809891A2919D963896A
:105DC000B3F5A47F15D3A2881A2A12D9E088B0F5BA
:105DD000A47F0ED3009005F13000FFF737FE716805
:105DE000284601F23511F5F797F870680621F6F7A5
:105DF000C3F9002085F8C20085F8860002B070BDA6
:105E00000120FBE74268936FD90610B5044603D41E
:105E1000B021A320F2F7BEF8990601D5B121F8E729
:105E200023F010039367FFF7A4FE60680621BDE826
:105E30001040F6F7A1B909230B70D0F80930C1F86A
:105E4000023070470B460A2203F8022BB0F80920F3
:105E50004A80C27A9A70704738B5436893F8874091
:105E6000054634B1113C0B2C8CBF0124082420467C
:105E700038BD93F88C30002BF9D0FFF770FE6B68BB
:105E8000112283F88720F2E708B5436893F887204A
:105E9000152A04D04FF4BD711F20F2F77BF80122C0
:105EA00083F8C720162283F8872008BD436893F83B
:105EB0008720122A03BF1322002083F887200220A4
:105EC000704710B5436893F88730182B044607D104
:105ED000FFF74FFE63681C2283F88720002010BD67
:105EE0000220FCE708B5436893F88720112A04D004
:105EF00040F2A3111F20F2F74DF8012283F8C720CA
:105F0000122283F8872008BD08B5436893F88720DC
:105F1000162A04D040F2AB111F20F2F73BF81822EA
:105F200083F8872008BD0B46052203F8032BD0F821
:105F30000920C1F80320D0F80D205A60B0F81120D4
:105F40001A81C27C9A72704708B5436893F886201C
:105F50001AB1DD211C20F2F71DF8042283F88620F7
:105F600008BD426808B5936FD90703D4EB211C2004
:105F7000F2F710F823F001039367BDE80840FFF73C
:105F8000F8BD0C23A0F596700B7003884B8070470A
:105F9000436893F886200F2A01BF002283F8B620B9
:105FA00083F8C22083F886200020704738B5456802
:105FB000AB6F13F0040407D1FFF7D1FDAB6F43F0D3
:105FC0000403AB67204638BD0120FCE74268936FAD
:105FD00023F004039367FFF7CCBD08B5436893F83B
:105FE00086201AB170214B20F1F7D4FF0F2283F8DD
:105FF000862008BD10B5D0E90D42A24206D30B8C15
:10600000C98D05334B43121B934202D3012380F801
:106010003E3010BD01230B7000238B7030F8CA3C5A
:10602000A1F80330437A4B714389CB8083890B817C
:10603000704710B5446894F8C9309A070ED494F8A4
:1060400086301BB174214020F1F7A4FF012284F8AF
:10605000862084F8C220A4F8BE3010BDA36F9B0731
:1060600005D5FFF786FDA36F23F00203A367002386
:1060700084F82A31F1E710B50B794C790A680128C8
:1060800043EA042108BF41F48031104610BD07B532
:10609000FFF7F1FF0DF10702F5F764FB03B05DF8C0
:1060A00004FB08B5FFF74FFA002814BF14200020A6
:1060B00008BD10B5F8F774FF0446FFF7F2FF04F5CA
:1060C0005F43D0304FF47A724133B3FBF2F318449C
:1060D00010BD10B5044690F86900FFF7EAFF0122F1
:1060E00001462046BDE81040FFF708BD7FB50446D5
:1060F00018B9AA213020F1F74DFF072900F2D78007
:10610000DFE801F004C933332ED5C1D390F8F43160
:10611000B0F88020DBB1B0F8F231934208BFB0F89C
:10612000A4319A1AA0F8A621A4F88030D4E98223D9
:106130002046C4E98423F7F773FD94F8AB31002BB4
:1061400000F09F8004B0BDE8704000F025BDB0F8BD
:10615000F0319B1AA0F8A631B0F8F0319BB2E3E71A
:1061600004B0BDE87040F8F7DBBDFAF765FBD4E991
:106170008423801A61EB0301012871F1000302DA24
:1061800040F23C61B6E76FF0010383424FF0000339
:106190008B4102DA40F23D61ACE7A3690BB1B0FB81
:1061A000F3F394F88710B4F8F2210D2932D10132BB
:1061B000A4F8F221B4F82A32B4F880500133A4F8DC
:1061C0002A32B4F8BA301D44B4F8B830013DED1AA3
:1061D000ADB202AEB4F8F2116B1A180435D4002334
:1061E00000961A462046F5F765FB012849D1B4F818
:1061F000F221B4F8A011BDF808301344521A120469
:106200009BB204D5EA1A12F4004F18BF0B46A4F84B
:10621000F231DFE7B4F880100B449BB2D11A0D04C1
:106220004DBF0133013293B29BB2A4F8F23194F81E
:10623000F531002BBED1B4F8A431B4F8F221934269
:1062400004BF0133A4F8F231B4E794F88A30039420
:10625000002B14BF08233E2384F8A93030460123C5
:106260008DF80830F5F762F8204600F097FC00231F
:1062700084F8DC3194F8F701FAF7F8FA202384F86F
:10628000F73104B070BD0120FAF7A2FD04B0BDE8FB
:106290007040FEF79FB990F8DC31042B01D0D0217B
:1062A00028E7002380F8DC31EBE7D62122E7DA216A
:1062B00020E713B5002380F8DC31A0F828321A4615
:1062C000009319460446F5F7F5FA20B140F21D2176
:1062D0003020F1F75FFE012384F8DC31C4F8D801E7
:1062E000C4F8D001A4F8F201A4F8F00184F8F50193
:1062F000B4F88030A4F82A02013BA4F8803002B040
:1063000010BDD0F8CC00704710B5044690F810319D
:10631000EBB1FF2380F81831012100F09DFA94F8C9
:106320001031A3B194F8C800FAF7E0FB94F8C80064
:10633000FAF716FD94F8C800FAF798FA20B940F277
:1063400009213020F1F726FE002384F810310020C7
:1063500010BD08B590F8182142B990F8D02042B18C
:10636000D0E93531994202D9F6F778FD002210467E
:1063700008BD0122FBE710B50446FFF792FE00F2CC
:10638000DB112046FFF7C3FB40F64803984228BFC5
:10639000184680B210BD7FB5044690F8AB3103F0CB
:1063A000FF05002B5AD190F8DC31032B56D1FAF7B8
:1063B00043FAD4E98423801A61EB0301012871F1C7
:1063C00000034BDB6FF00103834275EB010104DA3C
:1063D00040F2E5513020F1F7DDFDA269B4F88030DC
:1063E0000AB1B0FBF2F2013313449BB2A4F8F031CE
:1063F000B4F8F021B4F8A4319B1A1BB2002B2DDDA8
:1064000094F8F701FAF772FB40B3FF2384F8F531F3
:10641000B4F8BA30B4F880501D44B4F8B830013D37
:10642000ED1AADB20DF10E06B4F8F031EB1A1B0403
:1064300014D4B4F8F01100960023012289B220464A
:10644000F5F738FA012809D1B4F8F031BDF80E207B
:1064500012FA83F39BB2A4F8F031E5E704B070BD03
:1064600070B5044621B1012977D040F6280171E0CA
:1064700000F009F994F8113105460E46DBB150EAF7
:10648000010318D0D4E93832D4E94001C01A61EBD5
:10649000020133462A46FCF76BFA05FB01F300FBC9
:1064A0000633A5FB00021344D4E93821121843EB4C
:1064B0000103C4E93823E08C30B1F4F78FFDE38C9D
:1064C000B0FBF3F202FB1300D4E93832ED1846EBCF
:1064D00002062D184FF0000346F100060222C4E91F
:1064E0003856C4E9405684F8F030A4F8F82084F80F
:1064F000113194F8183103F0FF01DBB9D4E94202FD
:106500006FF000439A4208BFB0F1FF3F18D0204619
:10651000D4E9405600F0ACF8D4E94232E5305B1BD8
:1065200062EB06021B1A62F10002002A08DA20461A
:10653000F6F794FCF8F7DAFABDE87040FAF780B99C
:1065400094F8C80004F1F001FAF73CFA0028F1D100
:106550004FF4EA613020F1F71DFD002380F8D030C0
:10656000E8E790F81001003818BF012070470B468B
:10657000142203F8032BD0F80920C1F80320D0F827
:106580000D205A60704738B50B46102203F8032BD4
:106590000C4600F10902293052F8041B43F8041B91
:1065A0008242F9D112781A70A5880123A3710021C3
:1065B0002846F2F7ADF870B1E37863B10088F3F7DD
:1065C000B3FD00212846F2F7B9F820B140F22B21A3
:1065D0002D20F1F7DFFC38BD0121F6F7CFB9FFF729
:1065E000FBBF90F87A300BB10120704790F8B220D1
:1065F00002F0FF03002AF7D190F8A4201846704754
:1066000037B504460D464FF490720021FCF704FAAA
:10661000FF2323701323638042F21073E384F2F7A5
:1066200083F90022014620636846F2F7ABF9206B3C
:1066300000220121FDF7E8FE216B68460422F2F7F3
:10664000A1F90022206B1146FDF7DEFE04F12800BF
:10665000A57403B0BDE8304000F03AB9FF23086BE1
:106660000B70FDF79DBE0078FF3818BF0120704702
:1066700010B50446283000F081F961882822F6F729
:106680001FFC6D3010BDD0E9020170470B68C0F8E7
:1066900015308B88A0F819300123C37670472DE997
:1066A000F04F06460C4607460FCE91B006AD0FC51B
:1066B0000FCE0FC596E803000DF1100885E8030022
:1066C000404600F005F9667894F8149094F80AA012
:1066D00094F800B006F07F05B9F1010F2E4607D0FF
:1066E000B9F1020F04D040F29A310620F1F752FCC2
:1066F000617A404600F0F3F8237D227F022B08BF29
:10670000617D02F1010206BF0131C9B20121D2B29D
:10671000404600F0E6F815F0080362D140460193C8
:1067200000F02CF928223146F6F7CAFBE578019BE8
:1067300000F2D722207945EA0025607940F27121E4
:1067400045EA00454D43B2FBF1F24A43AA420AD959
:10675000E079A57945EA0025207A45EA00454D43D0
:10676000954228BF1546227E0393531E5A425A4132
:10677000A17C386B02910192FDF7DFFE386BFDF7CB
:10678000ECFE039B019A0299ADF81A6008958DF80A
:1067900028208DF82B108DF82CA08DF818B08DF8CE
:1067A0001C90099306AE0FCE3D460FC50FCE0FC508
:1067B00096E8030085E8030098E80300B862B9850D
:1067C000E37A03F0FD03003B18BF012387F857303D
:1067D000E368BB65238AA7F85C30002011B0BDE8F0
:1067E000F08F00252B46BEE7438813F0040F0CBF43
:1067F0001F20002070474FF40043C38543881D2BA2
:1068000008BF00214174704790F91200704740881A
:1068100000F0010070478078C0F340007047807836
:10682000C0F3C000704708B5006BFDF77DFE012086
:1068300008BD012070470120704790F85030016278
:106840004B72D0F85130C1F80A30B0F85530CB81D6
:1068500070477047F5F700BE80F87010704780F8F9
:10686000241080F8252070478278034612F001003A
:1068700002D0D978C90710D5900702D5D9788907F1
:106880000AD512F0040008D0D878C0F3800080F058
:1068900001008000C0B2704702207047C0F3400280
:1068A000C0F38003134400F001001844704702282D
:1068B00008B507D0042807D0012807D039212E2099
:1068C000F1F768FB262008BD2720FCE72520FAE722
:1068D0000023C0F8023001234370037070478170B9
:1068E000704710B54270017080781446FFF7D6FFEC
:1068F00010FB01F010FB04F2FE2A03DD5C212E20C8
:10690000F1F748FB10BD0023C3704371037170475A
:1069100010B50446FFF7A8FF637962780133DBB254
:106920009A4263710FD1E378A1780343DBB29942B5
:10693000E37008BF23794FF0000208BF0133627192
:1069400004BFE2702371BDE81040FFF7B0BF38B557
:1069500001468078FFF7A2FF0446C8784D78FFF71C
:106960009DFF0A790B789B1A13FB05F34A7913FBF9
:1069700004F39B1A00FB1530C0B238BD08B50146C0
:106980008078FFF78BFF4B780A7813FB02F313FB39
:1069900000F0C0B208BD40F2EF20704740F25A3319
:1069A0005843704738B553680E3814460D4693F86F
:1069B000862009283FD8DFE800F0053E3E3E0F3E26
:1069C000173E3E26042A05D12046FFF7BFF8204691
:1069D000F4F70AFE002038BD0F2AFBD12046002123
:1069E000BDE83840FFF7D4BA1D2AF3D12046FFF79F
:1069F000ADF8002DEED0626892F8D83023F0200375
:106A000082F8D830E6E793F88720232AE2D10025E0
:106A100083F887502046FFF7ACF8636893F8243179
:106A2000012B03D129462046F3F764FA636800225C
:106A300083F82421CEE740F256213120F1F7AAFA5B
:106A400008B590F80E31FE2B04D040F6CB01312072
:106A5000F1F7A0FA002380F80E1180F80F3112B977
:106A6000A0F8C42008BDA0F8BE30012380F8C230D1
:106A7000F8E708B5436893F88720162A04D040F257
:106A800062513120F1F786FA1A2283F8872008BD77
:106A900008B5436893F88720312A06D1002283F88D
:106AA0008720BDE80840FFF764B8162A03D11A22F0
:106AB00083F8872008BD40F277513120F1F76AFA58
:106AC000037D63B9C37BA3F11002032A07D990F8B1
:106AD000500028B11C2B8CBF0020012070470120E2
:106AE000704702464068097990F886301D2B14D013
:106AF0000BD8042B13D00F2B13D090F88730232BF7
:106B00000CBF1720FE20F6F7BFBB282B0BD02E2B77
:106B100001D0212BF1D11620F5E71420F3E70E2048
:106B2000F1E71220EFE72320EDE7024640680B462D
:106B300090F8D81041F0040180F8D81059791879EC
:106B4000F6F7A2BB38B50C460546D1E90401F1F7CA
:106B50008FFE94F8F70120280FD0F9F7C7FF94F8BB
:106B6000F701FAF7FDF894F8F701F9F77FFE20B97D
:106B700040F635113120F1F70DFA28460221BDE823
:106B80003840F1F7DBBD0020704708B5F4F770FA24
:106B9000BDE80840F4F730BCF2F732BA0022A0F8A2
:106BA000862080F88A2090F8AB3113B10221F5F7E6
:106BB000E3BA0321FBE738B50446084694F83032BF
:106BC00013B10C25284638BD94F88730153B012BAE
:106BD000F7D894F8543203F0FF05002BF1D191B1AE
:106BE00094F8C63123B940F6AC213120F1F7D2F93F
:106BF000052304F1F00204F5DB71FBF76BFD0123C3
:106C000084F83032DEE70223FAE7F4F7A5BA08B5D4
:106C1000F7F720FDF7F7D2FAF7F720F9BDE80840BB
:106C2000F7F7A8B908B5C821F7F778F9022807D10E
:106C3000013911F0FF01F7D1EB213B20F1F7AAF95F
:106C4000431E5842584108BD4FF08053D3F8A0006E
:106C500000F0010070474FF08053D3F8A420D3F820
:106C6000A830511C9BB203D14FF6FF718B4203D069
:106C70000260838001207047002070474FF08053EE
:106C800030B5D3F89050D3F89440D3F89810D3F897
:106C90009C2005EA04030B40134001331FBF05602D
:106CA00044608160C2600CBF0020012030BD4FF005
:106CB000805330B5D3F88050D3F88440D3F888108F
:106CC000D3F88C2005EA04030B40134001331FBFA7
:106CD000056044608160C2600CBF0020012030BDAF
:106CE00010B5F7F7F9FC0446FAF758F8201841F107
:106CF000000110BD10B504460846F8F751F94FF4ED
:106D00007A73B0FBF3F0201A10BD10B504460846A4
:106D1000F8F746F9023C00F2E7334FF47A72B3FB1E
:106D2000F2F3E01A10BD08B5FBF786FDBDE8084098
:106D3000FAF7ECBD801A00F3070038B540B20D46F3
:106D400059B21446FAF7D2FD002328706B70204424
:106D500040B238BD00230360704770470020704781
:106D60004FF0FF3070474FF0FF30704770474FF0E3
:106D7000FF307047002070470020704700230370E9
:106D800070479DF800300022FFF7D4BF4FF0FF306E
:106D90007047002070474FF0FF3070474FF0FF30D2
:106DA00070477047C0B208B520B94FF08043012248
:106DB0001A6008BD5121B520FBF73EFB0020FAF711
:106DC000FDBD4FF08043D3F8080400F00100704788
:106DD0004FF08043D3F8140400F0010070474FF0E7
:106DE0008043D3F81C0400F0030070474FF080424A
:106DF000D2F81834D2F81824C3F3004302F0030287
:106E0000824214BF002003F0010070470020FAF70F
:106E10004FBE0020FAF77ABE0020FAF7CFBD70B55A
:106E2000FBF796FA002405462646E0B2854200D8D4
:106E300070BDFBF793FA0134068580F82A60F4E709
:106E4000F8B5037904461BB11B219D20FBF7F4FA2A
:106E50004679017126B901234371217909B961711C
:106E6000F8BD276826712046B84702280546F4D1A8
:106E700003212046B84708B12F21E6E723682946B9
:106E8000204698470028E8D03021DEE70346006816
:106E9000884204D109B10A681A600846704728B9C7
:106EA0007047884202D10A681A60F6E70346006814
:106EB0000028F6D170470346002018707047EFF3A2
:106EC000108272B603780121DBB2017002B962B69A
:106ED000012B0CBF6FF0220000207047EFF31083EE
:106EE00072B60022027003B962B600207047FBF749
:106EF0007DBCFBF7C5BCFBF7C3BC00280CBF6FF023
:106F00001500002070470020704707230370002001
:106F10007047002070470020704710F8012B11F8CF
:106F2000013B012A28BF9A42F7D0D01A7047034686
:106F300011F8012B03F8012B002AF9D17047034601
:106F400013F8012B002AFBD1181A0138704710B52D
:106F500000210446FCF7C6FC20B92046BDE81040DD
:106F6000FCF750BD04F10040FCF74CFD404261EBE2
:106F7000410110BD2DE9F04786468C460846089E23
:106F8000154674461946002B40F0C2808542B2FA7D
:106F900082F245D94AB1C2F1200300FA02FC2EFA6E
:106FA00003F3954043EA0C0C94404FEA154EA8B207
:106FB000BCFBFEF8230C0EFB18CC08FB00F943EADF
:106FC0000C43994528D9EB1808F1FF3704D29945AD
:106FD00002D9A8F102072B44A3EB0903A4B2B3FB27
:106FE000FEFC0EFB1C330CFB00F044EA0344A04201
:106FF00014D92C190CF1FF3304D2A04202D9ACF100
:1070000002032C44241A43EA07401EB1D440002353
:1070100034607360BDE8F0874746DDE76346F1E71B
:1070200092BB431B01214FEA154EAFB2B3FBFEFCEE
:10703000200C0EFB1C330CFB07F840EA0343984579
:1070400062D9EB180CF1FF3004D2984502D9ACF1AB
:1070500002002B44A3EB0803A4B2B3FBFEFC0EFB1F
:107060001C330CFB07F744EA0344A7424ED92C1902
:107070000CF1FF3304D2A74202D9ACF102032C4435
:10708000E41B43EA0040C0E7C2F1200320FA03F109
:10709000954090402EFA03F303434FEA154EAFB2EA
:1070A000B1FBFEFC0EFB1C10190C0CFB07F841EAAF
:1070B0000041884504FA02F422D969180CF1FF3026
:1070C00004D2884502D9ACF102002944A1EB0801A1
:1070D0009BB2B1FBFEFC0EFB1C110CFB07F743EA55
:1070E00001439F420ED9EB180CF1FF3104D29F42AD
:1070F00002D9ACF102012B44DB1B41EA004192E7CB
:107100006046E3E76146F7E76046A3E76346B7E713
:10711000834206D916B9002108467BE7C6E900E09C
:10712000F9E7B3FA83F78FB9834201D3724508D8E0
:10713000BEEB020460EB030301209C461EB9002154
:1071400068E73846FAE7C6E9004CF8E7C7F1200CD3
:10715000BB4022FA0CF41C432EFA0CF120FA0CF37B
:10716000B84001434FEA14490EFA07F5B3FBF9F8AA
:107170001FFA84FE09FB18300B0C08FB0EFA43EAD9
:1071800000439A4502FA07F240D9E31808F1FF30AC
:1071900004D29A4502D9A8F102002344A3EB0A03C2
:1071A00089B2B3FBF9F809FB183308FB0EFE41EA7C
:1071B00003418E452CD9611808F1FF3304D28E4566
:1071C00002D9A8F10203214443EA0040A0FB02983F
:1071D000A1EB0E014145CE46434602D306D14D45B3
:1071E00004D2B9EB020E68EB04030138002EA6D0DE
:1071F000B5EB0E0261EB030101FA0CFC22FA07F376
:107200004CEA0303F940C6E9003198E74046C5E778
:107210004346D9E700000000F0B5002285B01146D2
:1072200002AF40F6034005F01DFD044600285BD187
:1072300005F098F921463A1D41F2030005F012FDD0
:107240000446002850D17A68C14DD168D1F80100B8
:10725000D1F8051005F1780303C3104603F060FB75
:1072600021463A1D41F2010005F0FCFC04460028CD
:107270003AD17868C3685A7885F870205A88A5F89A
:1072800072201A7985F87120B3F80720A5F87420C8
:10729000B3F80530A5F8763003F042FB21463A1DDD
:1072A00041F2020005F0DEFC0446E8B9D7F804C05C
:1072B000DCF80C2005F18006531C4132186859682F
:1072C000344603C4083393422646F7D1604603F0A0
:1072D00027FB95F87C305B060AD49E4A9E48012124
:1072E0001AF034FD6FF0120420460C37BD46F0BD95
:1072F0003A1D002142F2030005F0B4FC04460028C8
:10730000F2D17A68954BD168D1F80100D1F8051017
:1073100003C3104603F004FB21463A1D42F202006B
:1073200005F0A0FC04460028DED17E68F468B4F8BD
:1073300001309AB292B1E27882B1A5F80431E378D3
:10734000202B06D0202200928348854A022119F082
:107350008CF8E278834811461EF0ABFD304603F00E
:10736000DFFA95F87C601F2316F02006A5F820317F
:1073700019D14FF0FF304FF0FF3105F01BF90446F3
:10738000002800F09D8002210C3019F0F7F901234C
:10739000037046702146324640F66D4005F062FCAF
:1073A00004460028A0D195F89C301E0712D53A1D3E
:1073B000002142F21C0005F055FC0446002893D140
:1073C0007868C368D3F80120D3F80530C5E93823BD
:1073D00003F0A6FA95F8D8305C0610D53A1D0021C6
:1073E00042F22A0005F03EFC044600287FF47CAF00
:1073F0007868C3685B7885F8223103F091FA4FF022
:10740000FF304FF0FF3105F0D5F80446002857D083
:1074100008210C3019F0B2F995F8D81011F0400F8E
:10742000024640F2022308BF032388074CBF43F003
:107430002C0043F00C008B0695F8D93048BF40F083
:10744000400013F0090F18BF40F40060CE0748BF9A
:1074500040F0100000211AF09BFC2146002242F26D
:10746000010005F0FFFB044600287FF43DAF95F8CE
:107470007C30B5F80411980625D4C9B93A1D41F2FB
:10748000050005F0EFFB044600287FF42DAFB5F8AA
:1074900004317C684BB9E368B3F80120A5F80421F6
:1074A0009A88304811461EF004FD204603F038FA51
:1074B0004FF0FF304FF0FF3105F07CF8044660B923
:1074C0006FF0680410E70029F2D1274A2248012111
:1074D0001AF03CFC6FF0040406E708210C3019F0A8
:1074E0004DF995F8D830D907024629D41F484FF0F6
:1074F00000511AF04DFC2146002240F6014005F0F3
:10750000B1FB044600287FF4EFAE01463A1D4FF66A
:10751000014005F0A7FB68B3154A0F4802211AF095
:1075200015FC06F0E3F9044600287FF4DDAE07F011
:1075300029FE044600287FF4D7AE05F059F9D3E6BA
:1075400001A1D1E90001D4E7908800020080002069
:1075500010040020FF9E0500CC7C0500E8040020FC
:10756000239F050018050020699F05001088000270
:107570008C9F05007B68DC68B4F80130032B96BF54
:10758000434A444952F823106E468AB002AA424840
:10759000D3614FF400731384404BC2E9050142F8F4
:1075A000103F3F484FF413511AF0E3FBB4F80120A9
:1075B000B4F80330022AB54649D1052B47D8394AD9
:1075C00052F823106E468AB002AA3748D3614FF4AE
:1075D00000731384314BC2E9050142F8103F4FF4A8
:1075E00013512F481AF0C5FB637994F806C0D4F8FC
:1075F0000900032BB54698BF2C4AB4F8076094BF26
:1076000052F8231023496C468CB002AADFF8A0E0A0
:10761000C2E9073C4FF400739385264BC2E905E1AC
:10762000C2E909604FF4735142F8103F1C481AF048
:10763000A0FBA546786803F073F93A1D00214FF6C8
:10764000024005F00FFB044618B11B4A65E71149DB
:10765000B8E77868C368B3F80130A5F8C13003F023
:107660005FF995F8C1305B077FF55BAF3A1D2146A6
:107670004FF6034005F0F6FA08B1104A4DE7786876
:10768000C3685B7885F8C03003F04AF949E700BF6A
:107690009C8305006F9D0500B09F0500040000015C
:1076A000CC7C050084830500C99F05007483050018
:1076B000E19F0500070000010EA0050037A00500AE
:1076C00070B5144606460846FBF71AFF2146FBF73D
:1076D0006BFFFFF73CFC0E4D80FB05450AA3D3E989
:1076E000002320462946FCF725F90A4A306000238A
:1076F00020462946FCF71EF9064A0023FCF71AF932
:10770000726070BDAFF300800010A5D4E8000000E7
:107710003AA3950040420F0070B51446064608464D
:10772000FBF7EEFE2146FBF73FFF1349134DFBF736
:10773000EFFFFFF70CFC80FB05450BA3D3E900230B
:1077400020462946FCF7F6F809A3D3E90023306068
:1077500029462046FCF7EEF8094A0023FCF7EAF830
:10776000726070BDAFF3008000209BF35E100000DC
:1077700080A812010000000000002041D8EF2F0077
:1077800040420F0000000000072970B5054633D1C4
:1077900053681068204AD917C0FB0231012B71F1E0
:1077A00000022CDB1D48181841F1000118A3D3E991
:1077B0000023FCF7BFF802282E6917D0102817D035
:1077C000042817D008281AD10324214628461CF083
:1077D000DFFF002816DB124B33F814103D20A1FB0D
:1077E0000001FBF7A3FEF060002070BD0024ECE771
:1077F0000124EAE70224E8E76FF08500F5E76FF07F
:107800001500F2E76FF00400EFE700BFAFF3008070
:107810003AA395000000000040420F009DD14A00AD
:10782000FC8D05000000000070B50D46032D1146CB
:1078300004461A4609D0072D0BD0314A314802219F
:1078400018F000FE6FF085003EE0BDE87040FFF7E5
:107850009BBF0729F6D159681D682B4BC8170A46EC
:10786000C5FB0320B425A2FB0531012A05FB00114D
:1078700070F1000029DB254818181FA3D3E9002365
:1078800041F10001FCF756F8FA2826D0B0F5FA7F4E
:1078900025D0B0F57A7F24D0B0F5FA6F23D07D28BB
:1078A00023D104252946204626691CF081FF0028A3
:1078B0001EDB174B33F8151041F21710A1FB000126
:1078C000FBF734FEF061002070BD1248181861F11A
:1078D000000109A3D3E90023D4E70025E2E701254D
:1078E000E0E70225DEE70325DCE76FF01500EBE7B4
:1078F0006FF00400E8E700BFD8EF2F0000000000A1
:10790000BEB90500747C050040420F00ECF717007B
:10791000F28D05001408E8FF036803F01F025B09FD
:10792000026004D0012B034818BF002070474FF0BD
:10793000A04070470003005038B504464068FBF78C
:10794000DFFD0649FBF7E4FE05462068FBF7D8FD9E
:1079500001462846FBF720FD38BD00BF00247449CE
:10796000F0B52149214BB1F9002091F9025053F8AB
:107970002540831A4ABF131A002008209C42DCBF0E
:107980001B1B40F004006610B3EB640FA4BF9B1BED
:1079900040F00200B3EBA40FA8BF40F00100E310D9
:1079A00010F0040F18BF1B19A710840748BF9B19BC
:1079B000C60748BFDB199BB2040792B253BF9B189E
:1079C000D21A13B21BB200F007020B80084B53F817
:1079D00022302B445BB2582BA8BF582323EAE37311
:1079E0008B70C0B2F0BD00BF3C5A002098800500EB
:1079F000FC81050007B5019001A8FFF78DFF019BF1
:107A000000EB8300054BD0F80027134043F003033D
:107A1000C0F8003703B05DF804FB00BFF0F8FCFFCE
:107A200008B5044A0448032118F00CFDBDE80840DD
:107A300000F0AEB9188E05007C7C05002DE9F047FA
:107A4000314A3248324EDFF8CC80304F032118F0F3
:107A5000F9FC12F07BFA002848D012F07FFA0028D7
:107A600044D0337803F0FF0263B92B4B1A6012F055
:107A700019FC034678BB01233370284A032138469A
:107A800018F0E0FC26484FF4807112F095FC044693
:107A900050BBDFF88C90DFF88CA0B9F90000FFF73D
:107AA0005FFF0546B9F90200FFF75AFF05F00F0521
:107AB0006308023445EA0015B4F5807F0AF80350E4
:107AC00009F10409E9D11748802112F023FB0028AD
:107AD000BFDA0F2005E0144A3846012118F0BBFC3C
:107AE000C82017F087FCB4E70A20FAE7337843B1DF
:107AF00012F040FC0023337003214246384618F050
:107B0000A1FC6420EDE700BF4A8E05007C7C0500E7
:107B1000E25C0020BA8E05003C5A0020778E0500FA
:107B2000405A0020625C00209B8E05002DE9F04F3A
:107B30006420A1B017F05EFC6C4A6D48032118F078
:107B400081FC12F011FB031E04DA6A4A6848012125
:107B500018F081FC00221146012012F041FB12F0C6
:107B6000BBF8031E04DA644A6148012118F073FC73
:107B700000F0D8F812F050FB031E04DA5F4A5C48AC
:107B8000012118F068FC00220023CDE90623002320
:107B90000822CDE90323CDE90133594900934FF47D
:107BA0000062584B584811F011FA12F0DDF9031E2B
:107BB00004DA564A4E48012118F04DFC544812F0A0
:107BC000BFF9544812F0F6F9031E04DA524A484845
:107BD000012118F040FC0024A34614A812F0BCF8C0
:107BE0000990002871D114A8FFF7A6FE814616A8B7
:107BF000FFF7A2FE804618A8FFF79EFE82461AA84D
:107C0000FFF79AFE07461CA8FFF796FE06461EA839
:107C1000FFF792FE054600F0D3F848B331462A46F6
:107C2000384600F0D3F80BF1010B0522BBFBF2F252
:107C300012F0010214BF099A0121054616BF114630
:107C40000846104612F0CCFA75B1344A2848032190
:107C500018F0F8FB00220121104612F0C1FA4FF48F
:107C6000FA7017F0C7FB2C46212017F0C3FBB4E7CE
:107C70002B4B029352463B4641464846019500969F
:107C800000F0FEF80DAA0CA90BA800F0EFFACDF851
:107C90003890CDF83C80CDF840A0119712961395FE
:107CA00012F054F960B124210BA812F007FA0CB1BC
:107CB0000024D9E701222146204612F091FAF7E785
:107CC00094B9224621460120F7E712F005F812F098
:107CD0003DF9024628B100210122084612F080FA3F
:107CE000C2E701460120F9E70446BDE7D48E05004E
:107CF0007C7C05001D8F0500458F0500698F050000
:107D0000C06300203D7A0300881F0020948F050087
:107D100015F40400B88F0500CA8F0500EE8F05002A
:107D2000022B073D0E4B4FF07E521A600D4A002386
:107D300013600D4A13600D4A13600D4A13600D4A1B
:107D400013600D4A13600D4A13600D4A13600D4A0B
:107D500013600D4A002313700C4A1380704700BF54
:107D600080050020AC380020A8380020A43800206E
:107D700094380020903800208C380020A038002053
:107D80009C38002098380020E35C0020405C0020F4
:107D9000064B01221A70064B00221A80054A002366
:107DA0001360054A1360054A13607047E35C0020C6
:107DB000405C002088380020843800208038002073
:107DC000014B1878704700BFE35C00202DE9F843B1
:107DD000DFF8888098F800700D4614461FB9002718
:107DE0003846BDE8F883DFF87890D9F80010FBF743
:107DF000D3FAC9F80000DFF86C900646D9F80010F5
:107E00002846FBF7C9FAC9F80000DFF85C90054680
:107E1000D9F800102046FBF7BFFA144AC9F8000051
:107E2000138801339BB2592B04461380D7D91049CC
:107E30003046FBF76DFC0F4B0D4918602846FBF7E9
:107E400067FC0D4B0A4918602046FBF761FC0B4BA1
:107E50001860002388F80030C2E700BFE35C002010
:107E6000883800208438002080380020405C0020C2
:107E70000000B442A03800209C3800209838002030
:107E80002DE9F04F1746A84A89B082468946184620
:107E90001168FBF77FFAA54B019019681298FBF760
:107EA00079FAA34B029019681398FBF773FA5146BD
:107EB00003905046FBF778FB494604464846FBF7DB
:107EC00073FB01462046FBF767FA394604463846FD
:107ED000FBF76AFB01462046FBF75EFA1FF040FB0A
:107EE000944B9549D3F800B0944B1C68944B1E6892
:107EF000944B80461D68FBF713FD002800F0C580F9
:107F000041465046FBF704FC414604904846FBF7C7
:107F1000FFFB414605903846FBF7FAFB21468046B9
:107F20005846FBF741FB294607463046FBF73CFB2A
:107F300001463846FBF72EFA0146FBF72DFA31468B
:107F400006905846FBF730FB294607462046FBF7CC
:107F50002BFB01463846FBF71FFA0146FBF71CFADC
:107F6000314682463046FBF71FFB594607465846C6
:107F7000FBF71AFB01463846FBF70CFA2946074681
:107F80002846FBF711FB01463846FBF703FA21466A
:107F900007462046FBF708FB01463846FBF7FCF98D
:107FA000814601460598FBF7FFFA514607464046D1
:107FB000FBF7FAFA01463846FBF7ECF90699079009
:107FC0004046FBF7F1FA494607460498DFF8788106
:107FD000FBF7EAFA01463846FBF7DCF951468146E1
:107FE0000498FBF7E1FA069907460598FBF7DCFAD7
:107FF00001463846FBF7CEF9149907460798FBF778
:10800000D3FAD8F80010FBF7C7F9C8F80000DFF87A
:108010003C81149904904846FBF7C6FAD8F8001042
:10802000FBF7BAF91499C8F8000082463846FBF706
:10803000BBFA474A1168FBF7AFF9454A049B106049
:10804000444980461846FBF7AFFA0799FBF7A4F9B5
:1080500001460198FBF7A0F93E4901905046FBF715
:10806000A3FA4946FBF798F901460298FBF794F901
:10807000384902904046FBF797FA3946FBF78CF9EE
:1080800001460398FBF788F903900199DFF8A4A053
:108090000BF10040FBF788FA294607460298FBF7E8
:1080A00083FA01463846FBF775F9214607460398DF
:1080B000FBF77AFA01463846FBF76CF94FF07C5132
:1080C000FBF772FA1499FBF76FFA3146FBF764F984
:1080D0001B4B8146186031460198FBF765FA29462B
:1080E00007460398FBF760FA01463846FBF754F958
:1080F000214607460298FBF757FA01463846FBF738
:1081000049F94FF07C51FBF74FFA1499FBF74CFA01
:108110005946FBF741F931468046CAF800000298FB
:10812000FBF742FA594617E0A03800209C3800209F
:1081300098380020AC38002017B7D138A438002078
:1081400080050020A83800209438002090380020B6
:108150008C3800200AD7A33B07460398FBF724FA84
:1081600001463846FBF716F9214607460198FBF70A
:108170001BFA01463846FBF70FF94FF07C51FBF72D
:1081800013FA1499FBF710FA2946FBF705F9334A5D
:108190000746106031460398FBF706FA5946064633
:1081A0000298FBF701FA01463046FBF7F5F829463D
:1081B00006460198FBF7F8F901463046FBF7EAF866
:1081C0004FF07C51FBF7F0F91499254EFBF7ECF9D1
:1081D0002146FBF7E1F84946044630604846FBF784
:1081E000E3F9414605464046FBF7DEF901462846DD
:1081F000FBF7D2F8394605463846FBF7D5F9014674
:108200002846FBF7C9F8214605462046FBF7CCF97E
:1082100001462846FBF7C0F81FF0A2F911490546B0
:10822000FBF77EFBB0B129464846FBF771FA0E4BCF
:10823000294618604046FBF76BFA2946CAF8000049
:108240003846FBF765FA054A294610602046FBF7D9
:108250005FFA306009B0BDE8F08F00BFA838002099
:10826000A438002017B7D138800500202DE9F84345
:108270000D4616460446002834D04B4BD3F80080F8
:108280004A4B41464046D3F80090FBF78DF94946EA
:1082900007464846FBF788F901463846FBF77CF865
:1082A0000146FBF779F801464FF07E50FBF772F874
:1082B0003F4B074619684046FBF776F93D4B804631
:1082C00019684846FBF770F901464046FBF764F829
:1082D0000146FBF761F8394616F07EFE3649FBF79A
:1082E00063F9206005B3314B1968314B1868FBF70F
:1082F0005BF92D4B19682F4B04461868FBF754F9AE
:1083000001462046FBF746F80146FBF745F84FF0DB
:108310007E51044620F00040FBF7F8FA00283AD0DE
:10832000264B63F31E042C60002E32D0214B1D68B7
:108330001E4B1F6839463846FBF736F92946044676
:108340002846FBF731F901462046FBF725F80146A0
:10835000FBF722F801464FF07E50FBF71BF8144B59
:10836000044619682846FBF71FF90F4B05461968A4
:108370003846FBF719F901462846FBF70DF8014688
:10838000FBF70AF8214616F027FE0B49FBF70CF91C
:108390003060BDE8F883204616F0E0FC0649FBF7A4
:1083A00003F92860C0E700BFAC380020A8380020DF
:1083B00080050020A4380020E02E65420000B44271
:1083C0002DE9F04F91B08407009302F0040302936B
:1083D000C2F3C20303F10103DDF86880039205468E
:1083E0000E46059340F0BA81041D30B1072909D823
:1083F0006FF01B0011B0BDE8F08F01F007063444A8
:10840000C6F10806009B4FF00009591E4FF0040A00
:108410004FF0FF330193CDF810904F46CB465346B3
:108420000DB1009A22600598002800F3E880984872
:10843000009A824203D397488242C0F0E080039AB8
:10844000A4EB050E92074FEA9E0000F103810F2F67
:1084500000F2B180002D00F0058107F140020DEB24
:10846000020C019A0CF8200C0CF8102C0498013026
:108470000490E7E07A285DD84B280ED8472859D8D1
:1084800029282DD8252852D054D820287AD023380E
:10849000D0F1000B4BEB000B74E04C382E2849D880
:1084A000DFE800F07048484848484848484848488D
:1084B0004B484848484848484859484B4B595959EF
:1084C000704B6D487048184B184848827F4B48489D
:1084D0004B487F0000204FF0000B4FF0040A38E0BB
:1084E0002A38C0B2012202FA00F010EA0E0F49D178
:1084F00010F0625C2FD110EA020B43D06046013CC1
:108500005444B4FBFAF40AFB04F4002D61D0A3EB4D
:10851000050CA444B4453FF66BAF002868D1042B8A
:1085200047D158F8043B2360043404232AE0019A1D
:10853000013A01924FF0000B24E011F8010C6C2875
:1085400034D111F8023C00206C2B8346C5D14FF08A
:10855000080A5346D3E708F1070828F0070807344C
:10856000F8E802AB24F0070435B106982044B04285
:108570003FF63EAFC4E900AB08344FF0000B4FF0BC
:10858000080A534611F8010F002878D0BBF1000FFC
:108590007FF470AF2528F5D1019B013301934FF093
:1085A000010B4FF0040AECE7584694E7002083469D
:1085B000A5E7082B02D06FF015001BE708F10708AC
:1085C00028F00708F8E80223C4E900230834082348
:1085D000D8E768B9042B02D108F10408A4E7082BF6
:1085E000E9D108F1070828F0070808F10808EDE7C5
:1085F000059A013A059258F8042B009210E7039A65
:10860000900720D5A4EB050E4FEA9E004FF0010C19
:10861000BEF5007FCFD20F2FCDD8F5B107F14002C4
:108620000DEB020EC0B2019A0EF8200C0EF8102CC1
:10863000BCF1000F3FF41AAF60F07F000EF8200C81
:1086400009F101090137C5F10802043406924FF619
:10865000DA7E97E74FF0000CDAE7BCF1000F01D0AB
:108660000136EFE7029802360028EBD10098CDE9F9
:108670000631FEF764FCDDE906310644E2E7631BE0
:10868000B3F5806F97D23DB9A6F10804E018B1E6C2
:1086900024760500F0C10500029A28609B082B7023
:1086A0009DF81030C2B1EB7085F80290B9F1000F5F
:1086B00005D008A80022C5F1010C97420ED1C5F1E2
:1086C00001030DF120084FF0000A01930DF1300B6A
:1086D000574512D1601B8DE66B70E5E710F8013B42
:1086E000190608D50CEB040EB64503F07F033FF6E0
:1086F0007FAE04F8013B0132DFE7B9F1000F03D090
:1087000098F90020002A17DB029BD3B11AF80B203E
:1087100004F8012B0022019B18191044B0423FF6C7
:1087200067AE98F8000004F8010B00990392204608
:108730001EF063FE039A14440AF1010A08F10108CD
:10874000C6E798F8002055F822300093029B45F8C0
:1087500022300098FEF7F3FB421CDCE76FF00D00BF
:1087600048E600BF2DE9F04F97B000AF90F802A0A7
:10877000D7F880B03B62CBF3C0030446FA62BB611A
:10878000894641B9457800780AEB800020444D4580
:1087900017D8A0EB0409E378FB61BAF1000F02D00F
:1087A0001BF0010F16D1FB6953BBFB6A1BB13A6A80
:1087B0004946204698474D4628465C37BD46BDE8A9
:1087C000F08F461C3046FEF7BAFB0130304409F109
:1087D0000109DCE7237862687A62FA6A99007961B4
:1087E00004EB8301002A40F000814D460E4601EB68
:1087F0000A094FF000084E454CD101EB0A0610E083
:108800001BF0020FD1D023789A007A6162687A62F5
:10881000FA6A04EB8301002A77D14D4601EB0A0680
:1088200090461BF0050F0CBF02230123FB62FB697E
:1088300006EB430A0BF00203BB625645BCD016F8A8
:10884000021B16F8013C54F82390994B994502D32A
:10885000984B994536D3BB69002B40D0786A17F006
:10886000CEF800283BD0E9468AB06A46924B536165
:108870007B6AC2E906314FF4007313848F4B42F8D0
:10888000103F8F4800234FF4125100F023FD023DAA
:10889000CD46D2E716F8013BF96254F82300FEF703
:1088A0004EFBD7F88430F96A01304BB1D7F88830E5
:1088B00098453EBFD7F8843023F8180008F1010826
:1088C000054498E7BB6923B1786A17F098F8002847
:1088D000C9D11BF0010F05D1FB6AED1AADE7BB6AE8
:1088E000002BAAD04846FEF72AFBD7F8843053B1B4
:1088F000D7F8883098453FBFD7F88420431C22F82A
:10890000183008F10108054497E7BAF1000F72D05A
:108910001BF0040672D0D046002607F148005246EC
:108920003B61B9621EF069FDB96A3B6901EB0A025D
:10893000BA62FA69F9695200FA60BA6A02EB410256
:108940003A610BF00202BA603A69B96A8A4257D1B9
:1089500062787A621BF0020F32440CBF4FEA580172
:1089600000211BF0010FD2B240F09F801BF0040FDA
:1089700014BF40460020BB616270A070E1703A6A8B
:108980007969FB6A20469847051EFFF615AFBB695B
:1089900023707B6A6370FB69E37041463A6AFB6A45
:1089A00084F802A007F148009847B0F10008C0F22F
:1089B000BB807B693A6AA9EB0A01C91AFB68C91A2C
:1089C000D7E90A0398470028C0F2B080A84408EB12
:1089D00000054FF0000B07F1380AB34572D30021B0
:1089E0003A6AFB6A08469847E6E656464FF00008A2
:1089F00007F1380093E75646D04697E7B04695E72B
:108A0000BA6A12F8021BBA6212F8015C284A54F8DA
:108A10002500904202D3274A90421ED3BA6932B150
:108A2000786A7B6016F0EBFF7B6800288CD1BA680F
:108A300002BB08F1280207F1300C08F10100944450
:108A400007F1580252FA80F008F102080CF8101CE5
:108A50005FFA88F800F8105C76E7BA693AB1786A8C
:108A60007B6016F0CCFF7B6800287FF46DAF1BF0B5
:108A7000010F09D006F1280207F13000711C161809
:108A800006F8205CCEB25FE71BF0040F3FF45CAF4A
:108A900008F1280207F1300008F1010102EB00089B
:108AA00008F8105C5FFA81F84EE7002063E700BF2A
:108AB00024760500F0C105001890050004000001AF
:108AC0000C7D05001BF80A3087F8373054F82390E6
:108AD000D7F884302BB3D7F888309B4521D2D7F80C
:108AE000843033F81B803A6AFB6A012107F13700B2
:108AF000984700281ADB0544B8F1000F06D1484614
:108B0000FEF71DFA00F101081FFA88F83A6AFB6ABD
:108B1000414648469847002808DB05440BF1010B05
:108B20005BE74FF00008DEE7454645E6054643E6CD
:108B3000014B1860704700BF8405002080B50546D2
:108B40000E461746984610F005FD03461EF060FDE0
:108B5000DFF81890044649F800304246304639465E
:108B6000A84754F8090001F01DFB00BF08000000F1
:108B70002DE9F047058B04462807904611D40229B9
:108B800005F0070540F0CC80204617F000FA78B1D8
:108B90000138218B042811D8DFE800F0C2106D8560
:108BA000950001290CBF45F0100545F020052583EF
:108BB00088F31188BFF36F8FBDE8F08701F0070AD3
:108BC000AA4500F0A5800027B9463E46A368002BC1
:108BD00000F0BC8041F00801218388F31188BFF3C5
:108BE0006F8FA168002900F0BA800D68002900F09D
:108BF000B680D1F80480334652462046C047002D47
:108C000076D02B6829461D46F0E701F007035A1F6E
:108C1000012A1BD8002221F00701062B276889B200
:108C2000C4E9002209D13B4603E0628B0132628332
:108C30001B68002BF9D141F002012183204617F077
:108C4000A6F900287AD041F0200176E0042B0AD161
:108C500021F0070189B22183204617F098F910B15D
:108C600041F020012183218B01F0070AAA454FD052
:108C70000027B946AAE7236921F0070141F0060160
:108C8000062DD3F8009021832DD1B9F1000F3FD0EC
:108C900041F00801218388F31188BFF36F8F3A49AF
:108CA0002046C84729E021F00701236941F004016B
:108CB00089B2042DD3F804902183E6D000273E46E4
:108CC0004FF0040A82E721F00701236941F0050112
:108CD00089B2052DD3F808902183D6D000273E46CF
:108CE0004FF0050A72E700273E464FF0060A6DE78F
:108CF0002B4687E7B9F1000FD1D1EFF3118840235C
:108D000083F31288BFF36F8F238B23F00803238331
:108D1000258BEA062ED525F01003238305F00705E1
:108D20006669218B002EBFF670AF00232768C4E967
:108D3000003321F0070141F001012183218B01F073
:108D4000070AAA454FF000097FF440AF002F9CD0DE
:108D500041F00801218388F31188BFF36F8F002F42
:108D6000C8D03D68394633465246204617F03BF995
:108D70002F46F4E7AB067FF51BAF25F020032383D6
:108D800005F0070500E700BF130005002DE9F047D7
:108D9000DFF85880044607464FF0010914B93846F9
:108DA000BDE8F08794FAA4F5B5FA85F509FA05F35C
:108DB0002E0108EB05156FEA030A24EA03042B7B56
:108DC000002BEBD058F806301B694BB946440422FF
:108DD00073682846196807EA0A0717F0C3FADDE73F
:108DE000284698470028D9D1F0E700BFD47D050078
:108DF00030B51049104889B000221DF03BFB0F4DE3
:108E00000F494FF400320023CDE9062300240E233E
:108E1000CDE90334CDE901440A4B00944FF440728C
:108E2000284610F0D3F8084928461DF074F920466A
:108E300009B030BD4D8E0300B02400201820002062
:108E4000006C002079910300CC90050001480FF0E0
:108E500077BD00BF340E00202DE9F0478046214841
:108E60000F4617F05FFA0646002833D00025284643
:108E7000BDE8F087237B83B12368DB680BB1204614
:108E80009847636883F8069023681B69D3B96368C1
:108E900004221968204617F065FA0136103454454B
:108EA000E8D3B8F1000FE2D0002DDFD02846FFF75D
:108EB0006DFF0546002FF7D000214FF4A4701DF080
:108EC000E2F9F1E7204698470028E0D009FA06F3D6
:108ED0001D43E2E7044CDFF814A005464FF00109FA
:108EE000DDE700BFC0380020D47D0500E47D05002B
:108EF000014B53F8200070475082050008B5034627
:108F000008462BB1044A136000F07AFC002008BD2B
:108F10006FF01500FBE700BF8805002010B5044C7A
:108F2000237813B903480FF00BFD0123237010BD04
:108F3000E45C0020340E002010B504460B4817F006
:108F4000F1F95CB1BFF35B8F094B53E8001F0139A6
:108F500043E80012002AF8D1BFF35B8F05481DF0EB
:108F600095FA0548BDE810400FF0EABCB83800207B
:108F7000BC380020B0240020340E00200020064B16
:108F8000BFF35B8F014653E8000F43E80012002A4D
:108F9000F9D1BFF35B8F7047B838002070B5FFF789
:108FA000EDFF084C084E0546B44200D370BD63681F
:108FB0005B792BB123685B6813B12946204698473B
:108FC0001034F1E7D47D0500E47D050010B5044CB4
:108FD0000449204616F059FE034B1C6010BD00BF2B
:108FE000680C00203C820500B03800200D4A0E4875
:108FF000002310B513700D4A13600D4A4FF4004161
:109000001360FFF77BFFFFF7E1FF0A4B0A491846A1
:109010008B4200D310BD1A1A5C6812110132227102
:109020001033F5E7E55C002021030500B838002087
:10903000BC380020D47D0500E47D050001460022F7
:109040000148002316F042BE680C0020014816F0CB
:10905000DBBE00BF680C0020024B0146186816F00A
:1090600027BF00BFB0380020014816F05CBF00BF2A
:10907000680C002070B5294B187800284DD0FFF7F8
:10908000E5FF0546002845D1254B264C1B68002BE3
:1090900019DD1DF0A7F94FF47A72A0FB020302FB61
:1090A0000131C30BD4E9002043EA41439B1A4FEA44
:1090B000D13140F2E93261EB0001934271F10001DC
:1090C00001D3FFF76BFFD4E9003213F57A7342F155
:1090D0000002C4E90032BDE87040FFF7C5BF636815
:1090E0005B7923B1236829461B68204698471034D2
:1090F000B442F4D32846FFF7AFFFBFF35B8F0A4BB0
:1091000053E8001F013943E80012002AF8D1BFF3E9
:109110005B8FB9E7054C064EEAE770BDE45C0020C2
:10912000B8380020A8240020BC380020D47D0500D9
:10913000E47D050070B50D4D297861B90120FFF778
:109140008BFE0B4C0B4EB44206D3FFF793FF002867
:10915000FBD101232B7070BD63685B791BB1236861
:1091600020469B6898471034EDE700BFE55C00207F
:10917000D47D0500E47D050000212DE9F047084677
:10918000FFF76AFE044658B340F267684FF00009E3
:109190001EF03EFA1B4B1C4A1B58136033B11B4B8D
:1091A0001B68092B02DD1A480FF0CAFB194FDFF8C4
:1091B00060A0002544B12046FFF7E8FD044618B939
:1091C0004FF0FF384FF0FF39FFF754FF064628B93C
:1091D000B5B942464B4650460FF0ECFB3546E9E741
:1091E0004FF0FF384FF0FF39D2E72B689B691BB176
:1091F00000221146284698471035BD42F5D3E8E7CE
:10920000054DFAE708000000B4380020BC38002003
:10921000340E0020E47D0500D47D050013B5184808
:1092200017F080F8174B1B7873B1EFF311844023CC
:1092300083F31288BFF36F8FFFF71CFF84F311884D
:10924000BFF36F8F02B010BD0F4B1B68002BF9D01E
:1092500050B900220023CDE900230C484FF400420E
:10926000002310F073FCEDE70928EBD107481DF04F
:109270000DF9074802B0BDE810400FF061BB00BF18
:10928000BC380020E55C0020B4380020B024002069
:10929000340E002010B5064B1B6804469847214643
:1092A000A060044816F091FDBDE81040FFF7B6BF7E
:1092B00088050020680C0020044A054B9B1AB1EB7E
:1092C000D30F34BF52F8310000207047747C050082
:1092D000D47D05002DE9F04F8FB004AFC1F34A28CB
:1092E000B8600D4691467B600C0DB8F1000F63D05D
:1092F000002607F114034FF0040B4FF00A0AC7F8D9
:109300000C80C7E907667E620193CDF808B0CDF8FE
:1093100000A007F11C03F96832464846FFF722FA1D
:10932000B0F5006F03461CD36C468AB0D9F8041020
:1093300004AB2648C3E9050140F2FF71D9611A4622
:109340004FF400711984224B42F8103F21483346F4
:109350004FF41251FFF7BEFFA5462C37BD46BDE8BE
:10936000F08FC0F30A0804F11700184420F007003A
:1093700080083B60FFF762FE68F35325044690B116
:109380003B68154AC7E9083600F1100107F11403DC
:10939000F961CDE900A3CDF808B0F96807F11C0325
:1093A0004846FFF7DFF968F353257B68B9682A461A
:1093B000204616F0F7FFD0E704F1170020F0070071
:1093C0008008FFF73BFE0446EDE700BFE190050093
:1093D00004000001447D0500770305002DE9F04FEE
:1093E00087B0DDE91279DDE9105A0446039193460E
:1093F0009846BFB1CDF800903B4652461021002060
:10940000CDF81490FEF7DCFFB0F5006F06460AD3E6
:10941000184A194840F2FF73022107B0BDE8F04F27
:1094200017F019B83E4605F11700304420F0070048
:1094300004F007048008FFF701FE0BF0070BE400BF
:1094400044EA8B1444EA462444EA0554054640B1F4
:109450003FB1CDF800903B46524631461030FEF702
:10946000AFFF039943462246284607B0BDE8F04FB8
:1094700016F098BF20910500447D0500406820B19A
:10948000034BC01A40F3CF0070474FF0FF307047D6
:10949000747C05000EB403B503AB014653F8042BEE
:1094A0000448019301F02EF902B05DF804EB03B01B
:1094B000704700BFB9040500CA0605D48B064CBF2F
:1094C00002490349FFF7E6BF704700BF5991050005
:1094D000589105002DE9F04F89B09B46149B0693E7
:1094E0009DF84CA0159B0593169B179E049304466C
:1094F0000D469046BAF1000F00F09D8006F480738F
:10950000079316F02DFF06F00209024600283ED010
:1095100091492046FFF7BEFF0746B9F1000F08D07A
:1095200016F0440F35D18D492A462046FFF7B2FF89
:10953000074406F0010353B1894B8A4953F82A20A6
:10954000894B2046002A08BF1A46FFF7A3FF06F4FE
:109550008073002B49D006F00803002B63D1B8F1CB
:10956000000F66D0814942462046FFF793FF05462B
:10957000069B3D44002B6DD1049B002B73D1F30758
:1095800000F1E48031462046FFF796FFD8E0074619
:10959000C3E7774B18680028CAD0764B4FF47A7926
:1095A0001B68B5FBF3F54FF46163B5FBF0F100FB0D
:1095B000115509FB05F54FF03C0CB1FBF3F203FB31
:1095C0001211B5FBF0FEB1FBFCF300FB1E550CFBCA
:1095D000131109FB05F50091B5FBF0F56649CDE9DE
:1095E00001E52046FFF756FFA2E706F00803EBB1BE
:1095F000624B634953F82A202046FFF74BFF05468C
:10960000B8F1000F05D0594942462046FFF742FF06
:109610000544BBF1000FABD05A495A462046FFF72C
:1096200039FF0544A4E74FF0000BE1E706F0080519
:10963000E6E745469CE7BBF1010F069B06D1002BF0
:1096400064D1049B002B7BD000250CE0002BF8D0CC
:109650004D485CE04D48069B4D49224616F09EF968
:10966000049B002B68D0DFF82C81DFF82C91049F3D
:109670003146102F204628BF1027FFF71DFF4FF05F
:10968000000B5D4545DC059B49461A782046FFF7EF
:1096900001FF4FF0010B1BF0070F03D1414620469D
:1096A000FFF7F8FE5F453BD9059B494613F80B20B1
:1096B0002046FFF7EFFE0BF1010BBBF1100FEAD1D3
:1096C000364920464FF0000BFFF7E4FE5A46059B53
:1096D0009A5CA2F120015F2928BF2E223049204642
:1096E000FFF7D8FE0BF1010BBBF1100F1DD01BF0E3
:1096F000070F03D141462046FFF7CCFE5F455A468F
:10970000E5D841462046FFF7C5FEEBE71F48554622
:10971000A1E741462046FFF7BDFE0BF1010BB0E784
:1097200020492046FFF7B6FEC5E7059B3B4405935D
:10973000049BDB1B04939AD1BAF1000F7FF41FAF97
:10974000204609B0BDE8F04F16F0A9BE064A05490B
:109750002046FFF79FFE15E7609105006491050024
:1097600060820500AE9D05005B91050089910500B2
:10977000C8380020C43800206D91050074820500AF
:109780008D91050093910500EF040500B9040500D3
:1097900005A70300A091050098910500A29105007E
:1097A000A49105009E91050073B542F20F738B42A0
:1097B00028BF0B4605680F4A04460521684615F088
:1097C00045F863680C495B6806460B22284616F08C
:1097D00058FE63683246694628465B6816F051FEBB
:1097E000636806495B681B22284616F04AFE02B0F1
:1097F00070BD00BFECBB0500C3910500A79105003B
:10980000074A00210123904206D8064A01B90123E4
:109810001360054B1860704740085B000121F2E7B8
:1098200040420F00C4380020C8380020F8B5074F68
:109830000D4604464618B44201D12846F8BD14F836
:10984000011BBB6801485B689847F4E7A4770500F3
:10985000014B036000207047BC82050007B51B491F
:109860001B4817F0DDF870BB1A49194817F0D8F8F3
:1098700048BB1949164817F0D3F820BB17491448BC
:1098800017F0CEF8F8B90146154A114817F091FBC8
:10989000C8B9024613490E48012317F065FC90B978
:1098A00001230093014602230948EF2216F0D9FF55
:1098B00048B9074816F0FEFF28B9054803B05DF81F
:1098C00004EB17F026B803B05DF804FB080600208F
:1098D000E80F0020F0050020D8050020C00500207A
:1098E000940500200992050008B5044816F0B0F868
:1098F000BDE80840024816F0ABB800BF5992050019
:109900008E920500014812F083BB00BFBC820500A7
:1099100038B5044618B90F4B0F485B689847616823
:10992000B1F5683F10D0B1F5680F0DD00B4DA942CD
:109930000AD011F46861206807D0014608481CF07D
:1099400090F900232360656038BD14221DF07DFD71
:10995000F9E700BF300B0020BC9205002C5F5CA92A
:10996000F83D002008B520B34368B3F5683F10D137
:1099700001220368BFF35B8F53E8001F002903D166
:1099800043E800200028F7D1BFF35B8F0DD1002002
:1099900008BD094A93420AD000684FF0FF324FF0E9
:1099A000FF330EF0D3FE0028F1D00448F0E704485E
:1099B000EEE76FF4E040EBE72C5F5CA9E98FFFFF77
:1099C000EA8FFFFF08B5D8B14368B3F5683F10D1FF
:1099D00000220368BFF35B8F53E8001F012903D106
:1099E00043E800200028F7D1BFF35B8F0BD10020A4
:1099F00008BD074A934208D000680EF01FFFF6E743
:109A00006FF4E040F4E70348F2E70348F0E700BFF3
:109A10002C5F5CA9E98FFFFFEA8FFFFF10B50446BA
:109A200018B91D4B1D485B6898476368B3F5683FDC
:109A30002FD0B3F5680F2CD0194A934219D123685F
:109A400003BB18484FF0FF324FF0FF3321460EF0B2
:109A50007BFD08B923681BB90F4B13485B68984717
:109A60002068142200211DF0F0FC4FF4686363604D
:109A700008E0B3F5683F0DD83A2B03D040F6BA6240
:109A80009342DED120681CF05EF9636843F03A032C
:109A9000636010BD054AF3E7300B0020BC9205005F
:109AA0002C5F5CA9F83D0020E29205003A00003AE4
:109AB00008B506490648402314221CF0C4F8BDE846
:109AC00008400449044812F067BB00BFF838002082
:109AD000F83D0020C4820500D882050008B503487F
:109AE000034A0021121A16F07FFD08BD80100020E5
:109AF000A46300200748084A084908B5121A16F05E
:109B000075FD0748074A0849BDE80840121A16F0D3
:109B10006DBD00BF000000207C100020F0C10500DA
:109B20000000002000000020F0C105002DE9F047F2
:109B3000064600AF0C46002936D0E9468AB0D1E986
:109B40000012A3686D462148A8464FF0050AC5E9F2
:109B50000501C5E9072348F810AF1D484246002318
:109B60004FF42151FFF7B6FBCD46D4E903126369E8
:109B7000AD461848C5F810A0C5E90501C5E9072399
:109B80001348002342464FF42151FFF7A3FBCD4673
:109B9000E369114A0E48012116F05DFCA3690F4AE2
:109BA0000B48012116F057FC012E07D1EFF3058376
:109BB0000B4A0748103B314616F04DFC2146304613
:109BC0000EF002FBBD46BDE8F08700BF0F93050015
:109BD000947D05003E9305006D9305007C93050080
:109BE000AA93050030BFFFF7FDBF00BF2DE9F0418C
:109BF0000B4EDFF8308006EB0807CC1B05463246DB
:109C0000094920461DF0F9FBA01942460021083CF5
:109C10001DF01BFCC5F8844007F10800BDE8F08189
:109C20000000000008000000E47D0500054B5A69B3
:109C30009B689A421FBF044A536843F080535360A5
:109C4000704700BF7849002000ED00E070B5294C56
:109C500006460D462848294916F0D5FCA36AD904C2
:109C60003CD52548264916F0CEFC1720A36A1A05D4
:109C700004D52148234916F0C6FC18201D4CA36AC0
:109C80009B0512D51C48204916F0BDFCA36BA26AA7
:109C9000100409D51D4A1848012116F0DCFB1EB13D
:109CA000A36A23F40043A3621920124CA36A590546
:109CB00004D51148164916F0A6FC1A20A36ADA0545
:109CC0000ED50D48134916F09EFC1B20094A936AD5
:109CD00043F47F43936200232B7070BD1620C5E7C9
:109CE000A36A9B04F2D504480B4916F08CFC1C2097
:109CF000ECE700BF00ED00E0947D0500BD9305009A
:109D0000D3930500E4930500F79305001094050034
:109D100025940500409405005894050010B5204C8A
:109D20002049214816F06FFCA36A990136D51E48D8
:109D30001E4916F068FC1E20A36ADA0104D51A48F1
:109D40001B4916F060FC1F20154CA36A1B0304D5A9
:109D50001548184916F057FC2120A36A590304D569
:109D60001148154916F04FFC22200D4CA36A9A03A6
:109D700004D50D48114916F046FC2320A36ADB03E5
:109D800004D509480E4916F03EFC2420044A936A83
:109D90006FEA03436FEA1343936210BD1D20CBE7C4
:109DA00000ED00E087940500947D05009F94050078
:109DB000B2940500CC940500EA9405000F950500C7
:109DC000299505002DE9F843364D804689463648E9
:109DD0003649174616F017FCAB6ADE0627D534491C
:109DE000314816F010FC1124AB6A1D0704D5314927
:109DF0002D4816F008FC12242A4DAB6A980718D596
:109E00002D49294816F0FFFB6E6BAB6A190646D543
:109E10002A4A25483346012116F01DFBB9F1000FEF
:109E200003D0AB6A23F08003AB62132403E0102459
:109E3000DAE76FF015061B4DAB6ADA0704D5204947
:109E4000194816F0E0FB1424AB6A9B0604D51D49A3
:109E5000154816F0D8FB1524124B9A6AD50602D481
:109E60009A6A90070AD55B68190507D541463046BE
:109E700000F07AFA10B180F309880224094B9A6A3B
:109E8000920642BF5A6A22F400525A629A6A42F01B
:109E9000FF029A6200233B702046BDE8F8836FF012
:109EA0001506C2E700ED00E0947D0500549505001D
:109EB0006A950500E49305009D950500B59505009C
:109EC000CB950500589405002DE9F041664B8AB00A
:109ED000D3F8048000AF0446C8F30805002686F3D3
:109EE0001188BFF36F8F02F07F43B3F17F4F07D12B
:109EF00002F00C03082B12D15C495D4816F083FB7D
:109F0000002634460023FB71EB1E092B00F28A80E9
:109F1000DFE803F00A80837C8888888888861007B9
:109F20004CBF0C460126EDE7524951484E4D16F004
:109F30006AFB0023FB71EB6A9A0705D54E494C4832
:109F400016F061FB002332E0EB6A002B01DA4B498B
:109F5000F5E7EB6A5B00F5D54949454816F053FB38
:109F60006B69A26943F480736B61BFF34F8FBFF3DA
:109F70006F8F6B6932F8022C23F480736B61BFF32F
:109F80004F8FBFF36F8F4DF602739A4208D0AB6AC2
:109F9000DBB273B3FA1D01212046FFF713FF37E050
:109FA0002368384A3248012116F055FA2368FA79B5
:109FB000DAB907F1080504F1200C206861682A4627
:109FC00003C2083464451546F7D17A6A002E45D09D
:109FD000C2F3080121B96FEA52226FEA42227A6283
:109FE00007F108011846FFF7A1FD2837BD46BDE877
:109FF000F081AB6A13F47F4F04D0F91D0120FFF705
:10A0000025FE05E0AB6AB3F5803F9BD3FFF786FEE4
:10A010000346CCE7FA1D0021BEE7F91D0020EEE75C
:10A0200019498CE7194A1A4B18F4F87FE8468AB0A8
:10A0300018BF13466A461749C2E905134FF4007367
:10A040001384103D144BD56142F8103F084800239B
:10A050004FF41151FFF73EF9C54673E722F4FF7242
:10A0600022F00102BBE700BF00ED00E018960500FA
:10A07000947D0500439605005A9605007B960500E1
:10A0800089960500A8960500C4960500FF95050071
:10A09000EA950500E896050004000001044B5A69A2
:10A0A00042F010025A615A6922F008025A61704760
:10A0B00000ED00E0EFF30880EFF3098101B572468F
:10A0C000FFF702FF01BD00BF002080F31488BFF33B
:10A0D0006F8F0F4880F308880CF036FF00200D4981
:10A0E0000860BFF34F8F00F02BF8402080F31188F9
:10A0F00009484FF40461401880F30988EFF3148095
:10A100000221084380F31488BFF36F8F00F0FCF83E
:10A110008099002094ED00E0C08700200749D1F825
:10A1200090200023C2F307221846934200DB7047B9
:10A13000C1F89830C1F8A0000133F6E700ED00E067
:10A1400008B572B6002383F31388FFF7E7FF144BBB
:10A150004FF0FF32C3F88020C3F88420C3F8882072
:10A16000C3F88C20C3F89020C3F89420C3F898203B
:10A17000C3F89C20C3F88021C3F88421C3F8882148
:10A18000C3F88C21C3F89021C3F89421C3F8982117
:10A19000C3F89C2162B6BFF34F8FBFF36F8F08BD2A
:10A1A00000E100E0084B9B6883420BD1EFF305838D
:10A1B00043B1064B5A6842F080525A605A6A22F400
:10A1C00000425A620FF0CCB97849002000ED00E05F
:10A1D00015498A684FF030001044EFF3098C80E88D
:10A1E000F01F402080F31288BFF36F8F0F4F4FF0A6
:10A1F00000664A698A603E60D2F884000C4C206098
:10A20000D2F888000023C2F8883080F3118804B5A2
:10A21000104600F00FF9BDE8044002F1300090E86C
:10A22000F01F8CF3098870477849002004ED00E0A6
:10A23000143E00201EF0040F0CBFEFF30880EFF374
:10A240000980816911F8021C0229FFD001B572460C
:10A2500016F0CEF901BD00BF40B2002807DB044A6A
:10A260004109012300F01F00834042F8213070476C
:10A2700000E100E040B200280CDB4309064900F091
:10A280001F0020330122824041F82320BFF34F8F6B
:10A29000BFF36F8F704700BF00E100E0054B42093C
:10A2A00000F01F0053F82220012303FA00F01040B1
:10A2B000704700BF00E100E040B2D30754BF023155
:10A2C00000210028ACBF00F16040074A4FEA41136B
:10A2D000ACBF00F5614000F00F00DBB2B4BF135417
:10A2E00080F80033704700BF14ED00E0044B054ACE
:10A2F00023F07F039360BFF34F8FBFF36F8F7047DF
:10A300000070020000ED00E008B5FFF7EFFF074A1C
:10A31000D2F8883023F47003C2F88830FFF7DEFBF0
:10A32000FFF7E8FB00F05CF80EF072F800ED00E0DB
:10A3300042F8203C009B42F81C3C0A49019B42F831
:10A34000183C029B42F8143C21F001014FF080734D
:10A3500042F8043C42F8081C0023203A0265C0F889
:10A36000883070473D8B0300094A0346906870B1FE
:10A3700013F1160F406F05D0A0F140029A4205D8A4
:10A38000834203D2814228BF0020704700207047DB
:10A390007849002008B515460C4A0D4B9060D0F85E
:10A3A00084201A600E4600F045F82C4686F3098892
:10A3B0000020044B98472046002100220023024C35
:10A3C000204700001D0605003D8B03007849002052
:10A3D000143E0020014B10221A61704700ED00E08E
:10A3E000044800234021C2180133302B82F80013A7
:10A3F000F9D1704700E100E008B5EFF30583064AA4
:10A40000103B02EBC30152F8330049688847BDE8AE
:10A410000840FFF70BBC00BF44790500024B034A1C
:10A420000348012100F08AB8000004200000002049
:10A43000E8820500426F054B403A1A60044A402109
:10A44000C3E901121846012100F082B8183E00202D
:10A4500000000B1508B503461048D0F89020C2F351
:10A460000722013A934207D90D480E4A012115F0FF
:10A47000F2FF6FF0150008BDC0F898300A6822F0AE
:10A480001F021A4342F01002C0F89C208A6842F072
:10A490000102C0F8A0201846EDE700BF00ED00E083
:10A4A0006C7D0500FF960500F0B50E4685B01F4691
:10A4B00004460025B5420DDA606810B397B1431E1B
:10A4C00018420AD0104A11482B46012115F0C3FF4B
:10A4D0006FF01502104605B0F0BD1F28F2D92168B3
:10A4E0000B42EFD12368019316F0BBF8A36801A9D2
:10A4F0000343D0B20393FFF7ADFF10F1160FE7D07F
:10A50000421C01350C34D5E7259705006C7D05000C
:10A51000044B0522C3F89420BFF34F8FBFF36F8F16
:10A52000704700BF00ED00E0BFF35F8F024B0022D9
:10A53000C3F89420704700BF00ED00E010B5034C55
:10A5400001232278FFF7B0FF207010BDE75C0020E8
:10A5500008B50B4A00231278FFF7A6FF10F1160F7B
:10A5600007D0084A0021D2F89030C3F3072398425D
:10A5700000DB08BDC2F89800C2F8A0100130F2E775
:10A58000E75C002000ED00E02DE9F0435748584912
:10A59000D0F890300D68C3F307239D4285B000F2D8
:10A5A000A180FFF7C1FF49680022954201F10C012B
:10A5B0001AD1504C504F25706846FFF749F9DFF823
:10A5C0003C81DFF83C9106460025AE421FD123783E
:10A5D00046490020D1F89020C2F3072293427BDB4A
:10A5E000FFF796FF00204CE0C0F8982051F80C3C93
:10A5F00023F01F03134343F01003C0F89C3051F8BD
:10A60000043C43F00103C0F8A0300132CDE70098CC
:10A6100000EB05114FEA051CCB683B40B3F5000F7A
:10A6200044D00AD8B3F5001F2ED0B3F5800F34D034
:10A63000B3F5801F10D00135C7E7B3F1807F3ED05E
:10A64000B3F1007FF7D150F80C3088684A6816F0F3
:10A6500008F840F4802009E050F80C3088684A6817
:10A6600015F0FFFF40F0885040F43020039001A91E
:10A670002078CDE90123FFF7EDFE002828DA6FF0FE
:10A68000150005B0BDE8F08350F80C3088684A68C2
:10A6900015F0E7FF40EA0800E8E750F80C3088685A
:10A6A0004A6815F0DEFF40EA0900DFE750F80C3099
:10A6B00088684A6815F0D5FF40F08270D6E750F8F8
:10A6C0000C3088684A6815F0CCFF40F08870CDE700
:10A6D000237801332370AEE7C1F89830C1F8A000A9
:10A6E000013377E74FF0FF30CBE700BF00ED00E02C
:10A6F000F4820500E75C00200000F0FF0000081174
:10A7000000000206F0B587B007460E461446002149
:10A71000102268461D461CF098FE02238DF8023078
:10A720002A46054B019321466846CDE9047614F08C
:10A73000B9F807B0F0BD00BF8306050008B50248B0
:10A7400014F064F8FEE700BF5797050008B5024B08
:10A750001B689847002008BD243E0020034B044A94
:10A760001860937843F0020393707047243E0020F2
:10A770005806002008B50649064821F00701C1F136
:10A78000005202F5802215F0B1F8002008BD00BF8C
:10A790005F4B0120283E002070B54169867A0B4D41
:10A7A000044659B1437ADB0706D42C2303FB065336
:10A7B0005B6A1B689B689847002363612C202146D5
:10A7C00006FB0050BDE870401BF065BB880E002002
:10A7D000024B2C2202FB0030704700BF880E002085
:10A7E000827A064B2C2101FB02339A6A1B7F1B33B2
:10A7F000801A23F00303B0FBF3F07047880E0020AB
:10A8000038B5074B827A2C2404FB02335B6AD3E908
:10A8100001240C601568FFF7E3FF04FB005038BD0E
:10A82000880E00202DE9F04385B005466846039167
:10A8300090461C461BF0D8FDDDE90067EFF3118957
:10A84000402383F31288BFF36F8F6B8B002B41D0B3
:10A850002A8B9A4225D90022002328460EF03EF882
:10A860000446F0B189F31188BFF36F8F039B002B6F
:10A8700041D032463B4668461BF0DBFDA27A264BB0
:10A880002C2101FB023320465B6A1B6803A91D686B
:10A89000DDE90023A847606170BB2046FFF77CFF1D
:10A8A00024E0698B4B1E6B8389F31188BFF36F8F94
:10A8B0002B7F2A8BAC6A1B3323F00303521A02FB53
:10A8C0000344154B154AEB1A9B105343A3722B7F7D
:10A8D000E372CBE789F31188BFF36F8F23464246BB
:10A8E00028460DF0FBFF04460028BFD10024204677
:10A8F00005B0BDE8F0836361012300252381039B3C
:10A900006382E27A6560294604F118001CF09DFD1F
:10A9100063692582E360EAE7880E0020A38B2EBAE4
:10A9200070B50D4C2C2500B970BD037A4668002B1C
:10A93000FAD0013BDBB20372002BF5D1C360436058
:10A94000837A05FB03431B6A13B198473046EAE755
:10A95000FFF722FFFAE700BF880E00200E4A01230E
:10A96000C2F840354FF080424FF08051C2F8783540
:10A97000D1F83001082808D1D1F83411052904D8BC
:10A980000648415C09B1C2F838364FF080430122D5
:10A99000C3F880250020704700E001407397050050
:10A9A00048B1054B054A1B68B3FBF2F35843044B0F
:10A9B00043F0010318477047780A002040420F0017
:10A9C0009080050008B50448044A3F23C0E90023ED
:10A9D0000CF064FB002008BD343E0020FFFF0100A6
:10A9E0002DE9F04190F8283003F01F03012B0446B5
:10A9F0000F4600F128061BD0022B05D043BB90F870
:10AA0000291016F09AFB03E0818DC9B216F072FB93
:10AA10000546E8B1304616F08BF802466868836850
:10AA2000A2B99B684BB13A463146BDE8F0411847A0
:10AA3000818DC9B216F045FBEAE76FF085031CF083
:10AA4000E7FD0F4A13500020BDE8F081DB68E9E71D
:10AA500094F82910204615F08AFF02460028ECD011
:10AA6000304616F065F840B91369002BE5D03A4638
:10AA70003146204698470346E1E7D368F5E700BF33
:10AA80000C0000002DE9F04F0B7E33F0800893B0EE
:10AA90000446174600F1280940F071844A7E02F00E
:10AAA000010097B117F10C0F0FD088B917F1710F92
:10AAB00003D10846FFF734FF03E00846FFF730FFF5
:10AAC000B846404613B0BDE8F08F002800F040843F
:10AAD000002B40F00E840B8A072B0DD80846FFF799
:10AAE0001FFF484616F024F80346A069002B00F02B
:10AAF0003684802100F03CBCCA681368A3625368A6
:10AB0000C9F804304A68E58D002AE7D0484616F0B7
:10AB10000FF808BB537E15B113F0020F01E013F0DC
:10AB2000040FDBD0002015F012FE05460028D8D017
:10AB30001CF06EFD94F82820B84E002312F0600F30
:10AB40008351C2F341130BD0032B40F0B3811CF0AF
:10AB50005FFD6FF0850340E0002DBFD0537EDBE743
:10AB6000484615F0E5FF94F82930002840F0398177
:10AB7000013B0A2BEBD801A151F823F0C9AC03002B
:10AB80004FAB03004BAD03004FAB0300A9AB030079
:10AB90004FAB03004FAB03004FAB03001BAC0300F4
:10ABA0004FAB03007DAC0300A069618D03697F2971
:10ABB000D3F88030CBD8A28D002AC8D1E28D002AEC
:10ABC000C5D194F82820D206C1D194F83420022AA5
:10ABD00005D11CF01DFD4FF0FF33335013E01B0770
:10ABE00006D5C9B215F0DDFF804620B1284661E7E1
:10ABF000012384F83D3094F83430012B0BD1638D60
:10AC00004BB984F834301CF003FD3358002B00F0AE
:10AC10005683284663E70123F3E7204615F01CFE20
:10AC2000628DFF2A014692D8E38D002B8FD194F8D4
:10AC30002830D8068BD194F83430002BC9D02AB1F3
:10AC4000D2B2204616F062F90028C2D0618D94F885
:10AC50003C308B42D7D0C9B2204616F05EF9804610
:10AC60000028C3D1628D002A14BF0223012384F877
:10AC700034300521204616F06EFCC4E794F82830E5
:10AC800003F01F03012B7FF462AFE38D002B7FF4F1
:10AC90005EAF628DFF2A3FF65AAFA18DFF293FF6C6
:10ACA00056AF94F83430022B93D1D2B2C9B22046B9
:10ACB00016F045FB10F1020F804640F000811CF0B9
:10ACC000A7FC46F800809EE7E38DA18D002B7FF462
:10ACD0003EAF94F83430002B3FF47BAF012B0FD103
:10ACE00000297FF476AF12F01F020CD1638D012B87
:10ACF00089D194F870306FF3C30384F8703082E721
:10AD000012F01F0217D0022A7FF47DAFB4F82AA0F8
:10AD1000BAF1000F7FF477AF5FFA81F84146204621
:10AD200016F0FFFB03461CF073FC3350013306D1D1
:10AD30004FF0FF385AE700297FF44BAFD6E7524671
:10AD40004146204615F0FAFE5DE7E38DA18D002B0C
:10AD50007FF4FDAE638D022B5FFA81F813D194F876
:10AD6000283003F01F0358EA03037FF4F0AEA06914
:10AD70000122090A15F0F2FE00287FF4E8AE012353
:10AD800084F83D303FE794F8340000283FF421AFC9
:10AD900001280DD100297FF41CAF12F01F020AD147
:10ADA000012B7FF430AF94F8703043F00803A4E730
:10ADB00012F01F0211D0022A7FF425AF002B7FF47E
:10ADC00022AF4146204616F097FB03461CF020FCBC
:10ADD00033500133ACD00122B2E700297FF4F9AE41
:10ADE000DEE70A2B3FF6B3AE01A151F823F000BF16
:10ADF00021AE03004FAB03004FAB03004FAB03008A
:10AE00004FAB03004FAB0300A1AE03004FAB0300F9
:10AE100057B203004FAB030085B203000C000000E3
:10AE2000E38DA18D022B7FF492AE94F83430002B89
:10AE30003FF4CFAE012B10D100297FF4CAAE12F03F
:10AE40001F020DD194F870304FEA930808F0020801
:10AE5000C3F3001348EA030806E012F01F0210D003
:10AE6000022A12D04FF0000805F10C0A504615F0E6
:10AE7000E2FCE38D98420ED21CF0CAFB6FF00B038C
:10AE8000ABE600297FF4A5AEDCE7C9B2204616F098
:10AE900057FB8046E8E74146504615F086FCB2E68F
:10AEA00094F82820B4F82AA0D2064FEA1A235FFAB1
:10AEB0008AFA09D029462046FFF792FD8046B8F16C
:10AEC000000F7FF493AE9EE6013B0E2B3FF63FAEA4
:10AED00001A252F823F000BF15AF03005FAF0300DB
:10AEE00017B003004FAB03004FAB03000FB00300DC
:10AEF0000FB003004FAB03004FAB03004FAB030099
:10AF00004FAB03004FAB03004FAB03004FAB03004D
:10AF10005FB1030005F10C0A5046B4F82E8015F01D
:10AF20008AFC80450AD2B4F82E80204615F094FCA5
:10AF300048B101287FF40BAEA16F05E0504615F033
:10AF40007AFC8046F1E7616F002900F013810A78EE
:10AF5000424528BF4246504615F016FC53E62046AF
:10AF600015F07AFC0AF1010201900146D2B22046A6
:10AF700015F0A6FF824600283FF4E9AD05F10C0864
:10AF8000D0F804B0404615F056FC9BF800209042E3
:10AF900003D2404615F04FFC02465946404615F094
:10AFA000F3FBDAF80CA0BAF1000F09D1298AE38D7E
:10AFB00099427FF628AEC91A404615F000FC22E6F9
:10AFC000DAF8040083681B6B13B9DAF800A0EAE72B
:10AFD000019998470028F8D0A0F1040B5BF8043FD2
:10AFE000002BF2D01B78002BEFD0404615F023FC4D
:10AFF000DBF800301A78904203D2404615F01BFC73
:10B0000082B2DBF80010404615F0BEFBE6E72046B2
:10B0100015F022FC9BE552460321204615F0E6FC84
:10B02000824600283FF493AD15F07DFDB4F82EB0B4
:10B03000E0B9BAF81430ADF82830DAF8103005F17C
:10B040000C081B88ADF82A30404615F0F4FB834508
:10B0500008D2E08D9DF82820824228BF02460AA926
:10B06000404679E7404615F0E6FBF3E700238DF80C
:10B0700014309AF81530DAF808208DF81530C24BE4
:10B080001340C24A934258D1102106A819F072F910
:10B090000028FFF65CAD0AAA1028DFF8F4E20DF1F3
:10B0A000180C114628BF1020404502F1020233D887
:10B0B000800002308DF81400019105F10C0A504611
:10B0C00015F0B9FB9DF81480D84528BFD8464045F7
:10B0D00003D2504615F0AFFB8046B8F1020FC346CD
:10B0E00028BF4FF0020B5A4605A9504615F04CFBFD
:10B0F000A8EB0B08DDF804B04FEA58030BEB58023D
:10B100005A4522D118F0010F3FF47DAD019AD15C70
:10B11000504615F042FB76E51CF8013B4FEA131A46
:10B1200003F00F031EF80AA01EF8033002F802AC69
:10B1300002F8013C08F10108B6E79AF814308DF8DE
:10B140001430DAF810300193B7E71BF8011B5046B2
:10B15000CDE9023215F029FBDDE90232D0E72046C5
:10B1600015F07AFB20B101287FF4F1ACA36F00E069
:10B17000636F13B96FF0150838E55B88B3F5007F8E
:10B180007FF6E5AC834B0A9300238DF82C30236DBA
:10B1900004F1500A9A455BD105F10C0B584615F0A5
:10B1A0004AFBBDF82A80E38D984528BF9846404564
:10B1B00003D2584615F03FFB80469DF828204245B3
:10B1C00028BF42460AA9584615F0DEFAB8F1050F25
:10B1D00094BFA8EB0808A8F10508B8F1000F3FF4E8
:10B1E00012AD236D53453FF40EAD002B3FF40BAD74
:10B1F0005A7D0F2A14D11A7D19690193424528BF3F
:10B200004246584615F0C0FA019B1A7D424594BF4C
:10B21000A8EB0208A8EB0808B8F1000F3FF4F3AC64
:10B22000626D9A423FF4EFAC1B68DEE75A7D0F2A4D
:10B230000AD11A7DBDF82A100A44ADF82A209DF8DB
:10B240002C2001328DF82C20626D9342A4D01B6813
:10B25000002BEBD1A0E794F8343094F83CA0002BFD
:10B260003FF4B7ACE38D012B7FF471AC05F10C0812
:10B27000404615F0E0FAE38D9842FFF4FDAD5146EB
:10B28000404646E794F8283003F01F03012B7FF473
:10B29000A0AC204615F028FE00283FF49AACA38D00
:10B2A0004268FF2B3FF653AC12799A42FFF44FAC41
:10B2B0000F2B3FF64CAC234493F83EA0D2E701237A
:10B2C0002363484615F034FC60B9E38D53B1294639
:10B2D000002015F03CFA054600283FF402AC6B7ED6
:10B2E0005E07F4D52946204613B0BDE8F04F16F0AE
:10B2F000A3B850077FF5F5AB802B7FF4F2AB08467F
:10B30000FFF70EFB236B012B7FF4DBAB94F83D3092
:10B31000002B3FF4D6AB94F82930052B05D1618D75
:10B32000A069C9B215F03DFC804694F82930032B82
:10B3300009D1638D022B06D1A18DA0690022090AD3
:10B3400015F00CFC8046002384F83D30FFF7B9BBB4
:10B3500052077FF5C6AB002B3FF4ABABCCE7E38DD8
:10B36000002B3FF4C6AB17F10C0118BF0121C90136
:10B3700018F0C1FC002380462363FFF7A2BB6FF0E7
:10B380000408FFF79EBB00BF00FF0200000302009D
:10B390007D970500050F05000B78062B10B414D11E
:10B3A0000369D3F89C20EFF31184402383F31288C0
:10B3B000BFF36F8F4B6800201860506A58B9C2E91C
:10B3C000083384F31188BFF36F8F044810BC002248
:10B3D00000231AF0A9BC03605362F2E7EC0D0020D1
:10B3E0002DE9F043634F85B040264FF0FF334FF017
:10B3F000FF3201A938460DF045F9039B1B69D3F8CC
:10B400009C40236A5BB1EFF3118386F31288BFF38C
:10B410006F8F216AE1B983F31188BFF36F8F9DF8B5
:10B420000430062BE1D0072BDFD801A252F823F01D
:10B4300097B403008BB40300B7B403009DB40300BA
:10B44000DBB40300D1B40300EBB303006FB503001A
:10B45000606A0A682262814208BF626283F31188CF
:10B46000BFF36F8F0B7ED1F81E205D06204609D1F9
:10B47000FFF708FB02460028C3D00721204616F03C
:10B480006AF8BEE715F02DFEF4E700220121204600
:10B4900016F061F8A9E700221146F8E794F8703039
:10B4A00043F0040301A984F87030204615F09BFB9B
:10B4B00000220321EBE794F870306FF3820301A9B7
:10B4C00084F87030204615F08EFB00220221DEE762
:10B4D00001A9204615F087FB87E794F87030D4F86F
:10B4E00018806FF3820384F87030D8F81030D8F8E1
:10B4F0000890BFF35B8FD3F8A030BFF35B8F9A0740
:10B500002BD5D9F83C3040469847D9F82430002153
:10B5100040469847D9F84030054640469847F5B927
:10B520002946204615F0F9FC0546C0B98021204681
:10B5300015F0DFFFA06918F072FC831E58425841D5
:10B5400094F8703084F8345023F0680343EA4013D1
:10B5500084F870302A46042199E74FF0FF35002225
:10B560000421204615F0F7FF2A4607218FE7029AAB
:10B5700006218CE7EC0D002030B589B000220023B5
:10B58000CDE9062300246FF00703CDE90334CDE9AC
:10B5900001441A4B1A4900944FF4806219480DF087
:10B5A00015FD194917481AF0B6FD184B18498B427A
:10B5B00007D3184B184900208B4210D3002009B044
:10B5C00030BD03F11402BFF35B8F52E8000F42E875
:10B5D0000045002DF9D1BFF35B8F1833E7E703F186
:10B5E0001402BFF35B8F52E8004F42E80005002DC4
:10B5F000F9D1BFF35B8F1833DEE700BFE1B303007F
:10B60000406F0020E82400208E9705006410002081
:10B610007C1000207C1000207C10002038B50246F1
:10B6200009490546806918F061FC044648B985F867
:10B630003C00284615F048FB044610B1A86918F0F4
:10B6400088FC204638BD00BF99B3030070B5084C94
:10B65000084E0546B44202D30024204670BD6368FC
:10B6600028461968FBF759FC0028F6D01834F1E792
:10B67000641000207C10002070B50646EFF31181A5
:10B68000402282F31288BFF36F8F1D4C236881F331
:10B690001188BFF36F8F5B6893F87030DB0705D4B8
:10B6A000BDE87040212200230DF000BCEFF31183B0
:10B6B00082F31288BFF36F8F256865B983F3118811
:10B6C000BFF36F8F2368D3B130460022BDE87040CE
:10B6D00000230DF0B7BB61682A6822608D4208BF65
:10B6E000626083F31188BFF36F8F686805F108010A
:10B6F000C3699847034829461AF0B3FAE2E770BDD8
:10B700003C3E00201C0D002030B585B06C4684E81E
:10B710000600054600221548002303A90CF014FF7B
:10B720000246E8B9039B94E803005D60083383E8B0
:10B730000300EFF31180402383F31288BFF36F8F70
:10B74000039B1A600A4A516861B9C2E9003380F369
:10B750001188BFF36F8F0748002200230DF072FBA2
:10B7600005B030BD0B605360F1E700BF1C0D002039
:10B770003C3E00203803002038B503464D78406831
:10B7800014461A69202D136908D0222D3AD01BF0D7
:10B790003FFF214B6FF085021A502DE0C988072921
:10B7A000F5D1E1680C685C608C881C81897999729C
:10B7B00059681961197A61B101290CBF022103216D
:10B7C0005975597A4C1E032C05D8DFE804F005059D
:10B7D00005050121F4E700211975997A06290DD094
:10B7E00007290DD005290CBF002103219975997EE9
:10B7F000D975082115F0BDFE002038BD0121F5E7FF
:10B800000221F3E749889981C1F3400401F0010165
:10B8100059761C760921EDE70C00000008B51346A7
:10B82000026910694A78212A13D133B91BF0F0FE5E
:10B830000B4B6FF00B021A5009E0CA88072A00F17F
:10B84000040128BF072203F10C0014F09DFF002023
:10B8500008BD1BF0DDFE024B6FF08502EBE700BF79
:10B860000C00000073B504698DF807104025EFF354
:10B87000118685F31288BFF36F8F0122E06B0DF103
:10B88000070114F0F8FC86F31188BFF36F8F0128CD
:10B8900012D01AF03AFC08B9A37EABB90D4BBFF336
:10B8A0005B8F012253E8001F002903D143E80020E9
:10B8B0000028F7D1BFF35B8F2122002304F1480059
:10B8C0000DF0C0FA02B070BD002121201AF0DBFC9F
:10B8D000CDE700BF443E002038B505690C49EB6B4D
:10B8E0000024C3E90144DC606B6B05F14800C3E947
:10B8F0000144DC601AF0ADFB05F1780005491AF04F
:10B900005BFB05F1240004491AF056FB204638BDC4
:10B9100021170500C9180500551905000E4B4029CF
:10B9200070B528BF40210D4C46181D46B04203F1AA
:10B93000020304D1002305F81130074870BD0278D6
:10B940001209A25C03F8022C10F8012B02F00F027E
:10B95000A25C03F8012CE9E7065D002005980500CC
:10B9600030B503788BB0044607AD032B21D8DFE850
:10B9700003F0021A1C1E12492846FBF7D8FA059557
:10B9800063780493A3780393E37802932379019374
:10B9900063790093A3790B4A0B481E2112F056FFDE
:10B9A00009480BB030BD0949E6E70949E4E7094910
:10B9B000E2E7094A0A21284612F048FFDFE700BF04
:10B9C000C0970500E2970500E85C0020C7970500D6
:10B9D000CE970500D897050036B1050030B50B4D60
:10B9E0000B4B87B0002428460393CDE904441AF09A
:10B9F0002AFB03AB0093284606490A234FF4E8626A
:10BA00000DF0B6F9204607B030BD00BF7825002004
:10BA10001D98050080730020014601480DF0E8B92B
:10BA200078250020014601481AF0E2BA7825002066
:10BA30000378012B30B513D0022B27D07BB9194BDB
:10BA40000A4603F1100453F8045B42F8045BA34276
:10BA5000F9D11B78137043884B731B0A8B7330BD6D
:10BA6000104B0A4603F1100453F8045B42F8045BE0
:10BA7000A342F9D11B78137043684B73C3F30722B9
:10BA80001B0CCB731B0A8A730B74E8E700F11003DD
:10BA900050F8042B41F8042B9842F9D103780B702D
:10BAA000DDE700BF2698050010B516F0C9F81AF0BA
:10BAB0002CFB0E4C30B1BFF35B8F2368BFF35B8F61
:10BAC0007BB910BD0DF052FCBFF35B8F2368BFF351
:10BAD0005B8F1BB9BDE810400DF05CBC0A20984795
:10BAE000F8E7BDE810400A20184700BF483E002094
:10BAF00038B50446084814F0D5FD054648B1631E24
:10BB0000DBB21F2B96BF054A0021D15C0C3014F02C
:10BB100044FE284638BD00BF640F0020379805005A
:10BB2000054BBFF35B8F53E8002F43E8000100296A
:10BB3000F9D1BFF35B8F7047483E00200F2810B546
:10BB40000CD80D280CD90A4814F0ACFD044618B1E5
:10BB500004210C3014F021FE204610BD1328F2D031
:10BB600009B10448F0E7BDE810400220FFF7C0BF6C
:10BB7000900F0020E00E0020C368034A1B780348A2
:10BB8000022116F0E5B800BF66980500CC7C0500E0
:10BB900070B5C6683378B6F8014083B90F212046E6
:10BBA00002F05CFEF378054650B90A4A118831B9B3
:10BBB0006FEA04506FEA10501080074A137070BD8E
:10BBC0000373012102F062FD2846BDE8704002F0D7
:10BBD0001DBD00BF425C0020875D002070B5C368BA
:10BBE0001D78BDB9B3F801600F21304602F036FE72
:10BBF000044638B93346084A0848BDE87040012178
:10BC000016F0A6B8294602F041FD2046BDE8704076
:10BC100002F0FCBC70BD00BF8E980500CC7C050016
:10BC200010B501210C3014F0EAFDBDE81040037896
:10BC3000024A0348012116F08BB800BFB4980500F2
:10BC4000CC7C0500014610B5084814F02FFD0849CA
:10BC500008481AF0CDF9031E06DABDE81040064A7E
:10BC60000648012116F074B810BD00BF5C05002025
:10BC7000A407002028260020D6980500CC7C0500CB
:10BC80002DE9F14FC5682E880121304602F0E6FD0E
:10BC9000044640B9294A2A483346012101B0BDE88B
:10BCA000F04F16F055B8B5F80280EE88AF882D89B0
:10BCB0001FFA88F3A3F11B02E02A1FFA86FA1FFA83
:10BCC00087F91FFA85FB04D91E4A1D48022116F088
:10BCD0003FF8AAF11B03E02B05D91B4A184853462D
:10BCE000022116F035F8A9F5A4739BB244F248126C
:10BCF000934205D9154A12484B46022116F028F8FE
:10BD0000ABF5A4739BB244F24812934205D9104A92
:10BD10000B485B46022116F01BF82046A4F8AA80C7
:10BD2000A4F8AC70A4F8AE60A4F8B05002F0F0FF34
:10BD3000204601B0BDE8F04F02F068BCF398050062
:10BD4000CC7C05001799050040990500699905000C
:10BD50009099050010B5084C0146062294F86F0032
:10BD600003F034F938B994F86F000449BDE8104085
:10BD7000052203F02BB910BD10040020A697050082
:10BD8000024A0348012115F0E1BF00BFB799050041
:10BD9000CC7C0500B0B50B460D8A00AF04462946A1
:10BDA000D868FFF7BBFD8AB06A46094BC2E9053483
:10BDB00040F202439384074BC2E907504FF43251DB
:10BDC00042F8103F044815F0D4FFBD46B0BD00BF97
:10BDD000D199050005000001CC7C050070B5C5684F
:10BDE000B5F801600121304602F038FD044638B94B
:10BDF00033460D4A0D48BDE87040012115F0A8BF3B
:10BE00002B783BB9D5F80330C0F89930D5F8073016
:10BE1000C0F89D30201D4FF4803115F09BFF204667
:10BE2000BDE8704002F0F2BBF3980500CC7C050041
:10BE3000B0B53C2800AF04461AD101F08FFE6FF474
:10BE40008071103015F098FF0020FFF783FF054642
:10BE500030B9124A1248012115F078FFBD46B0BD35
:10BE60000473002102F012FC284602F0CFFBF5E734
:10BE70006D468AB06A460B4BC2E905300A4BD36166
:10BE800040F201331384094B42F8103F04484FF449
:10BE9000125115F06EFFAD46E0E700BFF3990500C3
:10BEA000CC7C0500149A05005A910500040000019D
:10BEB0002DE9F74FDFF81CA1BFF35B8F8046894661
:10BEC000174600235AE8004F4AE80032002AF9D109
:10BED000BFF35B8F264644B93F4A404843460121A1
:10BEE00003B0BDE8F04F15F033BF2046FEF778FCF5
:10BEF0003B4D4FF00C0B0BFB0050438843451FD0CC
:10BF00002046FEF76DFC0BFB00504388354A00933A
:10BF100032484346012114F0A8FABFF35B8F5AE878
:10BF2000003F4AE80062002AF9D1BFF35B8F002B83
:10BF30004DD01E46304603B0BDE8F04FFEF7F0BCD2
:10BF4000A74208D0204614F0A8FB3A8AF96804F109
:10BF50000C0014F019FC2046FEF742FC0C2707FBEE
:10BF600000504368ABB1B9F1000F12D12046FEF783
:10BF700037FC07FB005001214268D2E90003127A26
:10BF800003F01F07B9405B09DAB100EB830015F03D
:10BF9000E1FE2046FEF724FC0C2707FB00508368D7
:10BFA000002BC7D02046FEF71BFC784305F8009015
:10BFB0002046FEF715FC07FB0055A8680CF0C0FCF6
:10BFC000B8E7C94300EB830015F0D6FEE1E703B004
:10BFD000BDE8F08F58050020309A0500CC7C0500A4
:10BFE0004C3E0020589A050037B502EBC3030446C7
:10BFF00008469A4202D16FF05E0010E0114611F837
:10C00000085BA54211D1038A5178994209D90848A1
:10C01000084A0094012114F028FA6FF0150003B0CB
:10C0200030BD536898470020F9E70A46E1E700BFB2
:10C03000CC7C05008B9A05002DE9F8430C460DF0E9
:10C0400095F9E168238A0A78022A71D0042A0BD074
:10C0500013463C483C4A012115F07AFE2046FEF783
:10C060005FFC6FF015040AE0022B0DD8374A354803
:10C07000012115F06DFE2046FEF752FC00240DF064
:10C0800089F92046BDE8F88348783E280AD1032B79
:10C0900001D12F4AEBE7CB78012B01D00A2B47D1F6
:10C0A000032604E015F040FE0646F0073ED504F1F5
:10C0B0000C05284614F0BBFB012107462846B4F8BE
:10C0C000109014F094FB0221284614F098FB80464F
:10C0D00000783E2816D1E3681B78012B2CD00A2B60
:10C0E0002AD002251B4A1C491C4841F2451313F073
:10C0F000BCFC002383F31188BFF36F8F0323184622
:10C1000002DF04E015F010FEC1070546EAD5144A27
:10C1100098F800000623214615F04AFEAA070DD51F
:10C120006369A4F8109013FA87F7E760B307A5D501
:10C130002046FFF787FDA1E70325E8E72046FEF745
:10C14000EFFBF3E7CC7C0500539B0500AD9A05009F
:10C15000C99A0500E99A05001D9B0500369B05005C
:10C16000AC83050010B5012104460C3014F047FBE8
:10C170002146034A0078BDE81040022315F018BE9E
:10C18000DC83050073B53E4814F0A5FA0446002888
:10C1900073D000F10C05284614F039FB0228034641
:10C1A00003D0042847D0374A03E0238A032B05D85D
:10C1B000354A3648012115F0CBFD13E0042128460D
:10C1C00014F01DFBFF23428806882376238AC6F3DA
:10C1D0000B009A42608309D02C48009201212C4A1E
:10C1E00014F043F92046FEF79BFB12E00F2102F00A
:10C1F00035FB054610B9638B264ADAE702F054FB9B
:10C20000320B20762146284602F086F9284602F0B5
:10C21000FDF9214BD3F84C317BB32049204819F06C
:10C22000E7FE031E29DA1F4A1848012102B0BDE8C3
:10C23000704015F08DBD2846022114F0E0FA054645
:10C2400000783E2812D015F06FFD10F002060DD1D7
:10C25000154A1649164840F6A84313F006FC86F323
:10C260001188BFF36F8F0323184602DF114A287825
:10C270000623214615F09CFDB4E702B070BD00BF57
:10C280005C050020FC9B0500679B0500CC7C05003D
:10C29000889B0500AC9B050010040020A40700202B
:10C2A00028260020D6980500E99A0500CE9B0500B7
:10C2B000369B0500EC83050010B5012104460C30C7
:10C2C00014F09DFA2146034A0078BDE81040082387
:10C2D00015F06EBD1C840500F8B5012100AF0446C1
:10C2E0000C3014F08CFA0678114A002321463046AF
:10C2F000FFF77AFE5F3018D1258AE0682946FFF7FC
:10C300000DFB6C468AB06A460A4BC2E9053640F21C
:10C3100002439384084BC2E907504FF4325142F86C
:10C32000103F064815F025FDA546BD46F8BD00BFE7
:10C330005C840500109C050005000001CC7C050014
:10C340002DE9F04F83B0D0F80C80018A98F80040B6
:10C35000012303EB84038B4200AF62D96D468AB0A0
:10C360006A463248C2E907310523C2E905044FF4A1
:10C37000215142F8103F2E4815F0FBFCAD460C371A
:10C38000BD46BDE8F08F2B4A29484B46012115F0E8
:10C39000DFFC013598F800309D42F0DA08EB8503A8
:10C3A0000F21B3F80190B3F80360484602F056FA43
:10C3B00004460028E7D000F1CC0936B1636943B9DF
:10C3C0001B485A46012115F0C1FC204602F01EF917
:10C3D000DFE7A1691A6862618B4208BFA26120464B
:10C3E0007B6002F037F80CF0ABFA7B68C3F800A072
:10C3F000226A9AB9C4E90733BFF35B8F59E8003F5B
:10C40000013B49E80032002AF8D1BFF35B8F0021DD
:10C410002046013E02F02AF8B6B2CEE7136023624E
:10C42000EAE70025DFF810B0AA46B3E7429C050012
:10C43000CC7C05006D9C0500899C050073B5C56822
:10C44000B5F801600121304602F008FA044640B90F
:10C450003E4A3F483346012102B0BDE8704015F026
:10C4600077BC2B781A2B00F1040619D1C378012B65
:10C4700050D14FF48041304615F06CFC42040FD48B
:10C48000D4F88C3000936946D4F894300193204658
:10C4900003F07EF8204602B0BDE8704002F0B6B866
:10C4A0002B78BBBBB5F803302A4940F2E242534334
:10C4B000C4F88830B5F80520A4F89020B5F8072016
:10C4C000A4F89220A3F5EA520C3A8A4204D9224AEF
:10C4D0001F48022115F03CFCB4F89030B3F5FA7F08
:10C4E00004D31E4A1A48022115F032FCB4F89230E7
:10C4F000A3F10A0292B240F676418A4204D9184A60
:10C500001348022115F024FC6FF48051304615F0D9
:10C5100033FC17E0BFF35B8F6368BFF35B8FDB0413
:10C52000F2D52B78202BEFD194F89830002BEBD05C
:10C53000013B84F898304FF42032002304F140008E
:10C540000CF080FC204602F08FFBA3E7F398050077
:10C55000CC7C050095F03C00A09C0500C79C050024
:10C56000EE9C0500094BBFF35B8F1A68BFF35B8F2E
:10C5700002F00B02BFF35B8F53E8001F43E800207B
:10C580000028F9D1BFF35B8F704700BFE40400209F
:10C5900010B5C1E900239DF808300B720C46FEF778
:10C5A0001FF9034B0C2202FB00335C6010BD00BF7F
:10C5B0004C3E0020F8B502460B46104814F072F8C5
:10C5C0000446C0B104210C3014F0CDF82046FEF72B
:10C5D00007F90B4D0C2707FB00500026468020462C
:10C5E000FEF7FEF807FB005086602046FEF7F8F8DD
:10C5F00007FB00556E602046F8BD00BF380F0020D5
:10C600004C3E00200138C0B202289ABF014B185C92
:10C61000002070471BA1050070B5C568B5F8016022
:10C620000121304602F01AF9044638B933460C4A63
:10C630000C48BDE87040012115F08ABBE878FFF78F
:10C64000E1FF84F8A8002879FFF7DCFF84F8A9004F
:10C65000204602F083FB2046BDE8704001F0D6BFC3
:10C66000F3980500CC7C050029289ABF014B185C83
:10C6700009207047F1A0050070B5C368B3F80160E8
:10C680001D780F21304602F0E9F8044638B93346E8
:10C69000184A1948BDE87040012115F059BB65B131
:10C6A0002846FFF7E1FF29460246204602F0E8FB54
:10C6B0002046BDE8704001F0A9BF8678012EEFD179
:10C6C00006F008FA204615F017FB0028E8D10520EF
:10C6D000FFF7CAFF05210246204602F0D1FB314692
:10C6E000064A054815F032FB0521204615F012FEDA
:10C6F000DEE700BF8E980500CC7C05001A9D050082
:10C700002DE9F041C668B6F8017035780F2138463A
:10C7100002F0A4F8044638B93B46214A2148BDE856
:10C72000F041012115F014BB45B12846FFF79CFFED
:10C7300029460246204602F0A3FB08E0F278C37ABD
:10C74000934209D1184A1748022115F001FB2046EF
:10C75000BDE8F04101F05ABF8378C272012B05D0C9
:10C760000020FFF781FF00210246E3E70AB106F04F
:10C77000B1F9204615F0C0FA0028F1D10520FFF7E5
:10C7800073FF05210246204602F07AFB074A05485E
:10C79000012115F0DBFA0521204615F0BBFDD6E797
:10C7A0008E980500CC7C0500409D05001A9D050073
:10C7B00010B592B004460749442201A81AF01DFEA4
:10C7C000102C9BBF12AB03EB8404034854F8440CB9
:10C7D00012B010BDF07D05006F9D0500034B0146B2
:10C7E000D3F86C0182689268104700BF10040020E3
:10C7F0002DE9F84F042100AF454815F0ABFA6D461E
:10C8000088B06A46434B5361434B93614FF40073C6
:10C810009383424C424B42F8103F4FF4E65141485B
:10C82000414E15F0A6FA414BE279AD462046012A69
:10C8300088BF1E46FFF794F88AB06A463C4BD06129
:10C84000C2E905363B4B13623B4B42F8103F35487B
:10C850003A4EDFF8EC80DFF8CC904FF4235115F01E
:10C8600088FAA346AD460125E3799D420BF1070BFB
:10C8700038DB94F870502846FFF79AFF6E468CB06C
:10C88000B4F87210B4F876306A46DFF8B8C0536274
:10C89000C2E907512C4B4FF40075C2E905C015855C
:10C8A0004FF4535142F8103F1E4815F062FAB54656
:10C8B00094F871603046FFF77BFF8AB0B4F87430AB
:10C8C0006A4622499584C2E90763214BC2E90510F3
:10C8D00042F8103F13484FF4335115F04AFABD4661
:10C8E000BDE8F88F5846FFF73BF8EA468AB06A463B
:10C8F00040F20133C2E90565D06113844FF413514E
:10C9000042F8108F484615F034FA0135D546ABE7AA
:10C91000E40400207B9D05008D9D0500100400208F
:10C9200003000001CC7C05005A910500779D0500AD
:10C93000919D05000002010304000002A09D050076
:10C9400004000001B19D050006000001EF9D0500F7
:10C950000500000100487047B88F050001480CF041
:10C9600001BA00BF9407002070B505460C4659B9BE
:10C970004FF0FF304FF0FF31FFF71CFE044618B9AF
:10C980006FF06805284670BD2046FDF729FF194B5A
:10C990000C2202FB0033A61830465D8013F047FFDF
:10C9A00003280BD90321304613F010FF0580238A9A
:10C9B000033B83700121304613F010FF40F63543EE
:10C9C0009D420FD12046FFF709FF05460028D9D028
:10C9D0000346094A0948012115F0BAF92046FDF736
:10C9E0009FFFCFE70648214619F04AFA0025FFF7D6
:10C9F000B5FFC7E74C3E0020169E0500CC7C050025
:10CA000064050020F0B5C5682F88BCB287B001214D
:10CA1000204601F023FF064640B9284A284823460D
:10CA2000012107B0BDE8F04015F092B902ACD5F88D
:10CA30000220D5F8063001946989009116F036FE7F
:10CA400048B34FF0FF304FF0FF31FFF7B3FD05461D
:10CA500048B91C4A1A48012115F078F9304601F00E
:10CA6000D5FD07B0F0BD12210C3013F087FE034650
:10CA7000224623F8027B06AF144603CCBC42186062
:10CA80005960224603F10803F6D1294642F21A0002
:10CA9000FFF76AFFE2E74FF0FF304FF0FF31FFF79B
:10CAA00089FD04460028D4D002210C3013F066FE24
:10CAB0002146078042F21B00EAE700BFF398050019
:10CAC000CC7C0500389E050073B5C368D9789A7888
:10CAD0001E8842EA0122ADF8002059791A7942EA0B
:10CAE0000122ADF80220D9799A7942EA0122ADF803
:10CAF00004201A7A5B7AB4B242EA03230121204669
:10CB0000ADF8063001F0AAFE054658B91D481E4A88
:10CB10000121234615F01CF90221204615F09EF94B
:10CB200002B070BD694602F03FF938B91E212046B7
:10CB300015F094F9284601F069FDF1E74FF0FF3058
:10CB40004FF0FF31FFF736FD04460028F2D00E21EA
:10CB50000C3013F013FE00230680C0F80A30BDF835
:10CB600000304380BDF802308380BDF80430C380BC
:10CB7000BDF806300381214642F22000FFF7F4FEA3
:10CB8000D8E700BFCC7C0500F398050038B5024615
:10CB90000B462B4DD5F8541109B9002038BD05F5C9
:10CBA00098700BF007FF0028F7D10022002305F54D
:10CBB000AA700BF093FE044668B9224A2249234822
:10CBC00040F6B84312F051FF84F31188BFF36F8F22
:10CBD0000323184602DFD5F848315BB11C4A1D48D3
:10CBE000012115F0B3F8D5F84801FDF799FE0023AF
:10CBF000C5F84831204613F084FDC5F848012046A9
:10CC0000FFF7ECFD0346C8B1134A1248012115F0A5
:10CC10009FF812480BF094FE2046FDF7E1FD104B03
:10CC20000C2202FB0033588818B122461F21FFF75F
:10CC30003FF92046FDF774FEFFF790FE0120ADE7B7
:10CC400010040020E99A05005A980500369B05005B
:10CC50004F9E0500CC7C0500169E05004005002077
:10CC60004C3E00202DE9F04F87B0064600AF9046BD
:10CC70000C4671B94FF0FF304FF0FF31FFF79AFCCF
:10CC8000044668B96FF0680528461C37BD46BDE804
:10CC9000F08F887AFDF79CFD524B834240F09C80D8
:10CCA00001220021384619F004F92046FDF798FDCD
:10CCB000DFF834B10C2303FB00B08760204613F08B
:10CCC00020FD01463046FFF74FFE054618B12046CD
:10CCD000FDF726FED8E71AF09BFC444B1A58444B4C
:10CCE0009A421ED1434819F0E0F8002182464FF4E1
:10CCF000A020FFF74BFF814688B93F4A3F49404893
:10CD00004FF4F97312F0B1FE3E48314612F0ADFE19
:10CD100089F31188BFF36F8F0323184602DF544550
:10CD2000E0D14FF4A022002338460BF043FE8146A9
:10CD300098B14FF4FC73304A3349314812F095FEF4
:10CD400032484A46314612F090FE002383F31188A0
:10CD5000BFF36F8F0323184602DF2046FDF740FD27
:10CD60000C2358431BF80090B9F1000F2DD06D46ED
:10CD70008AB06A46264BC2F81C90C2E90536254B9C
:10CD8000136240F202439384234B42F8103F23483E
:10CD90004FF4325114F0EDFF2046AD46A9F10909D8
:10CDA000FDF7BEFDB9F1090F0CD8DFE809F0180B4B
:10CDB0000B08050B0B0B0B156FF00B0564E76FF001
:10CDC0000C0561E76FF004055EE7B8F1000F3FF472
:10CDD0007EAFC8F8004057E76FF0150554E76FF0D5
:10CDE0006E0551E7380F00204C3E0020080000007F
:10CDF0002037002064050020E99A05006A9E05009E
:10CE0000369B0500729E0500929E05009B9E0500C4
:10CE1000E09E05005A91050005000001CC7C05004C
:10CE200010B5FAF7F9F9034B1B6813B1BDE81040D0
:10CE3000184710BD583E002073B52A4D0646D5F858
:10CE40006C0118F06DFE48B9274A2848012114F0FA
:10CE50007DFF6FF01204204602B070BD6FF002013A
:10CE600005F1D40014F088FF012114F073FF10EADB
:10CE7000010434D11E4B1E600A4605F5987019F066
:10CE800018F805F5AA7018F0EFFF1A4819F0DBF84A
:10CE90001949184800946FF007034FF4C0620BF073
:10CEA00067FF1649134819F036F9D5F86C01144993
:10CEB00083681B689847044630B10346114A0B4803
:10CEC000012114F045FFC6E726B902B0BDE8704065
:10CED000FAF7A2B905F1C4000BF044FFBBE76FF00D
:10CEE0007704B8E71004002060A00500CC7C0500A2
:10CEF000583E002028260020007B002078A0050056
:10CF000039C0030081A005002DE9F04784B0614BD2
:10CF1000B0F80190198849F4704291424FF0000630
:10CF200008BF1E80054608BF5B4B00AF08BF1E78D8
:10CF300000F0FEFAEB78012B08BF584B05F104080E
:10CF400040460CBF93F86F40002414F075FE414634
:10CF500068B307F1080014F064FED5F81130C7F883
:10CF60000130B5F81530A7F805304FF0010AEB781D
:10CF7000012B31D04046FEF7F3FC6C4688B06A4680
:10CF8000474BC2E905304FF400739383454B464845
:10CF900042F8103F4FF4E25114F0EBFE1321A54686
:10CFA000484614F077FF1037BD46BDE8F0872046AD
:10CFB00015F093F803460068B8609A889B79686812
:10CFC000BA81BB73B8F8042098F8063095F804A02D
:10CFD0003860BA80BB71CAE707F10800FEF7BAFEF5
:10CFE00004460028C6D00346B5F8012023F8702B6C
:10CFF000B868BA7BB98920679A719980B5F81730FB
:10D0000040F2E2425343C4F88830B5F81930A4F82E
:10D010009030B5F81B30A4F892300022EB782273E0
:10D02000224AC4F8A8204732C4F8AC20012B4FF4A0
:10D03000A472E370A4F8B0201AD187F800A0BA88CF
:10D04000BB793868A4F87B2084F87D30C4F8770079
:10D0500000F084FD237A1149C3EBC3035A18CB585F
:10D06000C4F87E309388A4F88230937984F88430B1
:10D070000721204601F00AFB26B126730121204634
:10D0800001F004FB204601F04BFC204601F0BEFA03
:10D0900089E700BF425C0020875D0020100400206B
:10D0A0009DA0050003000001CC7C050001011B00D0
:10D0B00000B5C368187889B020B109B05DF804EBF9
:10D0C000FEF7B6BEB3F80120ADF80120DA788DF88E
:10D0D00000008DF80320B3F80B20ADF81720B3F84B
:10D0E0000D20ADF81920B3F80F20ADF81B205A7CA5
:10D0F0008DF81D20586801901A899B7A8DF80A30A6
:10D10000094BADF8082068461A689B88CDF80B20BB
:10D11000ADF80F30CDF81120ADF81530FFF7F4FE63
:10D1200009B05DF804FB00BFBA97050038B50421CB
:10D1300004460C3013F063FB034640885D7818B159
:10D1400019782246FEF7B4FE35B104480BF0F8FB1F
:10D15000BDE83840FFF702BC38BD00BF40050020E5
:10D16000B0B50321044600AF0C3013F048FBE36870
:10D170000578B0F80100197840F63543984215D18A
:10D180006C468AB06A460F4B0F48C2E905310F4B17
:10D19000D36140F2013313840D4B42F8103F4FF43A
:10D1A000125114F0E6FDA546BD46B0BD10B12246B1
:10D1B000FEF77EFE002DF7D006480BF0C1FBFFF70F
:10D1C000CDFBF1E7B9A00500CC7C05005A91050024
:10D1D0000400000140050020F8B50A4DEF7906462D
:10D1E0000024E3B29F4202D86FF0010007E0294615
:10D1F000304614F09CFE0735631C08B12046F8BD8C
:10D200001C46EEE71004002037B504460D4671B108
:10D210001249284614F08BFE48B91148C4EBC404E7
:10D220002946204414F08DFE002003B030BD68462E
:10D2300014F0E9FC0028F8D16846FFF7CDFF00287C
:10D24000F5DA074BC4EBC4001844694614F079FEC4
:10D25000002DE9D001462846E4E700BFAD97050060
:10D260001004002070B51A4E0622314605461AF009
:10D27000F4F838B34FF0FF304FF0FF31FFF79AF971
:10D28000044608B3062229460C3013F07DFA2146E5
:10D29000002242F20500FFF7E5FC044648B110F118
:10D2A0000D0F04D10B4A0C48022114F048FE204611
:10D2B00070BD33462A6843F86929AA88B2800122E2
:10D2C00083F868200024F2E76FF06804EFE700BFFE
:10D2D000790400202DA20500D47C0500084BBFF383
:10D2E0005B8F53E800CF4CF4806C43E800C2002A07
:10D2F000F7D1BFF35B8F037A19430172704700BF08
:10D30000E4040020F7B5002104460222084601F09B
:10D310005DFE064648B120460121FFF7DFFF30469B
:10D3200003B0BDE8F04001F071B93B4D01463B4808
:10D3300000F00EFC95F823317BB1304614F04BFE23
:10D3400058B1374A0221374814F0F9FD3648002118
:10D3500003B0BDE8F04000F0FBBB95F8232195F841
:10D3600022319A4218D1314A2E48022114F0E7FDA9
:10D370000022114642F22900FFF774FC10B12C4A3A
:10D380000121E0E795F82331013385F82331237A31
:10D3900043F004032372D9E72246671C12F82A0BD4
:10D3A000394614F0DBFD064610B1224A01210EE099
:10D3B00095F82331013385F82331237A43F00403B0
:10D3C000237295F8A7305B0708D41B4A0221154841
:10D3D00014F0B5FD012014F0FEFDB7E739466846AC
:10D3E00014F0AFFD01234FF0FF304FF0FF318DF807
:10D3F0000730FFF7DFF8044660B1082269460C30B9
:10D4000013F0C2F93246214642F24E00FFF72AFCE1
:10D410000028DFD0094AC9E710040020A320050036
:10D420003CA20500D47C05000920050061A205008E
:10D4300092A20500B2A20500D2A20500FCA205003E
:10D4400000212DE9F04102220446084601F0BEFD0C
:10D45000054640B120460221FFF740FF2846BDE8BF
:10D46000F04101F0D3B801462A4800F071FB28468C
:10D4700014F0B1FD284D064688B1284A0346012123
:10D48000274812F0E8FF95F8233113B1012014F07A
:10D49000A2FDBDE8F0412348002100F059BB95F8FA
:10D4A000233195F822219A420CD2013B85F8233191
:10D4B000237A1D4923F0040302462372022005F05B
:10D4C000E3FBE0E74FF0FF304FF0FF31FFF772F87A
:10D4D00004F10108074668B107210C3013F04EF93A
:10D4E000414614F02EFD3246394642F22800FFF73D
:10D4F000B9FB28B10D4A0A48012114F020FDC2E70A
:10D5000095F82331013B85F82331237A23F0040376
:10D510002372B8E7A32005001004002017A305001C
:10D52000D47C050009200500C11F050044A30500A7
:10D530000A4BBFF35B8F53E8002F22F4806143E86E
:10D5400000100028F7D1BFF35B8F530504D50449C1
:10D550000022022005F098BB704700BFE4040020C1
:10D56000392105001FB50023CDE9023301908DF864
:10D570000C1001AA0349022005F086FB029805B0B1
:10D580005DF804FB7920050010B4034670B10A4928
:10D5900091F8224191F823210CB1944208D2013232
:10D5A00081F823211A7A42F004021A7210BC7047E3
:10D5B00010BCFFF7A7BE00BF1004002010B4034644
:10D5C00098B10B4C94F8221194F8232129B1013120
:10D5D0008A4203DC10BCFFF733BF12B1013A84F872
:10D5E00023211A7A22F004021A7210BC704700BF7D
:10D5F0001004002070B50446B1B9C0B11F4914F041
:10D6000096FCA0B92046FFF7E7FD00282FDA237823
:10D61000012B04D1A37903F0C003C02B07D0184A13
:10D620001848012114F08BFC6FF0150070BD164DE9
:10D63000EB79012B1ED005F1D40014F089FCC3074F
:10D6400007D4002CF0D00D49204614F070FC0028BF
:10D65000EAD1EE792146731C3046EB71FFF7D4FD19
:10D6600008B93046E2E7EB79013BEB71DEE76FF09A
:10D670007700DBE76FF00B00D8E700BFAD97050040
:10D6800069A30500D47C0500100400202DE9F341B6
:10D69000044640B91A4A1B48022114F050FC0020ED
:10D6A00002B0BDE8F08101AA002141F20900FFF7B4
:10D6B000D9FA054608B1144AEDE7019E1349D6F898
:10D6C0000C8008F101070622384619F0C6FE28B181
:10D6D0000F490622384619F0C0FE18B93046FDF74A
:10D6E0001FF9DCE7D8F80130C4F80130BB88A4F892
:10D6F000053030462570FDF713F90120D0E700BF53
:10D7000097A30500D47C0500B0A30500BA970500D7
:10D71000B497050007B56846FFF7B8FF044BD8710A
:10D7200018B169460020FFF76FFD03B05DF804FBF8
:10D7300010040020F0B5304DEC7989B0002C53D1A5
:10D7400095F8C26016F0010610D12C4A2C4802212F
:10D7500014F0F5FBEC71162600240127EB79E0B2FA
:10D7600098422CD3002B3FD000203BE06A46214654
:10D770004FF60940FFF776FA08B1224AE6E7DDF8EE
:10D7800000C0DCF80C104B7823B96046FDF7C8F8F0
:10D790001D4ADBE78B1C02AA01F1120418685968C4
:10D7A000174603C70833A3423A46F7D118683860D2
:10D7B0009B88BB806046FDF7B3F83446CAE708ABE8
:10D7C00006FB0033694653F8182C33F8143CCDF8A7
:10D7D0000120ADF805308DF80070FFF715FD01341C
:10D7E0000028BBD009B0F0BD0021084609B0BDE853
:10D7F000F040FFF7FFBE00BF10040020CEA30500DD
:10D80000D47C0500FAA305001AA405002DE9F04117
:10D810000D4617461C46064650B14BB10A03037825
:10D8200011D56D0708D52E4A2E48012114F087FB2B
:10D830006FF01500BDE8F08114F063FC0028F9D109
:10D8400001232370F6E7A9072ED027480FB1AA06B7
:10D8500008D4C3EBC302825C012A13D002B9227040
:10D860000020E7E790F8D820510635D5C3EBC30276
:10D87000825C012A06D002B92270237843F00203A9
:10D880002370EDE74FF00108072111FB03810144EC
:10D89000304614F02EFC0028CCD184F80080002FF4
:10D8A000DED0AB06DCD5E8E76A0712D50E49C3EB3C
:10D8B000C3028E5C012E09D1072212FB03631944B7
:10D8C00014F017FC0028B5D12670EAE7002EE8D145
:10D8D000FAE714F016FCB3E76FF08500AAE700BF83
:10D8E00043A40500D47C05001004002038B5104D79
:10D8F000EB7913B10024204638BDFFF70BFF044637
:10D9000028B10C4A0C48012114F019FBF3E7EB791C
:10D91000002BEFD1FFF70EFF04460028F1D1681C61
:10D92000FFF7A0FC04460028E5D0044AEAE700BF60
:10D930001004002062A40500D47C050081A4050029
:10D940002DE9F74F8A4601904FF0FF314FF0FF303D
:10D95000FEF730FE044600284ED020210C3012F095
:10D960000DFF2022002180464FF0000919F06DFDC7
:10D97000DAF8007008F1010B4D46DAF80420914501
:10D9800009D3019888F800500022214603B0BDE871
:10D99000F04FFFF767B97A7897F800C0A81C811894
:10D9A0001F2915D9BCF1090FC0F11F0201D1002AAE
:10D9B0000CDC134A1348012112F044FD2046FCF709
:10D9C000AFFF6FF0150003B0BDE8F08F4FF0080C0B
:10D9D000D6B2711C0BF80510691CC9B202360BF8DF
:10D9E00001C079685BFA80F02E4419F006FDF5B2AB
:10D9F00009F101090837C0E76FF06800E3E700BFED
:10DA0000A4A405008C7C0500F8B5456869050646A8
:10DA100035D4046914B115F0030330D0194F3078B0
:10DA2000FB7983422BD9C0EBC00017490722384449
:10DA300019F013FDA8B115F0030306D197F8702073
:10DA4000082A02D8B2689F2A19D915F0300F09D0D8
:10DA5000ACB1EA060AD405F46035B5F5603018BFFC
:10DA60000120F8BDEB0601D4002CF4D1D6E9022345
:10DA70009A4204D81F2A02D9B3F5804FEBD900206F
:10DA8000EFE700BF10040020AD970500F7B5CDE922
:10DA90000001694642F208009DF8207016461D46B6
:10DAA000FFF74EFF044668B97FB9BFF35B8F0C4B9D
:10DAB00053E8001F41F0040143E80012002AF7D1A7
:10DAC000BFF35B8F204603B0F0BD694642F2090008
:10DAD000CDE90065FFF734FF0028E6D00446F1E702
:10DAE00038040020F8B50446164B14F8097B83F877
:10DAF0006F7005460E4607221349204619F0ADFC0B
:10DB000070B91249384601F0E3F9044610B96FF0D4
:10DB10000B00F8BD052100F0B9FD34600020F8E7E6
:10DB20002146384601F01AFA40B92146287801F01A
:10DB3000CFF904460028EAD00621ECE76FF0150083
:10DB4000E7E700BF10040020AD970500A697050089
:10DB500003460148184700BF2804002000487047CA
:10DB6000280400202DE9F04F8E4ED0F810B089B077
:10DB70009A460023BBEB03040546304618BF012438
:10DB8000039314F0F8FA0F464107914640F1EA80FA
:10DB90002846FFF739FF60B96FF0150438460023B7
:10DBA00040F20111994540F0E680204609B0BDE8F9
:10DBB000F08F284614F0BCFA80460028ECD0A6F17D
:10DBC000AC0014F0D8FAC205C0F3002300F1CD80F8
:10DBD000CDE90533CDF81B30AB686868ADF810307F
:10DBE000EB68ADF8123014F0B7FA8DF81D00BFF3F2
:10DBF0005B8F56E8003F23F4807346E80032002A2A
:10DC0000F7D1BFF35B8F2A7806F8BC2C06F8652C99
:10DC1000696822460DF11503A6F1BC00FFF7F6FD79
:10DC200004460028BAD1A6F1B303BBF1000F11D00E
:10DC30002A69116846F8B31C9188998092799A7183
:10DC40006B689E074AD1980502D4BAF1000F59D0EB
:10DC500002230BE0544A116846F8B31C918892796C
:10DC600099809A716B689C07EDD05B468DF81430F3
:10DC70004FF0FF304FF0FF31FEF79CFC04460028C8
:10DC800076D00F2204A90C3012F07EFD214600222E
:10DC900042F20600FEF7E6FF044600287FF47EAF5E
:10DCA000BBF1000F32D06B6899073BD13F4801218F
:10DCB00014F082FA044600283CD03D4A3D48012138
:10DCC00012F0C0FB039D002D3FF468AF28460021F1
:10DCD00000F0DCFC284600F099FC5FE713F0100F21
:10DCE0000CBF012304238DF814302B691A68CDF87A
:10DCF00016209A88ADF81A209B798DF81C304FF0C9
:10DD00000008B5E703238DF81430F8E7129BCDF82F
:10DD10000080524649463846FFF7B8FE04460028C0
:10DD2000C1D03BE7214803A9FFF7DCFE04460028E9
:10DD3000BCD033E7039808B100F068FC6A681E485D
:10DD400012F0030218BF0122092114F01AFA424608
:10DD50000A2114F016FA6A680C21C2F3800214F04A
:10DD600010FA1BE76FF00A0418E76FF0770415E765
:10DD70006FF0680412E702888A4204D1426812B147
:10DD80001278D20702D4013308300BE70B490C4854
:10DD900018F05FF94FF47022002309480BF086F861
:10DDA00003E700BFE4040020AD970500280400202D
:10DDB000BDA405008C7C05003804002041DE030072
:10DDC0004004002010B5184814F01EFA174814F04B
:10DDD000D2F90346DA05C0F3002023D5134814F026
:10DDE000CAF9830515D512491248072219F035FBE7
:10DDF00011490346087E93B91049052201F0E6F85F
:10DE0000044630B10021017300F040FC204600F0D0
:10DE1000FDFBBDE810400448002114F0CDB90622F6
:10DE20002131EBE710BD00BF28040020380400209A
:10DE3000AD9705003104002010040020A6970500CE
:10DE400010B5FFF7BFFF034630B1044A0448BDE8F0
:10DE50001040022112F0FFBA10BD00BFD8A4050087
:10DE60008C7C050070B59AB0414B029318220021BA
:10DE700003A819F0EAFA44F2010309A8099314F07F
:10DE8000C6F9099B049369463A4B059302A818F01A
:10DE90001CFF034638B3384A3848012112F0DBFA38
:10DEA0001F25374BBFF35B8F53E8001F21F00101A3
:10DEB00043E80012002AF7D1BFF35B8F314E0BF01D
:10DEC00055FA3468002C4BD0002DA4F104042E4DDB
:10DED00018BF002523680BB1284698476468002CBA
:10DEE0003ED0043CF6E701AB0098412209A918F0A6
:10DEF000BEFD034608B1254ACEE7254A0DF12503AC
:10DF00000DF1650153F8040B42F8040B8B42F9D173
:10DF100001AB20490098202218F057FD034608B1B4
:10DF20001D4AB9E700980CF017FF054610B11B4ACF
:10DF30000346B1E71649144814F076F91848203121
:10DF400014F072F9BFF35B8F164B53E8001F41F0DA
:10DF5000100143E80012002AF7D1BFF35B8FA0E75E
:10DF60000023C6E900330BF015FA1AB070BD00BFEC
:10DF70001271000100000209FEA40500BC7C05002E
:10DF80005C3E0020643E0020E85D00201CA50500EA
:10DF9000A85D0020885D00203FA5050063A5050061
:10DFA000085E0020E404002030B5A7B004233D2221
:10DFB000002116A8159319F048FA324B069318223F
:10DFC000002107A819F041FA44F201030DA80D93AE
:10DFD00014F01DF90D9B08932B4B09932B4904ABAF
:10DFE000202206A80CF0FAFE034600B3284A29486E
:10DFF000012112F030FA6FF004040BF0B7F9264B50
:10E000001D6885B100201860244BBFF35B8F53E877
:10E01000001F21F0020143E80012002AF7D1BFF3EC
:10E020005B8F44B3A8470BF0B5F927B030BD1C4B4C
:10E030000DF1550203F14000194653F8044B42F824
:10E04000044B8342F9D105AB02932023CDE90013A1
:10E050000D480499412315AA18F0E9FD034608B1BB
:10E06000104AC4E704980CF077FE04460028C4D098
:10E070000D4A0346BBE70DA8094914F0D5F80DA8D1
:10E08000D0E700BF1271000100000209885D002086
:10E0900083A50500BC7C0500603E00205C3E00209E
:10E0A000A85D0020B9A50500D5A5050008B504495F
:10E0B000402219F0D2F9B0FA80F0400908BD00BF43
:10E0C0003DA6050010B59AB0182204461B4B0293DA
:10E0D000002103A819F0B9F94FF4804309A8099366
:10E0E00014F095F8099B0493154B059321460423DE
:10E0F0000DF125008DF8243014F096F804F120017C
:10E100000DF1450014F090F801AB412209A902A8D5
:10E110000CF064FE044602A818F04FFE2CB90198DA
:10E120000CF01AFE01201AB010BD0648064A23461C
:10E13000012112F090F90020F5E700BF1241000123
:10E1400000000209BC7C0500F2A5050010B50028FE
:10E150003FD0234A136823B1043B98423CD05B680C
:10E16000F9E7204BBFF35B8F1968BFF35B8F89071B
:10E1700007D51D481D4A022112F064F96FF00F0007
:10E1800010BD14684460011D5068116000B95160F1
:10E19000BFF35B8F53E8002F42F0010143E800100A
:10E1A0000028F7D1BFF35B8FD30701D50020E7E745
:10E1B0000F4BBFF35B8F53E8001F21F0100143E8C2
:10E1C0000012002AF7D1BFF35B8F0A48FDF72AFC43
:10E1D000ECE76FF01500D3E76FF07700D0E700BFF2
:10E1E000643E00205C3E0020BC7C050016A60500B5
:10E1F000E4040020C4070020054BBFF35B8F1B68BD
:10E200000448BFF35B8F13F0100F08BF0020704766
:10E21000E4040020E85D002070B505461E48036850
:10E220008B4232D0BFF35B8F1C4B1B68BFF35B8FFD
:10E23000DA062DD5036813B16FF00F0070BD184AD0
:10E24000BFF35B8F1368BFF35B8FDB07F4D4BFF3BF
:10E250005B8F52E8003F43F0020442E80046002E84
:10E26000F7D1BFF35B8F13F00204E5D101600D48D5
:10E27000294613F0D9FF0C4805F1200113F0D4FF13
:10E280000A48FDF7CFFB2046D8E76FF07700D5E7C7
:10E290006FF07C00D2E700BF603E0020E404002065
:10E2A0005C3E0020A85D0020C85D0020B40700206F
:10E2B00070B50C4B1C68054644B154F8243C243C12
:10E2C00013B1297B28469847646AF5E7064C074E48
:10E2D000B44200D370BD236813B1297B2846984708
:10E2E0002834F5E7FC3F0020347C05005C7C050009
:10E2F00010B50446FCF774FA044901EB00112046FE
:10E3000013F0DBFCBDE81040FEF728BB6C3E00209C
:10E3100070B5D1E9015600220446C1E90122064840
:10E3200017F0AEFD3DB1314620462B466FF06D0231
:10E33000BDE87040184770BD700E002010B513F096
:10E34000CDFD034630B1044A0448BDE81040012128
:10E3500012F081B810BD00BF84A60500A47C0500A2
:10E3600010B5437B072B044617D14FF4806104306E
:10E3700013F07EFF410510D4BFF35B8F6368BFF3DA
:10E380005B8FDA0309D4054B93F8D8301B0704D50B
:10E390002046BDE81040FFF7D1BF10BD100400209B
:10E3A00070B505460F48002200230AF003FBB8B9F8
:10E3B0000D4B1C6834B154F81C3C243C03B1984705
:10E3C000646AF7E7094C0A4EB44204D32846BDE814
:10E3D00070400AF0C7BCA36803B198472834F3E73C
:10E3E00070BD00BF4C0E0020FC3F0020347C0500B7
:10E3F0005C7C05002DE9F843DFF854800446402793
:10E400000025EFF3118387F31288BFF36F8FE16963
:10E4100029B983F31188BFF36F8FBDE8F883206AB1
:10E420000A68E261814208BF226283F31188BFF368
:10E430006F8FD1E901694046C1E9015517F020FD10
:10E440001EB1002249462046B047FEF787FAD8E7BA
:10E45000700E00200448B0F80431002B00F58470E1
:10E4600008BF0020704700BF1004002030B50446EC
:10E4700019F0CEF80D4A0D460D490858D2F8901003
:10E4800088428BB005D120460BB0BDE83040FFF785
:10E49000B1BF24342146104617F0AAFD1DB16946CC
:10E4A000204617F0B5FD0BB030BD00BF203700206F
:10E4B0000800000038B5002204468A4202D1002438
:10E4C000204638BD04F1D4030120BFF35B8F53E82D
:10E4D000005F002D04D143E8000CBCF1000FF6D121
:10E4E000BFF35B8F02D0D8340244E6E7002CE6D0BD
:10E4F000D4220021204618F0A8FF04F1400004496E
:10E5000017F0A7FD034904F1240017F055FDD7E7E4
:10E510007DF003008F220500F7B516460D46012158
:10E520000446FFF7A3FF012E23D0022E50D123690A
:10E530003BB13048304A012111F084FF204613F0EE
:10E54000C4FE256121690B8A012B51D9CA68128842
:10E55000043292B293424BD341D926480092012112
:10E56000264A11F082FF204603B0BDE8F04013F0C8
:10E57000ACBE206940B9224A1E48314611F062FF04
:10E58000204613F0A2FE01E02F8A2FB9284603B0DF
:10E59000BDE8F040FCF7C4B90C3012F04CF98742EA
:10E5A0000CD9184A1348314611F04CFF216900225A
:10E5B000204600F0C1FF00232361E7E720692A8A93
:10E5C000E9680C3012F0E0F82846FCF7A9F9B9E741
:10E5D0000D4A08483346012111F03DFFD0E70023E2
:10E5E00001222046236103B0BDE8F04000F0A4BF43
:10E5F00003B0F0BDA47C0500A5A6050025A7050075
:10E60000C2A60500E0A6050007A7050008B5D4309E
:10E61000BFF35B8F50E8003F013B40E80032002A27
:10E62000F8D1BFF35B8F3BB904480AF089F9BDE824
:10E63000084003480AF096BB08BD00BF4C0E0020FE
:10E64000E407002010B5044613F048FE0AF08EFEE1
:10E650000C4BD3F8243104F1C8012BB90A4813F04C
:10E66000EDFD0AF097FE06E0994208D10AF092FE0D
:10E670002046FFF7CBFFBDE81040FEF76FB91B68DF
:10E68000EBE700BF1004002034050020F8B5467BFE
:10E690008E4200AF04460D461AD1082E96BF554B48
:10E6A000554B53F826306C4688B06A465349C2E948
:10E6B00005134FF400739383514B42F8103F5148B8
:10E6C00000234FF4E451FAF705FEA546BD46F8BD18
:10E6D00041730EB913F002FE637B082B00F28680B3
:10E6E00001A252F823F000BF3DE7030093E70300C7
:10E6F000CDE60300CDE60300CDE60300CDE6030042
:10E70000CDE603000DE70300CDE603003E480021FF
:10E710000BF054FA0023C4E90D33E378012BD5D173
:10E72000A378012B04BF032384F898304FF42032E0
:10E73000002304F140000AF085FBC7E7082EC5D886
:10E74000DFE806F02005171C1C1C1720200004F130
:10E750004005284617F089FC01212046FFF786FE78
:10E76000204613F0B2FD0022002328460AF09EFB4B
:10E77000ACE7237B13B12046FFF79AFD2046FFF755
:10E7800045FFA3E7214A2B461E48022111F063FEF4
:10E790009CE7237B3E2B0FD16D4688B06A461C4B0D
:10E7A000C2E90534032342F8103F164800234FF412
:10E7B000C451FAF78FFDAD46164D05F584766169B3
:10E7C00011B9FEF7CBF881E7A2690B68636191424A
:10E7D00008BFA3612046FFF79BFDB5F80431002B6D
:10E7E00014BF304600200AF0ABF8E8E70A4A2B468F
:10E7F000CAE700BF7084050040A705004AA70500CE
:10E8000003000001A47C0500F40700205BA70500BD
:10E8100072A705001004002099A70500F8B5074667
:10E8200009480D46164613F059FD044650B1837849
:10E830001F4203D1BDE8F840FFF7E8BE3146A847C4
:10E840002046F7E7F8BD00BFD82600200249002285
:10E850000120FFF7E3BF00BF61E3030070B5054689
:10E860000E480E4613F03AFD0446A0B1437B012B3F
:10E8700002D0073B012B0CD82388AB4208D1A378E8
:10E880001E4209D1064A07482B46022111F0E3FD3A
:10E890002046FFF7BBFE0024204670BDD82600208E
:10E8A000B5A70500A47C0500034BC01A034BC0109C
:10E8B0005843C0B2704700BFD826002013DA4B6817
:10E8C00070B51C46144305460E460DD00F4918F08E
:10E8D0009FFED1F890400E4909588C4206D10D4A4E
:10E8E0000D48022111F0AEFD002213460B49002D08
:10E8F00014BF2846084611F0D5FE044618B1711D14
:10E900000C3011F030FF204670BD00BF20370020D2
:10E9100008000000CCA70500A47C0500880E00209C
:10E9200010B5044605480AF01DFA204600F04AFDDD
:10E930002046BDE81040FFF7BBBC00BFD407002055
:10E940002DE9F04F87B000AF0023FB607B61BE4B29
:10E950005A8B3AB1BD4DD5F824413CB91C37BD4660
:10E96000BDE8F08F1B68002BF4D1F7E754F8C839E5
:10E9700003B1C83BB649002601E01C461346B5F872
:10E980000421002A00F05E81D5F810214AB904F173
:10E99000C806002BE2D0D3F8C820002AEDD0C83A30
:10E9A000EBE70A68002AF2D0D4F8B420002AEED0AF
:10E9B000D4F8B820002AEAD0D4F8BC20002AE6D047
:10E9C000637B072B6AD120469047002866D0BFF3AF
:10E9D0005B8FD4F8CC30BFF35B8F022B5EDC20461C
:10E9E00013F07CFC04460028B8D0637B072B40F072
:10E9F0002681D4F8B430B5F8041107F1100220468E
:10EA000098478146002800F00D81B5F804213B6944
:10EA10009A4208D30146D4F8B86007F1140307F10D
:10EA20000C022046B0477B693B60B9F81030D7E94B
:10EA3000038A002B00F0FD80484613F054F97860FB
:10EA4000002840F0F980B5F80431DFF808B2002B57
:10EA500014BF584600200022002309F0ABFF78B90C
:10EA60007B480022002309F039FF064600283BD1ED
:10EA7000B5F80431002B18BF5E46304609F060FF40
:10EA80006FF00B054846FBF74BFFB8F1000F00F0A5
:10EA9000B38039682A462046C047ADE0D4F8C83074
:10EAA00004F1C802C6B9D5F82811C5F824318A4244
:10EAB00001D1C5F828310023C4F8C8302046D4F865
:10EAC000BC309847002890D0637B072B40F0B7807C
:10EAD0002046FFF7B7FD88E73360D5F828319A4222
:10EAE00008BFC5F82861E6E73B68C0F8048083608A
:10EAF000B5F804B15448DA454FF000024FF0000376
:10EB00004FF0000198BF1FFA8AFBFBF78BFE80468F
:10EB100050B1FBF765FE504B5A4603EB00134946D4
:10EB2000404613F0A5F88046B5F8043194F8D0902B
:10EB30009A4584BF01237B607B6884F8D0309CBFFA
:10EB400009F102095FFA89F904F1CC0ABFF35B8F7E
:10EB50005AE8003F01334AE80032002AF8D1BFF3F7
:10EB60005B8F04F1140B3146584613F067FBA37812
:10EB7000012B5BD108F10C03042118467B6011F0D6
:10EB800025FE22887B6809F0FD0942EA09320280ED
:10EB9000B8F81020043A42800221184611F01EFEF7
:10EBA0004046FDF71BFE8146002848D0BFF35B8F2F
:10EBB0005AE8003F013B4AE80032002AF8D1BFF38F
:10EBC0005B8F3146584613F065FB244A24484B4678
:10EBD000012111F040FC4046FBF7A2FE20463146E1
:10EBE000FFF796FBB5F804311A48002B08BF002048
:10EBF00009F0A6FE6FF004056E4688B06B46194A10
:10EC0000DC61C3E905251A46042342F8103F144885
:10EC10004FF401510023FAF75DFB1321B54620465E
:10EC200013F078FB2046FFF7F1FC97E66FF015092B
:10EC3000BCE76FF0790525E76FF0040522E7FDF7E3
:10EC40008DFEEFE79368FFDE0C0F0020100400201C
:10EC5000700E0020180500206C3E0020169E050056
:10EC6000A47C0500F5A705002DE9F041D0F88860E7
:10EC7000BFF35B8F4268BFF35B8F920440F2E243C5
:10EC80000446B6FBF3F600F10403B6B217D5B0F8AC
:10EC90008C20B24213D8B0F88E20B2420FD3D0E904
:10ECA000241291420BD1BFF35B8F53E8001F21F474
:10ECB000005143E80012002AF7D1BFF35B8F114BDC
:10ECC0001D6865B155F8147C243D37B1B4F8923015
:10ECD000B4F8902031462046B8476D6AF1E70A4DF6
:10ECE000DFF82880454501D3BDE8F0812F6937B1B1
:10ECF000B4F89230B4F8902031462046B847283511
:10ED0000F0E700BFFC3F0020347C05005C7C050080
:10ED1000F8B50F4B1C6805465CB1243C00F1AA060F
:10ED2000236A13B1314628469847646A0CB1243CE3
:10ED3000F6E7084C084E05F1AA07B44200D3F8BD27
:10ED4000236A13B13946284698472834F5E700BFAF
:10ED5000FC3F0020347C05005C7C0500F8B50F4BBF
:10ED60001C6805465CB1243C00F1A806E36913B1B8
:10ED7000314628469847646A0CB1243CF6E7084CB3
:10ED8000084E05F1A807B44200D3F8BDE36913B1FA
:10ED90003946284698472834F5E700BFFC3F002055
:10EDA000347C05005C7C05002DE9F04107460846EF
:10EDB0000D4613F027F8064618B900263046BDE880
:10EDC000F081144B1C6884B154F8183C243C0BB9F6
:10EDD000646AF8E72946384698470028EDD0284667
:10EDE00013F010F80028F3D1E7E70B4CDFF82C8084
:10EDF0004445E3D2E3680BB92834F9E7294638469D
:10EE000098470028D9D0284612F0FCFF0028F3D1FB
:10EE1000D3E700BFFC3F0020347C05005C7C05008C
:10EE20002DE9F041C37804468BB900F17E06114B01
:10EE30001D687DB1243D04F170076B691BB13A4632
:10EE40003146204698476D6A25B1243DF5E700F12B
:10EE50007706ECE7084D094F04F17008BD4201D375
:10EE6000BDE8F0816B691BB14246314620469847A8
:10EE70002835F3E7FC3F0020347C05005C7C05006E
:10EE8000F8B5437A83720546164613F08BFB0D4B9B
:10EE90001C684CB154F80C3C243C1BB1697A3246D6
:10EEA00028469847646AF4E7074C084FBC4200D3F1
:10EEB000F8BDA3691BB1697A3246284698472834C1
:10EEC000F4E700BFFC3F0020347C05005C7C0500BB
:10EED00038B505460C460F480121FFF7EBFAC0B1E3
:10EEE000057223680367A388A0F87430A37980F8BB
:10EEF00076300123437283728370074BC0F8B430BD
:10EF0000064BC0F8B830064BC0F8BC30054BC0F813
:10EF10008C3038BDD8260020B9F203005D220500F0
:10EF2000512205001800280070B505460A480E4613
:10EF300013F0D4F9044620B18378012B04D0FFF7F5
:10EF400065FB0024204670BD3246294613F054FA72
:10EF50000028F7D12046F2E7D8260020B0B500AF50
:10EF60000D46FFF7E1FF044608B32846FCF7F8FC1E
:10EF7000637B082B96BF0F4A0F4B52F823306D4628
:10EF80008AB06A460D49C2E907030D4B53620D4B27
:10EF9000C2E9051442F8103F0B4800234FF44251D8
:10EFA000FAF798F92046AD46FFF730FB0120BD4641
:10EFB000B0BD00BF7084050040A7050018A805007B
:10EFC0000103020405000002A47C0500F8B5054613
:10EFD0000E480E46174613F081F9044620B1837897
:10EFE000012B03D0FFF712FB00240DE036B13246AF
:10EFF000294613F001FA08B92046F3E7637BBB42C8
:10F00000FAD1237AAB42F7D12046F8BDD8260020AA
:10F0100038B5044608460D4612F0F4FE48B3164BC8
:10F0200093F8D830990707D4E37883B1294620466E
:10F03000BDE8384000F0ACBA94F899309A07F3D59F
:10F04000BFF35B8F6368BFF35B8F5B04ECD429462F
:10F05000204613F0F7F958B92B88A4F88C306B8848
:10F06000A4F88E30AB88A4F89430EB88A4F89630DE
:10F0700038BD6FF01500FBE710040020F7B510F85D
:10F08000333C0446A0F140060BBB304613F02DFA8A
:10F09000354B1D684DB155F8203C243D1BB114F88B
:10F0A000341C304698476D6AF4E7304D304FBD420E
:10F0B00005D3304603B0BDE8F040FFF7A7BA6B6850
:10F0C0001BB114F8341C304698472835EFE710F888
:10F0D0003E3C012B46D1BFF35B8FA0F13C0555E8C8
:10F0E000003F23F4005245E800210029F7D1BFF387
:10F0F0005B8F990423D5E36C00936946636D01939C
:10F100003046FFF785FF034698B9BFF35B8F55E89C
:10F11000003F23F4805345E80032002AF7D1BFF3C3
:10F120005B8F4FF40061284603B0BDE8F04013F058
:10F130009FB8104A1048022111F08DF9F1E70F4AEB
:10F140004FF4281369463046CDE90023FFF760FFEE
:10F15000034628B94FF48051284613F089F8E0E7B8
:10F16000074AE7E703B0F0BDFC3F0020347C050010
:10F170005C7C050051A80500A47C0500180028004F
:10F1800076A8050070B50C480C4D0B4E16F06CFEC1
:10F19000002429463046013416F072FE202C05F179
:10F1A0000C05F6D113F00FFE03F03AFD044608B942
:10F1B00013F062FA204670BD700E00207C3E0020E5
:10F1C00008B50346034A0448012111F044F9002020
:10F1D00008BD00BF29A90500E47C050080B500AF8B
:10F1E00088B06A46074BC2E90530032342F8103F56
:10F1F000054800234FF4C251FAF76CF86FF00B008A
:10F20000BD4680BD51A90500E47C0500044B1A6889
:10F210000AB1FFF7E3BF034858600B601046704720
:10F2200010400020BC84050070B5044652EA03007B
:10F230000AD018F0EDF9074D074ED5F89050305828
:10F24000854204BF0022134620460431BDE87040C9
:10F25000FFF736BB203700200800000073B50546D5
:10F2600018462B680BB35B7B072B1ED1002A0E7A46
:10F2700014BF022301239E4209DD0D4A0D4800966A
:10F28000012111F0F2F86FF0150002B070BDCB7AD9
:10F29000072BF8D9C8618A6105F1300016F0F0FD3E
:10F2A000284613F0F9F80020EFE76FF07F00ECE755
:10F2B00078A90500E47C05002DE9F047D0F8C040AE
:10F2C00000AF0E4691464CB1483C236B6BB104F144
:10F2D000300A504616F0E9FD054660B9FDF73EFBE1
:10F2E00000252846BD46BDE8F0872068C03013F0F1
:10F2F000F2F8A46CE7E712F0F6FC80B16C4688B037
:10F300006A462D4BC2E90535032342F8103F2B48CE
:10F3100000234FF4C251F9F7DDFFA546E0E7284688
:10F3200011F0EFF9E36C0546B3B9A38CB0F8108087
:10F33000403B9BB23F2B03D8238D984528BF98466E
:10F34000042105F10C0011F041FAA0F80080A38C13
:10F35000438008F10403E364E36C2A8AB3420FD8C4
:10F36000934216D0A38C403B9BB23F2B21D92068FF
:10F37000C03013F0B0F8236B13B1204613F08CF8B3
:10F38000E36CC9F800309E4234BF9E1B0026E66441
:10F39000A7E700220023504609F0A0FAFBF7C0FAC5
:10F3A000A38CA3F140023F2AE1D8054AAA61EB6190
:10F3B000DDE700221346F9E798A90500E47C050083
:10F3C00029260500F7B5284D284F04460026BD42E2
:10F3D00001D303B0F0BD2988204613F01BF96B68F8
:10F3E000019001A920469847002838DB019B2A8814
:10F3F0009A829A8403F11002BFF35B8F52E8001FD8
:10F4000042E800600028F9D1BFF35B8F9E64DE64A0
:10F410009E60A16B03F1080219BBC4E90D221C60B8
:10F42000DE6003F1300016F01FFD019843681B6891
:10F4300003B19847019BBFF35B8F103353E8001F64
:10F4400041F0010143E80012002AF7D1BFF35B8FBE
:10F4500001984368DB6913B100F110019847083542
:10F46000B5E70A60A263DAE71C7C0500347C05007E
:10F4700073B50D460646042105F10C0011F0BFF9E5
:10F480002B8A42889A42044607D000921C4A1D48A3
:10F49000012110F0EAFF02B070BD43783BB91A4A6F
:10F4A0001848012102B0BDE8704010F0CBBF0378CE
:10F4B000012BF0D0132B06D1022AECD002230093AB
:10F4C0001346124AE3E7124A0E48022110F0C3FF26
:10F4D000617835680222012013F081F80446002883
:10F4E000D9D002210C3011F049F900230370437088
:10F4F0002146284602B0BDE8704013F0A2B800BF14
:10F50000B0A90500E47C0500D1A90500F2A9050019
:10F510001DAA050008B50B8A032B06D8044A054826
:10F52000012110F08FFF002008BDFFF7A1FFFAE7CF
:10F5300045AA0500E47C050038B50B8A032B054677
:10F540000C4609D80F4A1048012110F07BFF2046D5
:10F55000BDE83840FBF7E4B9042104F10C0011F0D8
:10F560004EF94188284613F07DF830B9074A06481D
:10F570000B46022110F06FFFE9E7436821465B6903
:10F580009847E4E763AA0500E47C050080AA05002B
:10F5900070B5124B0C4619780131C9B2012938BF38
:10F5A0000121054608221220197013F018F80646AA
:10F5B00088B108210C3011F0E1F8228802806288BD
:10F5C0004280A2888280E288C28031462846BDE817
:10F5D000704013F036B86FF00B0070BD285E00204D
:10F5E00023281FD81A2804D8431E182B0ED906200A
:10F5F0007047A0F11B03082B1ED8DFE803F0051DA0
:10F600001B231D19251D0500032070470F4A0123E8
:10F6100083401A40C2B90E4A1A40002A14BF012082
:10F620000620704700F07F03522B05D10020704761
:10F63000012070470520704710F0400F0CBF0620D6
:10F64000002070470420704702207047AAAA8A024F
:10F65000545545012DE9F84F074608460C46FBF77F
:10F66000BFF8DFF8BC80E1681823434308EB0302CE
:10F670000646D2F808A0BFF35B8F786DBFF35B8FAF
:10F68000C00709D4274A2848012113F018F86FF061
:10F6900015052846BDE8F88FE06800781071002253
:10F6A00048F803200B78D22B0FD13B68214618680D
:10F6B00014F06EF8054640B11C4A1B48012112F0B7
:10F6C000FEFF2046FBF72CF9E3E704F10C0011F0F4
:10F6D000AEF8182303FB0683B4F810B09F60002334
:10F6E00081461A462146381DFFF7B8FD0546002819
:10F6F000CFD010F1690F04D10D4A0B48012112F04F
:10F70000DEFF6369A4F810B013FA89F3E3601823ED
:10F710005E4308EB060348F80650C3F808A0B8E7B4
:10F7200060400020BCAA0500947C0500D6AA050014
:10F73000E9AA0500011F014816F093BAC80C002081
:10F74000024A0348012112F0BABF00BF0CAB05000A
:10F75000947C050010B500F150030446BFF35B8FA5
:10F7600053E8001F41F0010143E80012002AF7D1DD
:10F77000BFF35B8F201F13F081F804F1740004497C
:10F7800016F067FC2068BDE8104001F077BF00BFAD
:10F790000108040070B503788AB004460E4607AD30
:10F7A000032B20D8DFE803F002191B1D114928465E
:10F7B000F7F7BDFB059563780493A3780393E3788B
:10F7C00002932379019363790093A3790A4A1E2156
:10F7D00030460FF03BF80AB070BD0849E7E708492A
:10F7E000E5E70849E3E7084A0A2128460FF02EF822
:10F7F000E0E700BFC0970500E2970500C797050046
:10F80000CE970500D897050036B105002DE9FF41D8
:10F8100005460E464FF000084FF420530068176865
:10F820008DF8088002A91446ADF80A3012F09DF94F
:10F83000A0B142F6010328688DF80C8003A9ADF849
:10F840000E3012F092F948B123691BB15A88B242C6
:10F8500000D25E80012004B0BDE8F08161682868B4
:10F8600012F083F910B100232361F3E7E368A06885
:10F870001A786AB1B7F81AC0798D038A8C4594BF9B
:10F88000C3EB0C03C3EB0103934201DA0020E2E770
:10F8900004210C3010F072FF2061068023695E8025
:10F8A000074B00930194A26800232946384613F0C1
:10F8B00041F80028EADB2069003818BF0120CAE7B8
:10F8C000E328050073B50E46438D418B8B4202F150
:10F8D000010228BF0B469A42054609D91D480092ED
:10F8E00002211D4A10F0C1FD0024204602B070BD67
:10F8F0003046FFF775FE022812D0042810D017F00A
:10F9000087FE164B1958164BD3F8903099421FD0EA
:10F91000144B1B685A1A18BF4FF0FF32134602E00F
:10F920004FF47022002310480021FFF77DFC0446AD
:10F930000028DAD0FAF754FF0C4B182202FB0033F0
:10F94000012104F10C009D6010F018FF0670CCE757
:10F950000022E3E7947C050029AB050008000000C5
:10F960002037002060430020B40E002060400020BB
:10F97000F0B51D4603680E46003987B0044618BF2F
:10F9800001211868174613F0FFFC40B904F1540038
:10F9900013F090F8002846D0002007B0F0BD002DED
:10F9A00043D018220021684617F04FFD6FB10022A6
:10F9B00039462046FFF786FF019030B91C481D4AA2
:10F9C000012112F07CFE1120E7E723681A4A1B6828
:10F9D00000930023ADF812300C9B0393BDF8343034
:10F9E000ADF8103001238DF8143029466B462846B7
:10F9F0008DF8086012F0CDFE9DF8143063B1002F31
:10FA0000CAD00198FAF78CFF9DF814302A46314687
:10FA1000204613F05EF8BFE701990029BCD02046CC
:10FA200012F0C2FEB8E71220B7E70120B5E700BF29
:10FA3000947C05004EAB0500212705002DE9F34716
:10FA400017680546894600685168D7F804A014462F
:10FA500012F08BF8804600284BD19522294650465B
:10FA600013F020FC0646207540B1E3681B780BB10B
:10FA700084F81480002002B0BDE8F0872946504683
:10FA800013F0C8FC10B908232375F3E7A0682675A6
:10FA900010F03BFE02210C3010F070FE164B20617E
:10FAA000A0F8009000930194A26833462946384696
:10FAB00012F040FF002807DA10F1FF0F26BF404286
:10FAC000C0B20E202075D5E72369002BD2D0A068E4
:10FAD00012F0DDFD7B8D7A8B9A4294BFC0EB020061
:10FAE000C0EB0300E3681B78984294BF002001201C
:10FAF000C1E70120BFE700BF9F260500F7B50B8ACD
:10FB0000076804460D463BB9284A2948012112F0EE
:10FB1000D6FD002003B0F0BD012105F10C0010F06E
:10FB20006EFE7B7B072B0646F3D154F8043C002B7A
:10FB3000EFD003781F48043C002210F832709F4237
:10FB400000EBC2010FD12A8A48788F78904220D9E1
:10FB50001748009301211346174A10F086FC012F25
:10FB6000D7D104231EE001320C2AE6D11048134AF3
:10FB7000022110F070FC31780846FFF731FD0028B3
:10FB8000C7D00528C5D006230022204612F0A1FFC9
:10FB9000BFE74B68204629469847012F0346B8D156
:10FBA0000028B6D031780022EFE700BF67AB050030
:10FBB000947C0500E48405009CAB050082AB050045
:10FBC0002DE9F04F91B0166880460F46002542F6A9
:10FBD00001030068D6F804908DF82C500BA9144648
:10FBE000ADF82E3011F0C1FF002870D04FF4205333
:10FBF000D8F800008DF82C500BA9ADF82E3011F07C
:10FC0000B4FF38B1A3681BB15A88BA4200D25F80F2
:10FC100001200EE06168084612F039FD728D738B89
:10FC20009A4294BFC0EB0200C0EB0300032803D844
:10FC3000002011B0BDE8F08F084610F066FD0546C3
:10FC4000606812F024FD728B738D05F10C0B9A42E3
:10FC500094BFC0EB020AC0EB030A584610F0EBFD5C
:10FC6000824537D2606812F012FD728D738B9A4212
:10FC700094BFC0EB0200C0EB030070B96368987AD0
:10FC8000FAF7A6FD0022002310F00CFD054600281F
:10FC9000CED00146606810F049FD00230093D8F8EB
:10FCA0000460102302AA41464846B047061E0EDBF8
:10FCB000227CE068B2422BD001460BA811F083FFF2
:10FCC00060B9237C144A1548022110F0C4FB0023BC
:10FCD000A3609DE7584610F0AEFDCEE7F2B202A950
:10FCE00006A811F070FF10B90D4A3346EBE706A9DC
:10FCF0000BA811F03AFF0028E9D100236374042116
:10FD000005F10C0010F03AFDA0600780A3687EE7C3
:10FD100002A917F0A2FBEEE7BBAB0500947C05003F
:10FD2000DAAB0500F8B54FF47022074600231148FE
:10FD30000D4610F0B7FC044638B90F4A0F482B4661
:10FD4000012110F088FB2046F8BD00F10C060921C6
:10FD5000304610F008FD2046FAF742FD084B182205
:10FD600002FB0033012130469F6010F007FD057053
:10FD7000E9E700BFB40E002029A90500947C050026
:10FD8000604000202DE9F0410E8A043EF6B2022EBA
:10FD900004468CB0084601D0102E64D104210C30EA
:10FDA00010F02DFD0DF1080805884788011D324629
:10FDB000404611F008FF002857D09DB3002687B3B6
:10FDC000AF422FD34FF4205301A940468DF8046071
:10FDD000ADF8063011F0C9FE40BB1422002107A87F
:10FDE00017F033FB11212046FFF79CFF09900028F4
:10FDF00037D001210C30CDE9074810F0BFFC0023BB
:10FE00000A901B4A037039460B93284607AB12F041
:10FE1000C0FC0A9B1B78FBB90998FAF781FD0A23FD
:10FE200001E03D4601232A4610210EE042F601037F
:10FE300007A940468DF81C60ADF81E3011F095FE04
:10FE40000028CAD010232A461946204612F041FE47
:10FE500000200CB0BDE8F0810999204612F0A4FC06
:10FE6000F6E71120F5E70420F3E70E20F1E700BFE5
:10FE70000DF803002DE9F043036885B004460D46F4
:10FE80001868012113F080FA40B904F1540012F00F
:10FE900011FEB0BB122005B0BDE8F0831022002196
:10FEA000684617F0D2FA21212046FFF73BFF029067
:10FEB00048B3DFF85890009405F10C074FF00108A3
:10FEC0002B8A012B04D80299204612F06DFC18E011
:10FED000384610F0A4FC6B464A46014606468DF8AB
:10FEE0000C8012F056FC9DF80C30002BE8D00298E4
:10FEF000FAF716FD9DF80C3032462021204612F00C
:10FF0000E8FD0020C7E71120C5E700BFC12B0500B1
:10FF10002DE9F043036885B004460D4618680121B9
:10FF200013F032FA40B904F1540012F0C3FDB0BB33
:10FF3000122005B0BDE8F08310220021684617F0BA
:10FF400084FA0F212046FFF7EDFE029048B3DFF858
:10FF50005890009405F10C074FF001082B8A012BF3
:10FF600004D80299204612F01FFC18E0384610F021
:10FF700056FC6B464A46014606468DF80C8012F048
:10FF800008FC9DF80C30002BE8D00298FAF7C8FC6A
:10FF90009DF80C3032460E21204612F09AFD0020CA
:10FFA000C7E71120C5E700BF612B0500F0B51D466E
:10FFB000036885B004460E4618680121174613F001
:10FFC000E3F938B904F1540012F074FD48BB122073
:10FFD00005B0F0BD65B310220021684617F035FA70
:10FFE00039462046FFF79EFE029018B3BDF8283030
:10FFF000ADF8043001238DF80C300F4A00946B46A5
:020000040004F6
:100000002946284612F0C5FB9DF80C305BB10298DA
:10001000FAF786FC9DF80C302A463146204612F04D
:1000200058FD0020D4E70299204612F0BDFBF8E706
:100030000120CDE71120CBE7612B05002DE9F04130
:100040000E8A043EF6B2022E04468CB0084601D059
:10005000102E76D104210C3010F0D1FB0DF10408E4
:1000600005884788011D3246404611F0ACFD002846
:1000700069D085B377B3BD422DD86068012113F0F4
:1000800083F9064678BB8DF8000042F60203694604
:100090004046ADF8023011F068FD20B342F603038C
:1000A00006A940468DF81860ADF81A3011F05DFDD4
:1000B000C8B1012D03D14FF6FF739F4213D004F155
:1000C000540012F0F7FC002814BF002012200CB0DE
:1000D000BDE8F0813D4601232A460821204612F062
:1000E000F8FC0020F3E7182200210DEB020017F0C6
:1000F000ACF909212046FFF715FE0890F8B101215F
:100100000C30CDE9064810F039FB0023099003704C
:100110000A238DF82C300D4A06AB3946284612F0DA
:1001200038FB9DF82C302BB10898FAF7F9FB9DF8B5
:100130002C30D1E70899204612F036FBD1E7112088
:10014000C5E70420C3E70E20C1E700BF3DFA030066
:100150002DE9F0430F4687B00446062107F10C0055
:1001600010F04DFB0588B0F802808288D7F80C901B
:10017000C5B10023B8F1000F13D0454512D88DF852
:1001800000308DF8043001A94FF420536846ADF8D3
:100190000220ADF8063011F0E8FC064660B10A23F3
:1001A00001E0454601232A460621204612F091FC33
:1001B000002007B0BDE8F0830146142201A83F7C6F
:1001C00017F043F907212046FFF7ACFD0290D8B1A4
:1001D0000A238DF815300D4A019401AB414628469B
:1001E000CDE903698DF8147012F0D3FA9DF815303B
:1001F0002BB10298FAF794FB9DF81530D3E70299DA
:10020000204612F0D1FAD3E71120D2E7C1FB030058
:100210007FB5CB681D885E88044685B176B1B5424E
:100220000DD810220021684617F00FF9052120464D
:10023000FFF778FD019058B9112007E035460123FA
:100240002A460421204612F044FC002004B070BD70
:100250006B46094A00943146284612F09AFA029BEE
:1002600023B90198FAF75CFB0A23E9E701992046D4
:1002700012F09AFAE9E700BFC52705002DE9F04121
:1002800082B000AF044688463E480022002339462B
:1002900008F05AF90546B0B16D4688B06A463A4B47
:1002A000C2E90534032342F8103F384800234FF4D5
:1002B000C251F9F70FF8AD466FF00B06304608371C
:1002C000BD46BDE8F08117F0A3F9314B3E681A58DE
:1002D000304B29461A60301D282217F0B6F83460DA
:1002E0003C682D487D60C4E90155C4E909550022E8
:1002F0000023391D08F028F9064688B123686C46AA
:1003000088B06A462549C2E90513032342F8103F25
:100310001E482B464FF4C451F8F7DCFFA546CBE747
:100320007B680146B022184617F08FF81C4A82609D
:100330005C3015F099FD7B68BFF35B8F543353E855
:10034000002F43E800610029F9D1BFF35B8F7B6880
:100350001C60636A7D681BB904F10C0015F084FD14
:10036000626AC5F8A820A26A05F1A803636202B90F
:10037000A3627B6817225A855A830433C8F8003079
:100380009CE700BFAC0C0020F9AB0500947C050095
:100390000800000060430020C80C00201EAC0500CF
:1003A0000408002008B5437B072B06D00C4A022125
:1003B0000C4812F084F9002008BD042112F052F913
:1003C00010B9094A0121F3E7BFF35B8F036DBFF357
:1003D0005B8FDB0701D4054AF4E750F8040CEBE728
:1003E00043AC0500947C050051AC0500BCAA050097
:1003F0002DE9F14F0546FAF7F3F93D49182202FBC2
:1004000000F3C81851F803800779B0F80690D0F8C7
:1004100010A00021D0E9024617F017F8A87AFAF7E1
:10042000D7F96969834651B16B7AD80705D4DBF8EF
:1004300024301B6828469B68984700236B61294637
:10044000584615F028FD002F45D0002C43D02368D6
:10045000002B40D01B68002B3DD0B8F1000F08D016
:10046000244A25484346012101B0BDE8F04F0FF072
:10047000F2BF201D12F023FC3846FFF7B1F8052823
:1004800029D8DFE800F01E03281E2803BFF35B8F86
:10049000636DBFF35B8FDA0707D4184A1648012152
:1004A00001B0BDE8F04F12F00AB9A36D9BB14FF453
:1004B0007022002304F1780001B0BDE8F04F08F08D
:1004C000F5BC23681D68BFF35B8F636DBFF35B8F63
:1004D000DB07E2D556B901B0BDE8F08F514628469A
:1004E000B0470134A3B29945F8D8F4E70024F9E7FE
:1004F000604000206CAC0500947C0500BCAA05009F
:10050000F8B50F461646FFF74DFFB0B1446A2046D6
:100510001CB150F8A84904B1A83C731C194638B165
:10052000428D458BAA4228BF2A469A4207D264B917
:100530000A4A0B4802210FF08EFF0020F8BD324618
:100540003946BDE8F840FFF7BDB9D4F8A85005B169
:10055000A83D20460B462C46E2E700BF8BAC0500C9
:10056000947C050007B50B460246002117F050F8B1
:1005700001910F4909580F480068884204D00E487D
:10058000D0F89000884201D10022134601A90B48FF
:1005900007F0DAFF014648B9019B1C22184616F005
:1005A00054FF0346184603B05DF804FB0023F9E747
:1005B000080000006043002020370020000D0020CC
:1005C00010B50446806818B1FAF7AAF90023A360B1
:1005D00021460248BDE8104015F043BB000D002045
:1005E0002DE9F347044678300E4617461D4615F0B0
:1005F0003CFDA06D58B91848184A022112F05FF866
:10060000204600F0DDF8002002B0BDE8F087144B72
:1006100098424FF0000805D12068C4F8588012F0C5
:1006200083FBF0E7D0F80490C0F80480A06DD0F808
:1006300018A0FFF7C5FF2068C4F8588012F074FBBB
:10064000B9F1000FDFD02068CDF800A000683B466C
:1006500032462946C847D6E7947C0500A6AC05007B
:100660006443002070B5054650F8043C55F8046911
:100670000446002B3AD039B1436D002B36D01B7C99
:10068000DA0733D505231BE0304601F03DF8737AD5
:10069000012B2BD0646D4CB3237CDB0726D5E3689C
:1006A000002BEFD06269617C2846FFF70BF9064604
:1006B00068B9637C0E4A0F4801210FF0CCFE0E236F
:1006C000002228461146BDE87040FFF789BFD4E9F3
:1006D0000512E368984718B13046FAF721F9EEE7BA
:1006E00031462846FEF7B6FF0028F5D170BD00BFA1
:1006F000BDAC0500947C0500F7B550F8044C0546E8
:10070000002C59D000F1A40104F1240012F0B9F931
:100710002E1F05F1580700220023384608F0DEF8A6
:10072000024678BB6B6D2BB101466FF06703304614
:10073000FFF756FF002345F8043C05F15003BFF3D3
:100740005B8F53E8001F21F0010143E80012002AEB
:10075000F7D1BFF35B8F636A73BB04F10C06002211
:100760000023304608F0BAF878B9666886B91348AD
:100770002660214615F075FA286803B0BDE8F04000
:1007800000F0D6BFFAF7CCF8C5E7FAF7C9F8E6E704
:10079000A26833686360964208BFA36077683FB180
:1007A000B3690093002320681A466FF06701B847C9
:1007B0003046FFF705FFD8E703B0F0BDAC0C0020D2
:1007C00030B5054689B055F8043B0446186811F069
:1007D00033FE6946FEF7DEFF2846FFF78DFF6068AF
:1007E000132111F097FD034620B1034A034801216C
:1007F0000FF031FE09B030BDDDAC0500947C050082
:10080000B0B5044688B054F8783D00AF186811F0D0
:1008100013FE3946FEF7BEFF6D4688B06A460B4BA5
:10082000C2E905374FF400739383094B42F8103F38
:1008300000234FF4E2510748F8F74CFD2046AD463F
:10084000FFF7BEFF2037BD46B0BD00BFFBAC0500C3
:1008500003000001947C0500F8B51D460F461646BE
:10086000F9F7BEFF044C182303FB0040C0E90376F0
:100870000123C3800575F8BD6040002008B516F05F
:100880007EF938B1044A0346012104480FF0E3FD24
:100890006FF0040008BD00BF2EAD0500C47C05004C
:1008A00070B5144D064640B115F8011C2A466C1E61
:1008B00011F0A2FD98B120460CE00F49284612F035
:1008C0006CFB40B90C4905F1100012F066FB20B139
:1008D00005F10F0070BD681EFCE70020FAE7217CDF
:1008E00004F11102304611F087FD0028F5D004F123
:1008F0001000EFE799430020AD97050070B50D4C4F
:100900002378834205460E4603D1601C12F045FB56
:1009100060B9237BAB420BD10748314612F03DFB57
:1009200018B101200C2303FB004070BD0020F9E743
:100930000020FAE7485C0020555C002038B54A1CCE
:100940000C46054668B90E49104612F026FB30B930
:100950000B4904F10B0012F020FB70B10A34204661
:100960000CE0097811F048FD0028F8D1A17A04F1D3
:100970000B02284611F040FDEFE7002038BD00BF14
:10098000AD9705001FB51046074A19464FF42813C6
:10099000CDE9022308230093BDF818206B4412F020
:1009A0003EFB05B05DF804FB18002800024608B5C0
:1009B0000849013012F008FB002313720C32BFF318
:1009C0005B8F52E8001F42E800300028F9D1BFF3E6
:1009D0005B8F08BDAD9705002DE9F04180460F46BD
:1009E00016461D46FFF78AFF044680B90F49FFF7F8
:1009F00085FF044630B90E4A0E48BDE8F04101219A
:100A00000FF020BD00F8018B394612F0DDFA228983
:100A100063891AB92BB92681658104E0964238BFF3
:100A200026819D42F8D8BDE8F08100BFAD97050052
:100A300044AD0500C47C05002DE9F047284B16465F
:100A400082689A4207462BD1C568AB8A43B36C1CB7
:100A500005F115094FF00008B4F807309BB114F800
:100A6000011C2246304611F0C7FCE0B914F8010C15
:100A70002146FEF759FA30B1437B072B08BF4FF0F0
:100A80000108FDF7C3FD0A344C45E5D1B8F1000F6C
:100A900006D1AB69A5F8148013B141463846984792
:100AA0000120BDE8F08706F1700A307A514611F056
:100AB000CCF978B90B4B9D4202D1304612F03CFB89
:100AC0000949204612F080FA002304F8013CA4F8FA
:100AD0000730D8E75146204612F076FAD3E700BF38
:100AE000ED0A040044080020AD9705002DE9F84305
:100AF0001E46BDF82030D1F80C8081460F46002BF1
:100B000045D1731E012B45D8012E4146157818BFDB
:100B10001588FFF713FF0446C0B915B93046BDE884
:100B2000F8834146FFF70AFF044638B91B481C4AC0
:100B300002210FF087FC6FF01000F0E709F170015F
:100B4000013012F041FA99F808302370D8F81C30BF
:100B50008BB92581B8F81430AB4203D041463846F2
:100B600012F039FA002DD9D10E49601C12F02CFA7E
:100B700025702581D2E72A463946484698470028FD
:100B8000CDDB01380128E4D96FF00D00C7E76FF025
:100B90000600C4E76FF00C00C1E700BFC47C05008D
:100BA00063AD0500AD9705002DE9F0411F46BDF886
:100BB0001830012B0646904634D83B44012B3D4665
:100BC00033DCFFF76DFE044668B9FFF769FE0446A3
:100BD00048B9194A194802210FF034FC6FF010058A
:100BE0002846BDE8F08197B1217A98F800200023CB
:100BF00021FA03F0C70703D522FA03F0C00717D57F
:100C00000133032BF4D102F0070211432172601C5F
:100C100006F1700112F0D8F9337A2370204612F0F1
:100C2000B6FADDE76FF00605DAE76FF00C05D7E7F7
:100C30006FF01205D4E700BF7DAD0500C47C050050
:100C400010B504461448BFF35B8F50E8003F23F013
:100C5000020340E80032002AF7D1BFF35B8FBFF3F5
:100C60005B8F0368BFF35B8FDA0704D50022002394
:100C7000303808F01BF9204612F0F6F850B1204643
:100C8000FFF70EFE30B1037ADB0703D5BDE8104055
:100C900012F07DBA10BD00BF6828002010B51548BD
:100CA000012112F082F9C30723D40221114812F066
:100CB0007CF9084007D11049104A0B88104CA24219
:100CC00011D300B10B800F490F4815F0C2F90E483F
:100CD0004FF4A4720023FAF79FFEBDE810400B49C1
:100CE0000B4815F0B6B9506803449BB20832012096
:100CF000E5E710BDB8430020605C00205C7C050087
:100D0000747C0500750F0400C0270020D512040074
:100D1000382800202DE9F041034648B1008A38B94F
:100D20001249DFF84CE001244FF0140C714501D357
:100D3000BDE8F081D1E90076BB4204D30CFB06721A
:100D4000143A93420ED93444A2B208311446EDE766
:100D50000CFB0578434507D001356219B54292B2C4
:100D6000F6D1F2E70025F8E71046E1E75C7C0500E4
:100D7000747C05002DE9F74FBDF83050009199467D
:100D80004FF6FF73002D08BF1D46244B1B8883427E
:100D9000074690463CD203B0BDE8F08F7368234409
:100DA000BB4232D29CB208361D4B9E42F6D3F2E7CC
:100DB00089580193404610F0D8FE019B90B1013450
:100DC0000AF1010AA4B273685345ECD9009B9C4216
:100DD000E1D8BC423168F2D30BFB0AF28B18B8F1B0
:100DE000000FE5D1B9F1000F0BD1013DADB21846AE
:100DF0000E9A0D9B21469847002DCCD00028DED1BD
:100E0000C9E7DA689145DAD1EFE74FF0000ADAE78F
:100E1000044E01244FF0140BC6E700BF605C0020B5
:100E2000747C05005C7C050010B51822E4B000213C
:100E30000DEB0200CDE90111CDE9031116F005FB20
:100E40004FF41053ADF81430254C8023ADF8163014
:100E50004FF48063CDE90734102262AB01A905A8E5
:100E600009F0BCFF034630B11E4A1F4801210FF0B4
:100E7000F2FA64B010BD01464FF4AC720CA816F043
:100E8000E4FA629922460CA815F076FE034608B1F2
:100E9000164AEAE7164A0CAB4FF6FF71012012F032
:100EA000F6F9144905AB10220CA815F07CFE044697
:100EB000629809F051FF14B10F4A2346D5E70D4B54
:100EC000214603F110020131187812F8014D03F8A0
:100ED000014B08291070F6D1084812F066F8C8E7EF
:100EE0000002C003A9AD0500C47C0500D2AD050019
:100EF000F52E0500B0270020F0AD05006828002081
:100F00002DE9F0411849BDF818700446A1F13000F0
:100F10001E46154615F0BCF8BFF35B8F134B1B68DC
:100F2000BFF35B8F190701D4FFF77EFF2046FFF761
:100F3000B7FC044670B1037ADA070BD5BFF35B8FB9
:100F4000E368BFF35B8FDB0700F10C0002D40221E2
:100F500012F02BF8102306933A4631462846044BEC
:100F6000BDE8F04112F05BB8F027002068280020AF
:100F7000B0270020054BBFF35B8F1B68BFF35B8F6F
:100F80001B0701D4FFF750BF704700BF682800203F
:100F900007B500230193FFF7BDFE411C89B2084647
:100FA000034A01AB12F073F9019803B05DF804FB3A
:100FB000B92E05002DE9F04387B0437B072B02AF24
:100FC00080460C46164640F0A58000233B7342F64F
:100FD00003032068FB8107F10C0110F0C6FD0546F4
:100FE000002834D1D4F80490B9F1000F05D14C4A4F
:100FF0004C4801210FF026FA8CE00123009007F104
:1010000008022146C847031E11DA6E4688B002AABC
:101010004549D3610423C2E9051442F8103F414811
:101020002B464FF40151F8F755F9B54672E0012B04
:1010300005D03E4A3B4801210FF00DFA6AE03B7AA9
:1010400013F0300F66D02046FFF7A2FF04460023BE
:1010500020683B7342F60213FB8107F10C0110F08C
:1010600084FD18B12046FFF793FF0446002542F6A1
:10107000021920683D703946A7F8029010F075FDFE
:1010800010BB002320683B7342F60213FB8107F17B
:101090000C0110F06AFD054600283BD1D4F80490FD
:1010A000B9F1000FA3D00090022307F10C022146F2
:1010B0004046C847031EA8DB022BBAD1BB891E429B
:1010C00014BF0120002026E020683D7142F6030392
:1010D000391DFB8010F049FD0028D2D04FF4205379
:1010E00020683D727B8107F1080110F03EFD002869
:1010F000C7D042F6010320683D73FB8107F10C0164
:1011000010F033FD0028BCD02046FFF741FF044615
:101110000028AED100201437BD46BDE8F08300BFE3
:1011200006AE0500C47C05001AAE050040AE050001
:101130002DE9F8431546894694226968064612F05F
:10114000B1F88046002842D1696802223046FFF794
:1011500031FF00283ED04FF470200021AF8AFFF706
:1011600001FA0237044680B11C4B47611D214174CE
:10117000C0F80C80436085613A463046FFF7C0F9FD
:10118000074638B92046FFF71BFA6FF00B052846D3
:10119000BDE8F883012342464146FFF75DFBA98A7B
:1011A00007F10C0002310FF0E9FA20F8029BAA8A3D
:1011B000296916F022F9A7602146304611F037FE62
:1011C00005460028E3D02046FFF7FAF9DFE74FF0A5
:1011D000FF35DCE76FF01505D9E700BFBF2E05002E
:1011E00030B5394BBFF35B8F1B68BFF35B8F5A077A
:1011F0008BB004460D4661D510B1437B072B60D1FF
:1012000068680590FFF786FD2A68ADF818003AB3C4
:1012100005A902912D4901910121002300914FF66A
:10122000FF710593FFF7A6FD059B1BB96FF0010049
:101230000BB030BD6B60059B186800238DF8103033
:1012400004A942F60303ADF8123010F08EFC70B919
:101250000598C3689B799B0605D46FF01500E7E7F6
:101260000028E8D1E2E711F0CBFFADF81800BDF897
:1012700018003CB101230146AB752A462046FFF712
:1012800057FFD5E76FF07F0307930223ADF82030B7
:1012900042F60213ADF8123005ABAC7502930C4B5D
:1012A00001930123009304AA23464FF6FF71099589
:1012B0008DF81040FFF75EFD0798B9E76FF00A0060
:1012C000B6E76FF07F00B3E7E4040020ED2E0500E1
:1012D0005515040013B550F8082C01920346A0F1EF
:1012E000200100F13004BFF35B8F54E8002F22F09F
:1012F000010244E800200028F7D1BFF35B8F0D4ABC
:1013000043F81C2C0C4A43F8182C01AA002043F87F
:10131000102C042223F8080C23F8060C23F80C2CBC
:10132000FFF75EFF18B90221204611F03EFE02B021
:1013300010BD00BF80850500410C04002DE9F84F69
:10134000404B1468904682689A4200AF054675D1BA
:10135000D0F80C9009F1010609F1150AB6F807302A
:10136000F3B116F8011C3246204611F045F8B8B129
:101370004FF495722946204611F094FF30B30328AC
:1013800012D1EB4688B06A462F4BC2E9053542F8C8
:10139000100F2E4800234FF4C451F7F79BFFDD4692
:1013A0000A365645DAD149E0052820460CBF4FF0F1
:1013B000030B4FF0020B11F019F8834506D998F88A
:1013C00004305B45ECD288F804B0E9E7494628468A
:1013D00011F001FE1E4B994530D1207A04F17001C5
:1013E000FFF78CFA054648B303890BB943892BB341
:1013F0002046FDF759FA174A2B8922F8203002EBD4
:101400008003698959801449144D182303FB001384
:1014100000B202EB800200EB40005D601A61104DEB
:101420009D60042201EBC00120469A82FFF7D8FE9E
:1014300020B10C4A054801210FF004F80120BD46F7
:10144000BDE8F88FED0A040059AE0500C47C050024
:1014500044080020445C0020804300208085050073
:10146000973105006DAE050030B5374BBFF35B8F8C
:101470001B68BFF35B8F5A078BB004460D465DD5E2
:1014800010B1437B072B5CD168680590FFF742FCE5
:101490002A68ADF818003AB305A902912B490191C9
:1014A0000121002300914FF6FF710593FFF762FCC5
:1014B000059B1BB96FF001000BB030BD6B60059B45
:1014C000186800238DF8103004A942F60303ADF824
:1014D000123010F04AFB70B90598C3689B79DB069F
:1014E00005D46FF01500E7E70028E8D1E2E711F036
:1014F00087FEADF81800BDF818002CB101462A4649
:10150000204611F00AFFD7E742F60212ADF812208A
:1015100005AA6FF07F0302920D4A07930123CDE9DC
:101520000032ADF8203004AA23464FF6FF7109952A
:101530008DF81040FFF71EFC0798BDE76FF00A001A
:10154000BAE76FF07F00B7E7E4040020ED2E050056
:10155000551504002DE9F84F444B144682689A4211
:10156000814636D1D0F80CA0414B9A4519D1414D56
:10157000414F00263946284611F00FFD78B915F87D
:10158000010C07222946FDF721FD38BB236915F818
:10159000010C1A69294653881288FFF71DFA0C3589
:1015A000D6B10AF101070AF1150BB7F80720A38994
:1015B0009A420BD117F8010C3946FDF7B5FC0546E8
:1015C00020B1437B072B0CD0FDF720F80A375F458D
:1015D000EBD14FF0010846E00126CBE7FDF716F806
:1015E000DDE7DAF8203023B14946984708B92846A4
:1015F000EAE794224946284611F054FE8046002826
:10160000F5D1A389022B15D1B7F8073013F00206E4
:1016100004D12846FCF7FAFFA660D7E72269A18823
:101620002846FFF785FD0646B8B92269937D013348
:101630009375EEE7012B05D02846FCF7E7FFC4F8C9
:101640000880C3E7B7F8073013F00106E1D022693C
:10165000A188284611F061FE06462846FCF7D6FF11
:10166000002EA660B2DA4046BDE8F88FED0A04000D
:1016700044080020495C0020AD97050013B50F4ACF
:1016800000904FF6FF7104466B4601208DF8040070
:1016900011F0FDFD204610F0A9FE9DF804108842CF
:1016A00009D2204610F06DFE034620B1044A0548D9
:1016B00002210EF0D0FE02B010BD00BF3D130400A9
:1016C0008AAE0500C47C0500F8B50E4B1B680546C4
:1016D0000E461746A3B11C6804B1043C53F8043C01
:1016E0001BB13A463146284698474CB123466468B8
:1016F0001B681CB1043C002BF3D1F7E7002BF0D1A1
:10170000F8BD00BFBC43002013B5084A0090044652
:101710006B4601204FF6FF718DF8040011F0B7FD04
:101720000021204611F030FE02B010BD3D13040030
:1017300070B503460F4A04464FF6FF71012011F0C1
:10174000A6FD2046FFF7ACF8054688B104F1700607
:10175000207A314610F079FB20B92846BDE8704068
:10176000FFF724B93146681CBDE8704011F02CBC6D
:1017700070BD00BF390A040008B5054B0146184684
:1017800011F050FE043B002814BF1846002008BD8D
:101790007428002010B50C4A11680C4ABFF35B8F07
:1017A00000F5B87353E8004F944204D143E8001C9D
:1017B000BCF1000FF6D1BFF35B8FBFF35B8FD0F8A6
:1017C0007001BFF35B8F10BD0C400020702800201B
:1017D00008B5FFF7DFFF0346C8B1D0E9001221B911
:1017E000002A0CBF0320022010E032B1836813B935
:1017F000094B1B7833B9042008E00749087828B161
:101800009B6833B9003A18BF0122500008BD03207D
:10181000FCE70120FAE700BF295E002008B5034A73
:101820000348012111F0FCFD002008BDBEAE0500FB
:10183000047D0500024A0348022111F0F1BD00BFFA
:10184000D9AE0500047D050038B5002304461A46CC
:10185000EC300D46FDF702FD58B1693004D1074A5E
:101860000748012111F0DCFD2846BDE83840F9F7B2
:1018700057B82046BDE8384011F02EBEE9AA050051
:10188000047D050038B5051D04460821284611F0E1
:101890002CFE084904F15700FCF7BEFC48B10821B2
:1018A000284611F0FDFD0448044A012111F0B8FD5D
:1018B000082038BD97370500047D0500F2AE05000D
:1018C00038B5EC220546002115F0BFFD102105F1C9
:1018D000270005F02FFA044648B90521284611F0E3
:1018E00004FEFCF789FC034B1860204638BD082431
:1018F000FBE700BFC443002070B50E4686B0044627
:10190000FFF748FFF36804F137020546114603F17B
:10191000100053F8046B41F8046B8342F9D1237A29
:10192000052B00F29580DFE803F017232303936A69
:1019300002AB4B490093096804F1270304F15700F7
:1019400001F088FA58BB0A21201D11F0CEFDAB68CA
:101950000299D4F8EC00984720460D2111F0C5FDFE
:10196000201D102111F0C1FD204611F0F1FD20E0F5
:1019700094F8DC10D4F8D83002ADCB40384900954B
:1019800003F00103096843F0800304F1570011F0EC
:10199000B6FF30B1334A3448012111F041FD08202F
:1019A00007E01022294604F1170015F056FD10B18A
:1019B000042006B070BD0321204611F096FD11F001
:1019C000C7FD0028F5D194F8DC300133DBB2142BCD
:1019D00084F8DC3009D10D21204611F086FD10215C
:1019E000201D11F082FD0020E3E7102104F1270003
:1019F00005F0A0F9003818BF0120C000D9E7102178
:101A000004F1270005F096F90028C8D135B3EB683A
:101A100023B3164BE27A1B88ADF80830A37CD207BB
:101A200003F0010312D4002B14BF012303238DF80C
:101A300009300023C4E93833201D0C2111F055FD75
:101A4000EB68D4F8EC0002A99847CCE75B00EEE71E
:101A5000074A0548012111F032FDA0E70220A8E75E
:101A6000C44300200BAF0500047D0500588005002D
:101A700024AF05002DE9F04790B004460CAD1022CC
:101A80000021284615F0E1FC237A052B34D8DFE845
:101A900003F0060303063323D4F8D8300C93D4F8AC
:101AA000EC3004F1470204F1C707CDE9017204F1FB
:101AB000370803F17E0204F12709009277334A4682
:101AC000414604F1970001F05DF9F0B1454A4648FE
:101AD000012111F0A5FC14E0D4F8E430002BDED095
:101AE0002E4603F1100718685968324603C20833BE
:101AF000BB421646F7D1D2E73C4A3B48012111F0E0
:101B0000DEFC082010B0BDE8F087D4F8EC3003F11B
:101B100077027E3308AE019304F111030292009321
:101B200003962B4642464946384611F00DFF08B150
:101B30002F4ACCE7237A052B0ED1D4F8E01011B34D
:101B40000B46AC4601F1100E18685968624603C294
:101B5000083373459446F7D1D4F8EC3003F17E0294
:101B600077330DF1100A019304F10A0302920093F6
:101B7000CDF80CA02B464A464146384611F0E4FE0B
:101B800030B11C4AA3E71022284615F05EFCE3E7BB
:101B90001022514604F1B70015F05FFCF8B90D2191
:101BA000204611F0B6FC07460028AAD010210C30C0
:101BB0000EF0E4FD32460346164603CEAE421860F0
:101BC0005960324603F10803F6D139462046FFF743
:101BD0003BFE201D012111F088FC002092E70B2024
:101BE00090E700BF40AF0500047D050024AF05006D
:101BF00055AF050078AF050073B5047A022C054691
:101C000023D844B190F8DC30D0F8D840DC4004F060
:101C1000010444F080040321284611F07AFC0646B2
:101C2000D8B110210C300EF0A9FD009012482346C7
:101C3000006805F1270205F1570111F060FE044626
:101C400080B13046F8F76CFE07E0032C08D00B4A51
:101C50000B482346012111F032FC082002B070BD70
:101C60000024D8E731462846FFF7EEFD281D21461F
:101C700011F016FC2046F1E7C443002024AF050014
:101C8000047D050070B5061DCD6804460B21304665
:101C900011F006FC2B4604F1170205F1100153F870
:101CA000040B42F8040B8B42F9D1237A012B09D0A3
:101CB000022B13D12046042111F017FCBDE870401F
:101CC000FFF79ABF0A21304611F0ACFB0028F1D093
:101CD0003046002111F009FC002070BD0348044A81
:101CE000012111F0ECFB0820F7E700BF047D05009F
:101CF00024AF0500F7B50446FFF74CFD251D064649
:101D00000E21284611F08EFB70B94E4B2022196827
:101D100004F1570015F0A1FB30B94B4A4B480221A2
:101D200011F07EFB082033E00C21204611F0F1FB7E
:101D300007460028F6D040210C300EF01FFD414B25
:101D40001B680246014603F1200053F804CB41F81A
:101D500004CB8342F9D1203203F1200153F8040B64
:101D600042F8040B8B42F9D139462046FFF76CFD4F
:101D7000237A052B5DD8DFE803F0033C0D035C59A3
:101D80000421204611F0B1FBFFF736FF00283FD0B9
:101D900003B0F0BD2046D4F8EC70FFF7FBFC042143
:101DA00006464FF0FF330DEB0100019304F0C2FF34
:101DB0000028B7D1019B264AB3FBF2F102FB113395
:101DC0000193C4F8D83084F8DC0056B1336843B1CD
:101DD0000B21284611F089FB3368D4F8D810384617
:101DE00098470321204611F080FB0E2111F07DFB66
:101DF0000EE02046032111F078FB0E2111F075FB57
:101E000028460A2111F071FB7368D4F8EC0098475A
:101E10002846072111F069FB0820FFF7ADFC70B9D7
:101E2000204603B0BDE8F040FFF72CBD042120465A
:101E3000DCE7084A0548012111F041FB72E7002068
:101E4000A6E700BFC44300209CAF0500047D050049
:101E500040420F0024AF050070B50E460446FFF760
:101E600099FCF36804F157052A4603F1200153F861
:101E7000040B42F8040B8B42F9D104F1770203F111
:101E8000200153F8040B42F8040B8B42F9D1284689
:101E9000FCF70CF900B31D4A1D48032111F0C0FAEC
:101EA0000E21201D11F021FBD4F8EC50D5F8A43000
:101EB00033B9287A05F1700100F0C0FEC5F8A4001E
:101EC000D5F8A4309BB1DA8902F024027AB15B7BA9
:101ED0009B070CD4032070BD2846FCF7F3F830B9FB
:101EE0000B480C4A022111F09BFA0B20F3E70A4B36
:101EF0001D682DB9201D062111F0F7FA2846EAE7E2
:101F00002046BDE87040FFF7F5BE00BFB7AF050043
:101F1000047D0500D8AF0500C443002038B5124940
:101F20000446A0F1EC05543014F093F8284611F063
:101F300076FBBFF35B8F0D4A04F1840353E8001F67
:101F400043E800200028F9D1BFF35B8FBFF35B8F1C
:101F500088344FF0FF3354E8002F44E80031002963
:101F6000F9D1BFF35B8F38BD8D2A040070280020A3
:101F700080B500AF88B06A46074BC2E9053003233D
:101F800042F8103F054800234FF4C251F7F7A2F979
:101F90006FF00B00BD4680BDF4AF0500047D050069
:101FA000064BD3F8EC200AB1FFF7E2BF0448C3F8B0
:101FB000F000EC330B601046704700BF7028002023
:101FC000848605002DE9F0410B4600AF06460D2141
:101FD000043011F027FA78B3DD68D6F8EC3003F15D
:101FE0007008197A4246022011F04FFC0446C8B925
:101FF0004046F9F7B5FC6D4688B06A46114BC2E918
:1020000005304FF4007393830F4B42F8103F0F4895
:1020100023464FF4E251F7F75DF90820AD46BD467F
:10202000BDE8F0812B462A3405F1100253F8041B59
:1020300044F8041B9342F9D13046092111F055FAB6
:102040000020ECE719B0050003000001047D050045
:1020500038B5174B1B78054623B301F00F0428460B
:10206000FFF7B6FB134A03280CBF04F00B0444F03F
:10207000040405F5BA731278BFF35B8F53E8001FB1
:10208000013103D143E800200028F7D1BFF35B8F73
:10209000BFF35B8FD5F87431BFF35B8F2BB144F086
:1020A000010038BD01F00704D9E704F0FE00F8E7AD
:1020B000295E0020F30B0020F8B50D46D0F8EC6047
:1020C0000446FFF767FBEF68FB78102B01D0062072
:1020D000F8BDD6F8A4305BB1251D0F21284611F0BC
:1020E000A1F980B92046FFF7EBFB60B1C0B2EFE782
:1020F000307A06F1700100F0A1FDC6F8A4000028B6
:10210000EAD10820E4E7012363723B68C4F80A308F
:10211000BB88E38102232374B9782046FFF798FF38
:10212000E0742046FFF754FB1023607423753B795D
:1021300003F0030363757B7903F00103A375E37C6C
:102140001A070CD5BB781B0709D50521284611F0C5
:10215000CCF9637D03F0020363750023A3750521A9
:10216000284611F05FF9002843D04C4B1B78A3742C
:10217000E37C980606D5BB78990603D5142128463A
:1021800011F0B3F9E37CDA0735D5BB78DB0732D53C
:102190000D21284611F0A9F9A37D84F8E830637D6C
:1021A00084F8E9300321284611F09FF9237BE17C74
:1021B0003F7803EA0102100704D5E27AA07C0243CB
:1021C000D2071CD4042F1CD80B4313F0040307D0F0
:1021D0002046FFF7FDFA324B07EB87073B441B5CB9
:1021E0002372D6F8A410204611F025F958B903201F
:1021F0006EE72C4BBAE700236375A375CCE7052384
:10220000EEE70023ECE7D4F8EC309B7A032B36D0D2
:1022100024D8013B012B3FF674AF0521284611F06D
:1022200001F90028E3D00C21204611F05EF90221CB
:1022300011F06FF9054600283FF463AF06210C301A
:102240000EF09CFAD4F811300360B4F81530838096
:1022500029462046FFF7F8FA002039E7042B7FF4DF
:1022600050AF237D627B934228BF1346102B7FF42F
:102270002EAF0521284611F0D5F80028B7D0237AD3
:10228000002BB4D00521284611F0CCF80028C4D189
:10229000237A013B012BC0D8A9E700BF2B5E0020A9
:1022A0002DB205002A5E00202DE9F041C678012EEE
:1022B000044604D06FF015042046BDE8F08111F00B
:1022C00000F90546002800F0AB80071D04213846C0
:1022D00011F0A8F8002840F0A6800321384611F03C
:1022E000A1F810B16FF00F04E6E73146384611F05F
:1022F00099F80028F6D12846FFF74CFAD5F8EC30CB
:102300009B7A032B064642D032D8013B012B48D999
:102310000F21201D11F086F80028CBD1D4F8A4306D
:1023200083B904F17006217A3246202000F0BAFC0D
:10233000C4F8A40030B9217A3246042000F0B2FC7F
:10234000C4F8A400D4F8A430002BB3D0DA8912F07A
:10235000240FAFD0A17A022923D9587BC007A9D571
:1023600003291ED09206A5D51B7B102BA2D118E005
:10237000042BCDD12846FFF72BFA032804D1002ED9
:10238000C6D0F368002BC3D0284B1B7807E0284643
:10239000FFF71EFA032804D1002EB9D0F368002BF2
:1023A000B6D0D4F8A4303BB12846FFF789FA0446EA
:1023B00070B16FF068047FE7207A04F1700100F0DB
:1023C0003DFCC4F8A4000028EED16FF00B0473E7C5
:1023D0000B21284611F09DF806460028E9D001217E
:1023E0000C300EF0CBF9092180462846FFF730FE6D
:1023F000234688F800002246314605F1EC00FCF740
:102400002DFF044618B13046F8F78AFA54E73846EB
:102410000F2111F06AF80121284611F066F84BE708
:102420006FF07F0448E76FF0040445E7295E002061
:10243000F8B5D0F8EC40D4F8A4300646051D002BC2
:1024400032D102213D4A3E4810F0EAFF07213D4BC0
:102450005F5CD4F8A4304BB11B7B002B56D1D4F871
:10246000A40011F026FA0023C4F8A4300221284663
:1024700010F0D8FF40B9072F96BF334B1F21D95D0D
:102480003A462046FCF7FCFC0321284610F0CAFF20
:1024900038B32E4B1B6823B31D6805B10C3D53F8B0
:1024A000083C002B3BD13DE051BB284B0D21284679
:1024B00010F0B8FF1B6807469BB11D6805B10C3DC5
:1024C00053F80C3C13B13946204698474DB12B4682
:1024D000ED681B681DB10C3D002BF4D1F7E7002B14
:1024E000F1D1304611F09BF8637B072B24D1627A3F
:1024F000A37A9A4220D02046BDE8F840FFF7D4BE28
:102500000139C9B20E29A2D90927A2E7022128461A
:1025100010F088FF0028A2D1A8E70C3D23B139466E
:1025200020469847002DDCD02B46ED685B68002DD7
:10253000F3D1002BF3D1D4E7F8BD00BF33B00500D1
:10254000047D05001EB205000DB205000440002008
:10255000F8B5031D06460F461846022110F062FF2B
:10256000044620B1B6F8E840B4FA84F464090321C3
:10257000184610F057FF80B139463046FFF758FF34
:10258000C4B11A481A4A022110F04AFFD6F8EC00EA
:1025900005210FF0BFFE0020F8BD0121184610F004
:1025A00041FF0028E8D10F21184610F03BFF00281A
:1025B000E2D1E5E70521304610F0ABFF054688B1D2
:1025C00001210C300EF0DAF8234607702246294626
:1025D00006F1EC00FCF742FE0028DCD02846F8F7B4
:1025E0009FF9D8E76FF06800D6E700BF047D0500CB
:1025F0005DB00500134B10B5044618604FF0FF3274
:102600004FF0FF33104806F0A1F8104806F054FCD4
:102610000D4806F013F91CB9BDE81040FFF70AB9E0
:102620000B4CBFF35B8F54F80439BFF35B8F5B0631
:1026300007D52046FFF75EFB014610B12046FFF7A5
:1026400087FF10BDC44300208008002094080020AC
:10265000742800202DE9F3410B8A04460E4643B945
:102660002D4A2E48012110F0DBFE002002B0BDE80B
:10267000F081012106F10C000EF0C1F8A4F1EC0587
:10268000E83C07460421204610F0CCFE3B7828B1F8
:10269000234A2248022110F012FFE6E70E2B01D94F
:1026A000204AF6E7DFF8808058F833204AB9022143
:1026B0001E4A1A4810F003FF07212846FFF748FF7B
:1026C000D3E71946284610F094FF3B7860B91348C9
:1026D000174A022110F0F3FE0321204610F0A2FE5B
:1026E0000028C2D00821E8E708EBC301328A097943
:1026F000914208D001210093084813460D4A0DF07D
:10270000B4FE0A21D9E7314658F8333028469847B5
:1027100001460028A9D0D0E7B5B00500047D05002A
:10272000D0B0050001B10500AC86050023B105005D
:102730003DB105009CAB05002DE9F04784B090F851
:10274000E930D1F80C80D0F8EC6023F0020380F877
:10275000E93098F8003000AF054606F17009BBB3C8
:1027600098F8063003F0C003C02B31D04046F9F78B
:10277000F7F86E4688B06C465C4BDFF874812546EE
:102780004FF4007AC4E90530A4F81CA045F8108F76
:1027900000232A464FF4E2515648F6F79BFD48467F
:1027A000B546F9F7DDF8A546534BA4F81CA0C4E9DB
:1027B0000530C4F810804F4800232A464FF4E251F8
:1027C000F6F788FD0A20B5461037BD46BDE8F0870C
:1027D00007224146484614F040FE68B1307A41462F
:1027E00000F0BEFA044638B10146284610F023FE38
:1027F00028B3204611F05DF80D21281D10F012FEBF
:10280000002862D0317A4A46022011F03EF8044690
:10281000B8B94846F9F7A4F86D4688B06A46374B10
:10282000C2E905304FF400739383314B42F8103FF7
:10283000304823464FF4E251F6F74CFDAD460820F0
:10284000C2E7F378002B3AD106F17E03187801280D
:1028500029D19A7902F0C002402A24D1D3F801206C
:10286000C4F83A20B3F80530E38796F87030D3B156
:1028700096F8763003F0C003C02B14D02049FC60DA
:102880003A1DC7E90198FBF7C9FFD8F80030C4F832
:102890000130B8F80430A4F8053098F80630E37138
:1028A0003046FCF7BDFA00212046FAF75BFE48B13E
:1028B0001048144A022110F0B3FD032084E706F10A
:1028C0007703C3E72046FAF75FFE95F8E9305B0728
:1028D00003D50A21284610F008FEB5F8E81009B122
:1028E000002071E72846FFF7A3FDF9E758B105007E
:1028F00003000001047D0500D6B1050019B00500F4
:10290000653605006CB105002DE9F0410E46044620
:10291000D0F8EC80FEF73EFFF668114A33780121CB
:102920000546271D0F4810F0CAFD0A21384610F051
:1029300060FE38B16DB920463178FFF779FD00208F
:10294000BDE8F0810B21384610F053FE0028F1D18C
:10295000F1E72B69002BEED040469847EBE700BF2C
:10296000A7B10500047D05002DE9F8430546A0F157
:10297000E80600AF044688463046012155F8EC9938
:1029800010F037FE28B3B8F1000F17D003213046FE
:1029900010F048FDE8B14046F9F766FE0138C0B2D4
:1029A00008289ABF354B1C5C00240221304610F0E9
:1029B0009CFD21462846FFF73BFD0AE099F80B30C5
:1029C0003BB10321304610F02DFD28B9284610F008
:1029D00026FEBD46BDE8F8830521304610F022FDF5
:1029E000B8B114F8043C1B0707D514F8033C1807CA
:1029F00003D51121304610F078FD14F8043C23F083
:102A0000080304F8043C14F8033C23F0080304F81A
:102A1000033C14F8033CD90710D50621284610F0D2
:102A200064FD3046022110F060FD2068D0F8A460FB
:102A300066B134F8041C0029CBD1BBE79A0701D555
:102A40000821EBE75B07ECD50A21E7E77030F8F7E0
:102A500087FF6C4688B06A46094BC2E905304FF4DF
:102A600000739383074B42F8103F074833464FF4F7
:102A7000E251F6F72FFCA546ABE700BF15B2050003
:102A8000C9B1050003000001047D050037B5A0F5BC
:102A9000A075A0F59E74BFF35B8F2368BFF35B8FB7
:102AA000BFF35B8F2A68BFF35B8F08480092012158
:102AB000074A0DF0DAFC28460821FFF7B9FC04218B
:102AC000204603B0BDE8304010F00FBD047D050086
:102AD000DEB105002DE9F84300AF044610F0F1FC2B
:102AE000054670B3061D0321304610F09BFC40B331
:102AF000D4F8A40008B110F0DCFE04F17009207ACB
:102B0000494600F09BF88046C4F8A400E0B9484666
:102B1000F8F726FF6C4688B06A463E4BC2E905309E
:102B20004FF4007393833C4B42F8103F3B484FF403
:102B3000E2514346F6F7CEFB0821A5462846FFF7AB
:102B400007FDBD46BDE8F8830E21304610F06AFC53
:102B500028B1D4F8A420537B43F0020353732B7A9B
:102B6000032B11D823B10521304610F05BFCA0B92E
:102B7000D4F8A420537B23F020035373D4F8A4206B
:102B8000537B23F001030DE0053B012BF0D8D4F873
:102B9000A420537B43F020035373D4F8A420537B29
:102BA00043F0010353732B7D697BD4F8A4208B423F
:102BB00028BF0B4613730521304610F033FCD4F8C0
:102BC000A4305A7B10B342F010025A730D213046E4
:102BD00010F028FC0028B4D0D4F8A400202110F074
:102BE00064FED4F8A43005F147021A33573552F881
:102BF000041B43F8041BAA42F9D1D4F8A4200023F3
:102C000013615361D4F8A42013839AE722F01002D1
:102C10005A7396E719B0050003000001047D050012
:102C200008B5044B044801221A70FBF78FFA002004
:102C300008BD00BF295E00209C08002070B50F4C25
:102C400014F8013B834206460D4604D10722204674
:102C500014F003FC68B10A490A48072214F0FDFB8E
:102C600048B904F8016C2B682360AB88A380AB796A
:102C7000A371024870BD0020FCE700BFC8430020DC
:102C8000AD970500C943002010B40B461146044A15
:102C9000D489044202D010BC1046184710BC7047BB
:102CA000C8430020F8B50C4CE389074620463B405A
:102CB0000D464FF00006114610F8012B07D0954243
:102CC00003D1072214F0C9FB18B1304600E01846C2
:102CD000F8BD2046FCE700BFC8430020F8B50B78DC
:102CE000012B06460C4601D00020F8BD8B7903F07D
:102CF000C003402BF8D1174DEF892946BF0711F8C3
:102D00003A2B4FF0000304F1010006D5B24204D182
:102D1000062214F0A2FBD0B10023EA89297802F040
:102D20000202002BE0D1002ADED0B142DCD1671CC8
:102D3000094839460EF006FF01230028EDD0D4F8EB
:102D40000130C5F83A30054BB4F805209A800148A7
:102D5000CBE700BFC8430020F2430020024400201C
:102D600010B5074C2378834208D10722601C14F069
:102D700074FB00280CBF2046002010BD0020FCE79B
:102D8000C84300202DE9F0479AB01D46DDE923979E
:102D90002E4B16460CAA84468A4603F1300E904606
:102DA00018685968144603C4083373452246F7D19E
:102DB00018681B79206023716146202204A810F056
:102DC00086FD23486B46202204A900F071F80446D2
:102DD000C0BB102251460DF1350010F078FD1022D5
:102DE00031460DF1450010F072FD2946062211F81A
:102DF000013B8DF855300DF1560010F068FD229919
:102E0000062211F8013B8DF85C300DF15D0010F0E9
:102E10005EFD4B4635224146684600F049F80446BF
:102E200080B9484610F05DFD01238DF83030352221
:102E30003B464146684600F03BF8044610B9384628
:102E400010F04FFD20461AB0BDE8F0875A8005000B
:102E500055B2050070B598B00E46144601462022C2
:102E600004A81D4610F033FD202231460CA810F0B6
:102E70002EFD1022294614A810F029FD102221460B
:102E8000684610F024FD6B46502204A9184600F055
:102E90000FF840B9039B054A1BBAB3FBF2F102FBE2
:102EA00011331C9A136018B070BD00BF40420F0070
:102EB0002DE9F0418EB007460C4615460021182238
:102EC00008A81E4614F0C1FA4FF41053ADF81C3098
:102ED000DFF85C808023ADF81E304FF44063CDE90D
:102EE0000938102205AB394607A807F077FF0346DB
:102EF00048B1104A104801210DF0ADFA6FF00400FE
:102F00000EB0BDE8F08106AB029310232246CDE956
:102F1000006341462B46059813F07CFE0446059855
:102F200007F01AFF2043EBD0044A2346E2E700BF34
:102F30000002C0036FB20500AC7C05008BB2050037
:102F4000F8B50369BFF35B8F03F1A005D3F8A03098
:102F5000BFF35B8FC3F38003994200AF0C4617D1D8
:102F6000174A184B6E4688B0002908BF13466A46B8
:102F70001549C2E905134FF400739383134B42F8CC
:102F8000103F134800234FF4E451F6F7A3F9B54678
:102F9000BFF35B8F5CB155E8003F43F0040345E8A5
:102FA0000032002AF7D1BFF35B8FBD46F8BD55E86C
:102FB000003F23F0040345E80032002AF3D0F6E78F
:102FC000A4B205006BB40500ABB20500030000011C
:102FD000C47D05002DE9F0470546D0F808A08946D4
:102FE00090461F4610F081FD0446D0B1067FF307DE
:102FF0000AD590F820301848184A01210DF02BFA14
:103000006FF07700BDE8F0873B464246494610F036
:1030100026FD48B994F82030114A0F4801210DF0DF
:103020001AFA6FF01200EDE79DF8203084F8218045
:1030300026F00606678484F824302677DAF81830FC
:10304000214628469847227FB0FA80F35B0963F354
:1030500000022277D6E700BFC47D0500BDB205009F
:10306000D7B2050070B50546866810F03EFD0446EF
:10307000D8B1037FDB0709D490F820300C480D4A03
:1030800001210DF0E8F96FF0770070BD0146F3699A
:103090002846984738B1237F03F00103227F63F36A
:1030A00000022277F1E70346F8E76FF01200ECE741
:1030B000C47D0500F9B20500F8B587680546FB6BCD
:1030C0000C469847286910F0FEFCD8B121462846E6
:1030D00010F00BFD0646C0B1037F9B0706D090F8A9
:1030E00020300B4A0B4803210DF0B5F9346824B1A8
:1030F000BB68314628469847044628463B6C9847AB
:103100002046F8BD4FF0FF34F7E76FF01204F4E704
:1031100014B30500C47D05002DE9F341D0F8088003
:103120001746D8F83C3005460E4698470C48002212
:1031300000233946F7F776FB044670B9094A0A4876
:1031400000963B4601210DF090F92846D8F8403012
:103150009847204602B0BDE8F0810676F5E700BF4B
:10316000BC0F002035B30500C47D05002DE9F843F0
:103170000E460C7E497E0569C907D5F88020D5F832
:10318000A43000AF3ED5002C4BD1F268B2F80680D7
:103190000BB32E4A2E4803210DF05DF9D5F8A4306B
:1031A000012B15D1E94688B0D5F8A8306A462949DF
:1031B000C2E90513032342F8103F254823464FF484
:1031C000C651F6F787F8CD46D5F8A800F7F7A8FB63
:1031D0000023C5F8A430C5F8A860B8F1000F2ED0C0
:1031E000F3681C78E4090134D5F8A4309C4204D17A
:1031F000194A174802210DF025F9C5F8A440BD462B
:10320000BDE8F8836CB9012B1BD0042B14D1338A91
:10321000002BE9D0114A02210D480DF013F90624C4
:10322000E2E7052B0FD0022B04D182F0040202F05A
:103230000404D9E7032B06D0094A0121ECE7032453
:10324000D2E70524D0E70024CEE700BF5FB3050036
:10325000C47D050079B30500BDB3050090B305003A
:103260009DB305004FF08053D3F83021082A06D1D2
:10327000D3F83431052B04D8034AD05C70470020C2
:1032800070470120704700BF5EB5050010F0080FC1
:103290000B4B42B20CD100F00F00002A4FF0140289
:1032A00002FB0033B4BFD3F80806D3F80807704711
:1032B000002AB4BFD3F8A806D3F8A807704700BF08
:1032C00000700240F8B50246EFF31185402383F306
:1032D0001288BFF36F8F00F0080710F0F3FE01268D
:1032E000864012F07F0F1E4B6FEA060432D057B1B2
:1032F0001A6822401A601B4BC3F86C6485F311886E
:10330000BFF36F8FF8BD184F396821FA00F0C0077E
:103310000AD419682140196014490B68120654BF79
:10332000234033430B60E6E72140396051B2C94383
:1033300022F08000C90F00F2DA30090101EB4001F0
:103340000848C0F80018D0F8041841F00201C0F88D
:103350000418DEE7196821401960002FCBD1DBE7A4
:1033600060440020007002405C440020644400205F
:10337000EFF31180402383F31288BFF36F8F0A4B62
:10338000D3F8001C032261B949F27531C3F8001C5F
:10339000C3F8142DC3F8001C80F31188BFF36F8F9E
:1033A0007047C3F8142DF7E700E00640EFF31180F3
:1033B000402383F31288BFF36F8F0A4BD3F8001CAE
:1033C00061B949F27532C3F8002CC3F8141DC3F873
:1033D000002C80F31188BFF36F8F70470022C3F871
:1033E000142DF6E700E0064070B5024610F06AFEC4
:1033F000EFF31185402383F31288BFF36F8F531EC1
:103400000124062B04FA00F40FD80E4E0E4B31683F
:103410001B680B43C34013F0010306D10B4802F5B0
:103420009472214340F822303160094A13682343E3
:103430001360084B8022C3F8042185F31188BFF381
:103440006F8F70BD5C440020644400200070024017
:103450006044002000E100E0F8B50306044623D4F0
:1034600010F0080720D100F00F02920002F1804214
:1034700002F51C32D2F84434B3B1EFF31186402385
:1034800083F31288BFF36F8F10F01CFE084DC2F853
:10349000A074012303FA00F12B6823EA01032B60D7
:1034A00086F31188BFF36F8F024BC3F81845F8BD40
:1034B000644400200070024008B591F820300122D9
:1034C00003F00F0013F0800F02FA00F2134B14D038
:1034D000D3F8100510421AD091F820301A070AD4F8
:1034E0000E4AC2F80C3543F48073C2F80C3591F8DB
:1034F0002000FFF7B1FF002008BDD3F814051042EB
:10350000EAD1D3F814050243C3F81425E4E7D3F84D
:1035100010050243C3F81025DEE700BF007002402B
:1035200091F82030054A13F07F0F0BBF012343F4BD
:1035300080735365C2F81835002070470070024050
:1035400038B504460D4610F0AFFDA8B12946204617
:1035500010F095FD204610F0A0FD10B12846F7F7B9
:10356000DFF929462046FFF701FE064B1B7813B909
:10357000054B01221A6538BD204610F09CFD00283D
:10358000E4D1E7E7325E00200070024008B5054A4A
:103590000548032110F0CAFD12F000F904F054F8B8
:1035A000002008BDD4B30500CC7D050038B54568C2
:1035B0002C4654F8040B01F0A1FB0B4B00221860C1
:1035C00001212720F6F778FE204604F007F805F1E0
:1035D000080004F045F812F0DAF8044A0448032120
:1035E00010F0A4FD002038BD18440020DDB3050014
:1035F000CC7D05000146014813F027B8640E002079
:1036000008B5054B1970054B1B7813B10420FFF763
:10361000F1FF002008BD00BF305E0020315E0020B9
:103620002DE9F04F514AD0F81080064689B0504835
:10363000032110F07BFD4F4B1E6008F1840012F057
:1036400082FB00220023CDE9062300246FF007034C
:10365000CDE90334CDE90144474B484900964FF486
:103660000072474805F0B2FC464F47494448DFF82E
:103670001CB112F050FDBA69454B134043F482036C
:1036800043F04003BB61B9464FF0280A87F8204059
:103690003946304610F03BFA3E4A054678B13E4A7C
:1036A0003348012110F042FD284609B0BDE8F08FF3
:1036B0008B690BEA030313438B612837E6E7013478
:1036C000092C10D00AFB0491082C8B7E43F0400398
:1036D0008B76EDD1D9F8583130491940304B0B4336
:1036E000C9F85831E9E72F4C2F4BA269DFF8ACA09D
:1036F000DFF8ACB0134043F4041343F04003A3617C
:103700000746A14667F07F0384F820302146304603
:1037100010F0FDF91D4A05460028C0D10137092FD8
:103720001AD0282101FB0791082F8B7E43F020033C
:103730008B7608D1D9F858310AEA030343EA0B0320
:10374000C9F8583106E08B69134043F4C02343F0B5
:1037500040038B612834D5E798F8803023F0760356
:1037600043F0760388F880309EE700BFE9B3050098
:10377000CC7D0500684400204539040040810020CC
:10378000E8290020D4450020F1B305000000F9FF2E
:103790000000BEFF40000600FAB305000000F7FF7E
:1037A000FF0108006C4400200000DEFF38B50D4624
:1037B00028461146144610F0DEF995F820008028BE
:1037C00009D1238A3BB9637E5B0704D54020FFF70C
:1037D00011FF002038BD10F075FC0146024810F0C2
:1037E000B3FC0120F3E700BF4047002008B5074ABB
:1037F00091F82030C2F80C3543F48073C2F80C35D0
:1038000091F82000FFF728FE002008BD007002405C
:1038100010B591F820404FF0FF324FF0FF331248BF
:1038200005F0C8F82046FFF74DFD04F00F02012314
:1038300093400E4A14F0800F14BFD2F81015D2F83E
:1038400014156FEA030315BF0B400B40C2F8103587
:10385000C2F81435044805F073F8054B8022C3F80C
:103860000421002010BD00BF1C0E0020007002408B
:1038700000E100E00346024A024801210CF0EBBDE2
:1038800016B40500CC7D0500012810B5014602D014
:10389000022807D0A0B90C4BBDE8104018680022E0
:1038A00010F07BB9094B0A4C00221A70094BC4F87E
:1038B00000332720F6F7D0FC0123C4F8043510BDEF
:1038C000BDE81040FFF7D6BF684400202F5E0020FF
:1038D00000700240FDFFDF0170B5054691F82060E1
:1038E0000C464FF0FF324FF0FF33124805F062F8FC
:1038F0003046FFF7E7FC0F4805F022F80E4B802218
:10390000C3F80421204610F01DF9014650B16FF0B4
:103910007002284610F04DF92046002110F0F2F810
:10392000002070BD94F82030044A054803210CF0B3
:1039300092FDF1E71C0E002000E100E02DB405002F
:10394000CC7D05002DE9F04FC74FC84D85B004462A
:103950004FF0FF384FF0FF390022CDE900894FF0DA
:10396000FF31384612F078FE4FF0FF31384612F042
:103970006FFE10F0080F824633D0BD4ABD480321C8
:1039800010F0D4FBBC4842464B4605F013F8EFF369
:103990001182402383F31288BFF36F8FB74B1B78DC
:1039A0007BB1D5F8003413F400730AD10121C5F8B6
:1039B0002C15D5F82C15D5F80014890548BFC5F885
:1039C0002C3582F31188BFF36F8FAB4804F0B8FF3A
:1039D00001212046FFF7B4FA00220321204610F00F
:1039E000DCF81AF0100F0DD0A54AA248032110F000
:1039F0009DFB00212046FFF7A3FA0022022120466A
:103A000010F0CBF81AF0200F0DD09E4A99480321F0
:103A100010F08CFB00212046FFF792FA00220221D1
:103A2000204610F0BAF81AF0020F52D11AF0010F26
:103A300010D0BFF35B8F944B002253E8006F43E834
:103A400000210029F9D1BFF35B8F4FF00108002E50
:103A500040F0B4801AF0400F0AD08021204610F0C8
:103A600044F810F06BF8014610B12046FFF768FDEE
:103A70001AF0040F3FF46CAF0021204610F035F827
:103A800080218046204610F030F80646404610F06F
:103A900059F808B1F6F744FF304610F053F808B172
:103AA000F6F73EFF0021404610F02CF8304600218A
:103AB00010F028F808220021204610F0A0F9064650
:103AC000002840F09280714A6A48012110F02EFBD4
:103AD0003EE76F4BBFF35B8F002253E8008F43E854
:103AE00000210029F9D1BFF35B8F4FF00109B8F134
:103AF000000F9BD098FAA8FBBBFA8BFB09FA0BF3DB
:103B0000BBF10F0F28EA030816DDABF11006F6B281
:103B1000314620460FF0E9FF029010F00FF883467F
:103B200098BB5C4A5348334601210CF094FC314663
:103B3000204610F0E5FADAE74BF0800631462046E1
:103B40000FF0D3FF02900FF0F9FF50B9524A4948E5
:103B5000334601210CF07FFC3146204610F0BAFAC2
:103B6000C5E70390002102980FF0CCFF039BBBF147
:103B7000000F04D119462046FFF7E2FCECE70022D3
:103B80001946204610F015F8E6E7029800210FF0DC
:103B9000B9FF6EB920465946FFF7E8FA204610F003
:103BA00083FA0028C3D05946204610F0FDF9BEE73D
:103BB0000022594620460FF0FCFFB8E796FAA6F31C
:103BC000B3FA83F308FA03F20F2B26EA020606DDA6
:103BD000A3F11001C9B2204610F092FA37E743F082
:103BE0008001204610F076FA31E70FF0C6FFD5F8D5
:103BF0008014F368C9B21970D5F88424D2B25A700F
:103C0000D5F88804D5F88CC440EA0C2058801FFAF7
:103C100080FED5F89004D5F894C440EA0C20988032
:103C2000D5F89804D5F89CC440EA0C201FFA80FC13
:103C3000D8801A4809B9052A0DD0DFF864C00022DF
:103C40000270D5F870149CF800C08C4534D1154B27
:103C500000221A7040E001220270BCF1000F23D054
:103C60003046F6F75DFE73E6640E002000700240F9
:103C700046B40500CC7D05001C0E00202F5E002000
:103C80005DB4050073B4050040470020A8B40500EA
:103C90003C4700208BB405002DB40500325E0020A7
:103CA000305E0020315E00200EF07F025A8083F8E3
:103CB00004C083F805C0CAE7DFF8A0C01A7001216C
:103CC0008CF80010017005215970D5F870145980D6
:103CD0001A715A719A71DA71082106F10C000CF010
:103CE0004DFD20463146FFF741FA204610F0CEF94F
:103CF00020B31B4B4FF0000883F80080F368414667
:103D00002046B3F806A00FF0F0FE41468146524629
:103D1000204610F074F8014648B148460FF02BFFDA
:103D20004146204610F0ECF90123EB6410E66FF0F9
:103D30000B02314620460FF03CFF09E6204610F00A
:103D4000ACF930B1064B802220461A7010F052F9BF
:103D5000FEE5204610F074F9FAE500BF315E002060
:103D60002E5E00204FF08053D3F83031082B02BF75
:103D7000024B0022C3F81C2C704700BF00700240A9
:103D80002DE9F04105464FF0FF324FF0FF33414837
:103D900004F010FE404B8022C3F884212720F6F760
:103DA0007DFAA8B13D4F3E4B3C681B68240C2404AF
:103DB0001C434FF00108002C37D13A4E40F2FF135C
:103DC0003B602720C6F80445F6F754FAC6F80043CE
:103DD000354A13788BB1334B0021C3F80811012108
:103DE000C3F80026C3F804165960D3F80811002957
:103DF000FBD00021C3F8081111702A4B0024C3F82E
:103E00000045FFF7AFFF234804F09AFD21462846FE
:103E1000FFF728F9F0B1254A2548012110F086F96D
:103E20006FF004052846BDE8F08194FAA4F6B6FACE
:103E300086F60F2E3346C6BFA6F11003D8B243F064
:103E40008000030701D4FFF73DFA08FA06F624EADA
:103E50000604B0E728468021FFF704F9054600284C
:103E6000D9D1144B14491E6830460CF06DF910F18D
:103E7000780F044603D130460CF042F90446002C7A
:103E8000D0DA0E4A0A48234601210CF0E4FA25460E
:103E9000C8E700BF1C0E002000E100E064440020E1
:103EA00060440020007002402C5E0020C5B4050074
:103EB000CC7D05001844002008440020E8B405002B
:103EC0002DE9F04F414BDFF80881D3F8542187B03A
:103ED000C2B10022C3F85421D3F80423910211D5B2
:103EE000D3F8C034002BD8F8003014BF4FF00122B3
:103EF0004FF480721343374AC8F80030136823F038
:103F000001231360314BD3F8604134B10022C3F870
:103F10006021D3F86C44C3F86C44D3F828214AB12B
:103F20000022C3F828212C4B187810F0CBF801237D
:103F300083401C43294B1D7893F900102B0732D482
:103F40000029B4BF264B274B05F00F029200134403
:103F50001A68002A5BD000221A602846FFF796F9FB
:103F6000214B1A7800F0010050401870FFF7FAFE5C
:103F70001E4B28461A6810F0A5F8C240D70706461F
:103F80003CD4002916DA882D06D10146184810F0D5
:103F9000DBF80220FFF72EFB0E4A01231168B34025
:103FA0000B43136030E0134B134A13EA210338BF6D
:103FB0001346CDE701460E4810F0C6F80220FFF781
:103FC00019FB013D062DE7D91EE000BF007002403D
:103FD000644400205C4400202E5E00202D5E002002
:103FE00008710240307102402C5E002060440020C5
:103FF0003C4700202C71024050710240002D40F0DF
:10400000FF80B64B0122DA64B54804F099FC9CB1FC
:10401000D8F80030B34AB44FDFF8D09224F0012131
:104020000B43C8F80030136823EA01031360A4B2FD
:104030000126002C40F0E880A84BD3F800217AB18B
:104040000024C3F80041AA4BAA4AAB481C700321C4
:1040500010F06CF8A44B2246186804210FF09DFD67
:104060009E4BD3F858212AB30022C3F85821D3F825
:104070000044C3F80044E00505D59D4B012208200B
:104080001A70FFF7B7FAA10505D5994B0022102049
:104090001A70FFF7AFFA62050CD5954B1A784AB142
:1040A00000221A708D4B0122C3F8082520209A6542
:1040B000FFF7A0FA894B914CD3F85C31F3B1884BF0
:1040C0009B681BB98E4B1B785B0617D0834B002275
:1040D000C3F85C212368834A23F001132360D8F8D6
:1040E000003023F4803343F00103C8F80030136834
:1040F000042023F001131360FFF77CFA2568D8F839
:1041000000301D4079D0754BD3F82C45002C74D16C
:1041100073480022002304F04DFC00286DD115F0F7
:10412000012314BF93FAA3F595FAA5F5B5FA85F521
:104130000F2D88BFA5F110096B4B8CBF5FFA89F971
:1041400045F08009186849460FF0CFFC03900FF046
:1041500010FD4FFA89F3049309F0080305934FFA11
:1041600089F3002B064609F00F0A80F28C80039B2E
:10417000048A5B8CC768C3F30A039C4207F0604B58
:1041800073D9BBF1005F1C4605D039465D485D4FD1
:104190001A4613F032F94FF080530121D3F8303131
:1041A000082B02BF4D4B8222C3F81C2CD8F80030DC
:1041B000059A01FA05F523EA0503C8F80030504BCB
:1041C00083F80090454B002A40F0B280049A002A00
:1041D0004FF0140202FB0A32A9BF0AF10A0A03EBEC
:1041E0008A03C2F80077C2F80447AFBF43F82A1029
:1041F000C2F80076C2F80446596007B0BDE8F08FF7
:104200000029BFF6DEAEC7E694FAA4F5B5FA85F547
:1042100006FA05F345F080052946386824EA0304C8
:104220000FF063FC0FF0A5FC82462846FFF72EF83E
:1042300001460AF10C000CF0DAFABAF81030002B43
:104240007FF4F7AE50460FF09FFC18B150460FF0C8
:104250009FFCEEE628460FF035FF014648460FF07A
:1042600073FF0220FFF7C6F9E3E60FF08DFCBBF108
:10427000005F064605D039462248224F224613F0F9
:10428000BCF81EB387E7038A56F80C7F09F00802D2
:104290001F44124B002A37D0D3F8C0B41BF4803F20
:1042A00036D030460CF0C7FA4FF0000B21463046AE
:1042B0000CF064FA039B5A8CC2F30A025A4505D1EA
:1042C00030460CF0B8FA00287FF465AF0B490122A4
:1042D0000B68AA4023EA02030B605CE7007002400F
:1042E0001C0E00205C440020684400203C47002055
:1042F0002F5E0020FFB40500CC7D05006044002047
:104300002D5E00201C4400200AF5947253F822B060
:1043100030460CF090FA5845044607D20C4A0090FB
:104320005B460C4801210CF0A0F8BFE75C46BDE7F6
:10433000049A002AB5BFC3F8A076C3F8A077C3F8E3
:10434000A446C3F8A447B4BF5962996455E700BFB7
:1043500005B50500CC7D0500EFF31183402282F303
:104360001288BFF36F8F174A12781AB3164AD2F821
:104370002C15F9B10021C2F82C154FF08052D2F85B
:104380003021082A05D083F31188BFF36F8F0020F6
:1043900070470E4AD2F8000CC02140B949F275307E
:1043A000C2F8000CC2F8141CC2F8000CEBE7C2F80B
:1043B000141CE8E783F31188BFF36F8F6FF00A00D6
:1043C000704700BF2F5E00200070024000E00640F2
:1043D00073B500220092114640230446FEF7FAFD11
:1043E000024648B1604A614801210FF09FFE6FF01C
:1043F0000404204602B070BD009040232046802176
:10440000FEF7E8FD04460028ECD15949594B4860B5
:10441000C860012618688E600BF01BFE051E07DAC7
:10442000554A52482B4631460CF015F82C46E0E729
:10443000EFF31185402383F31288BFF36F8F4F4B47
:104440004FF40062C3F80024FEF70CFF08B1FEF73A
:104450008FFF4FF08053D3F83031082B18D1EFF392
:104460001180402383F31288BFF36F8F444BD3F83E
:10447000001CC022002970D149F27531C3F8001C1C
:10448000C3F8142CC3F8001C80F31188BFF36F8F9E
:104490003A4B0122C3F80025D3F800241205FBD5BE
:1044A0004FF40062C3F800244FF08053D3F830314A
:1044B000082B17D1EFF31180402383F31288BFF349
:1044C0006F8F2F4BD3F8001C002949D149F2753268
:1044D000C3F8002CC3F8141CC3F8002C80F3118817
:1044E000BFF36F8FFEF7BEFE30B1FEF75FFFFEF742
:1044F000B9FE08B1FEF73CFF4FF08053D3F83031DE
:10450000082B1E4B0AD140F2E372C3F80028402268
:10451000C3F80428BFF36F8FBFF34F8F8022C3F817
:104520001C250122C3F83025164B40F2FF121A60F9
:10453000154B00211960154B1960154B1970FFF7C9
:1045400011FC144B1970FEF78DFE08B1FEF72EFF1B
:1045500085F31188BFF36F8F4BE7C3F8142C93E7F3
:104560000022C3F8142CB9E724B50500CC7D050062
:10457000084400201844002046B5050000700240A1
:1045800000E0064064440020604400205C440020B9
:104590002C5E00202E5E00202DE9F0410669069C6D
:1045A0001D4696F8983017469A0707D414481549BF
:1045B0000FF0DDFD6FF00400BDE8F081631C06F133
:1045C000680818D04FF4004C24EAE47440F2E73055
:1045D00000214FF47A720023C4FB0C01EFF7FAF9C3
:1045E00002460B463946404604F04CF80028E3D119
:1045F000736B2B60E0E74FF0FF321346F2E700BF2A
:104600001C7D05008AB5050037B50446002201214E
:104610001D20F5F751FE63681D6A01AA0021284696
:104620000FF072FF002819DB019B2A6819791868BE
:1046300001F040F9002811DB04231A460849094813
:1046400011F05FFB0423084908481A4611F059FB92
:104650000020246900F052FBE061002003B030BD6F
:1046600054470020BC090020444700208C0900204A
:104670002DE9F0470569D0F8049095F89930D1F804
:1046800010808CB00C4603F0FF0643B152485349EA
:104690000FF06DFD6FF00F000CB0BDE8F08791F8E2
:1046A000242091F82630012A0DD1012B81F82520F4
:1046B00081F827200E6212D0494947480FF057FD74
:1046C0006FF01500E8E7022184F8251001218B42E4
:1046D00084F827102662EFD1022AEDD110266169F5
:1046E000B14201D00129E7D1A369002BE4D1D8F868
:1046F000000010B198F8040070B995F89830990747
:1047000008D5284610F03AFF95F898306FF341032A
:1047100085F898300020BFE7102801D03149CCE758
:10472000013AD2F1000A4AEB020A09F1040CB14243
:1047300008BF9E46BCE80F0005AF0FC79CE8070006
:1047400087E8070018BF0126274BE66118BFB64669
:104750008DF814A08DF815E00193D8F8003002937D
:104760002368039339466368049301A802F0E8FEC6
:10477000044608B11D49A0E795F898309B0708D575
:10478000284610F0FBFE95F8983064F3410385F855
:104790009830D9F8002005A9284610F0D1FE03462C
:1047A00038B10D48124A01210BF055FE6FF004009C
:1047B00072E7B8F806306B63D8F808302B6399F8C5
:1047C000243095F89820003B18BF012343F00203E2
:1047D00022F0030213439BE71C7D0500A3B50500EF
:1047E000CEB50500F7B505000048E80119B605008B
:1047F00047B6050038B5054602F084FE0446A8B168
:104800000D4A034601210D480BF025FE95F898400E
:1048100014F001040CD0E8690BF072FC041E07DAF6
:10482000074A0648234601210BF015FE204638BDF5
:10483000002385F89930F9E764B605001C7D050072
:104840007CB6050070B50B4602460069032B46D8BE
:10485000DFE803F0020D020D90F899300BB900204B
:1048600070BD012380F89A3010F0E9FEF7E790F868
:1048700098309B0706D41E491E480FF078FC6FF055
:104880000400EDE790F8993003F0FF05002BE6D126
:1048900080F89A50146994F89830012613F0010FAB
:1048A00084F8996015D0144B63624FF00303E562FE
:1048B000A362D4D0E06904F120010BF0CAFB031E0F
:1048C000CDDA84F899500D4A0A4831460BF0C3FD01
:1048D000D5E72046FFF78EFF00EAE070C0E7054805
:1048E000074A01210BF0B7FD6FF01500B8E700BFD4
:1048F0008AB505001C7D05000549040098B6050031
:10490000B4B6050010B591F8793083B991F87830D4
:10491000DB0712D551F8040C0BF0F2FB031E0CDA86
:10492000064A0748BDE8104001210BF094BDBDE8E0
:104930001040A1F12000FFF75DBF10BD7CB605005F
:104940001C7D0500F7B506785B4C05464EB994F81A
:104950009A206B68002A42D1002B40F08D8003B072
:10496000F0BD0023206B002201A903F0EDFD031E22
:1049700010DA524A524801210BF06DFD94F89A204A
:104980006B68002A42D1002B77D101234A4884F872
:104990009A3015E0019F0022002301A904F138009C
:1049A00011F0C2F900280EDA464945480FF0DFFB46
:1049B000206B019911F055F9012384F89A302046B3
:1049C00010F03DFECBE7626B3946C2F34F02204642
:1049D00010F0EEFD03460028B9D03B4ACAE73BBBC6
:1049E00094F89930002BBAD0002384F8993094F8C9
:1049F0009830D907B3D5E0690BF082FB031EAEDA1D
:104A0000324A2F4801210BF026FDA8E78BB994F814
:104A10009930002BB9D0002384F8993094F898305D
:104A2000DA07B2D5E0690BF06BFB031EADDAE7E7FE
:104A3000002627480022002301A903F023FE0028B6
:104A400004DA24491E480FF092FB88E70199206B95
:104A500011F007F994F899305BB1002384F899308C
:104A600094F89830DB0704D5E0690BF049FB031E8E
:104A7000C6DB002E89D172E70026154800220023EC
:104A800001A903F0FFFD002804DA12490C480FF0D9
:104A90006EFB7AE710480022002301A911F044F9C7
:104AA0000028E6DA0D4906480FF061FB0199206BFA
:104AB00011F0D7F869E700BF54090020C8B6050017
:104AC0001C7D0500E6B6050006B705007CB60500AE
:104AD0008C0900201FB70500BC09002032B7050073
:104AE000084B70B5C31A0D4607499B10044659433D
:104AF000064840220FF048FB2B4601462046BDE801
:104B00007040184778470020B76DDBB64477050042
:104B100073B50C4C0C4A4023041B00930D460B4606
:104B20000A49A4106143064609480FF058FB011ECC
:104B300005DA30462B4602B0BDE87040184702B097
:104B400070BD00BF7847002047420500B76DDBB657
:104B5000447705000022F8B5012105461046F5F717
:104B6000ABFB104802F0BCF90446B8B910F0B3F939
:104B70002F690D4938460BF059FA031E09DB01264F
:104B80003E642D69084905F11C000BF04FFA031E25
:104B900002DA1C462046F8BDEE64FBE76FF0040421
:104BA000F8E700BFE14C0400F48705007FB5002260
:104BB0000123CDE9022304ABCDE90433094ACDF842
:104BC00000D06B46CDF804D00FF036FB002805DB93
:104BD0004FF480420023684603F0ECFE07B05DF816
:104BE00004FB00BF5942050010B5EFF311844023C8
:104BF00083F31288BFF36F8F074A136823F0020113
:104C0000DB07116002D4012010F05FF984F31188F2
:104C1000BFF36F8F10BD00BFC847002030B4104BEA
:104C20000C2202FB003301460020D3E90E529863A8
:104C3000EFF31180402484F31288BFF36F8F1C6C54
:104C400004F0C00444F002041C6480F31188BFF334
:104C50006F8F1DB12B46034830BC184730BC7047DE
:104C6000784700204477050010B4EFF31182402309
:104C700083F31288BFF36F8F1748016841F0020475
:104C80000460C80707D482F31188BFF36F8F012037
:104C900010BC02F015B94FF08041D1F80C04D1F8E6
:104CA0000C14C907EFD5EFF3118083F31288BFF31B
:104CB0006F8F0A490B6C03F0C00343F002030B64CF
:104CC00080F31188BFF36F8F82F31188BFF36F8F6A
:104CD000002010BCFFF7A2BFC84700207847002083
:104CE00010B1012804D07047034B1B6C5B0701D146
:104CF000FFF794BF704700BF78470020024AC3B255
:104D00001C2003FB00207047784700202DE9F0416C
:104D10003849BFF35B8F0746012251E8003F41E865
:104D200000200028F9D1BFF35B8F33B932493348F3
:104D30004B60CB608A600BF08CF97B1E012B2BD86B
:104D4000012F07D14FF08043D3F81C3403F0030345
:104D5000012B21D011F0D9F90546F8B9284B1B7861
:104D6000E3B14FF080430222C3F808230646DFF880
:104D700094804FF08044D4F81824D4F81834D20327
:104D800015D503F00303012B01D0012F0FD155B32B
:104D900086F31188BFF36F8FBDE8F081EFF31186C2
:104DA000402383F31288BFF36F8F0125DFE7ADB196
:104DB00030460BF047FCD4F81835002BDBD1D4F883
:104DC0000421002AD7D0C4F80431D4F804310123D7
:104DD000C4F81835C8F88031A360CCE70021212041
:104DE00011F051FAE7E74FF080430222C3F80423A1
:104DF000D2E700BF7447002064470020944700209A
:104E0000AF61002000E100E008B5074810F088FE1F
:104E100038B10648F5F7A2FC0448F3F789FE0020F4
:104E200008BD6FF01200FBE7A4770500314E0400C7
:104E30000A2838B5074D044604D1AB680D215B68DC
:104E400028469847AB6803485B68E1B2984720461C
:104E500038BD00BFA4770500EFF31182402383F330
:104E60001288BFF36F8F0A4BD3F8001161B1002194
:104E7000D3F80805C3F80011D3F80031C0B282F3AB
:104E80001188BFF36F8F70476FF00A00F7E700BF1C
:104E900000D00040F0B5034610469C7893F803C05C
:104EA000EFF31182402585F31288BFF36F8F1F78CF
:104EB00093F801E0E41B04EA0C04A04288BFA0B20E
:104EC0003E180CEA06063D461E7082F31188BFF3B9
:104ED0006F8F0A188A4216D177450CD1EFF31182F1
:104EE000402181F31288BFF36F8F1978597082F3D4
:104EF0001188BFF36F8F1B79241AA34222BF064B80
:104F000001221A60F0BD5E190135767901F8016B56
:104F100005EA0C05DEE700BF00D00040DB432DE9C9
:104F2000F04713F001050E46144604D02248FFF75F
:104F3000B1FFBDE8F0879AB3EFF31188402383F304
:104F40001288BFF36F8F0D20F5F7A8F907460D20E3
:104F5000F5F790F988F31188BFF36F8FDFF85CA045
:104F6000DFF85C80CAF80051DAF800314FF40059DC
:104F70000123CAF800302546C8F88091DAF80031DC
:104F800083B1FFF769FF031EC8F88091F6DB013D8E
:104F9000ADB27355002DF1D117B10D20F5F75CF9C5
:104FA0002046C6E7EFF31180402383F31288BFF356
:104FB0006F8F0BF047FBE1E7FC47002000D000407B
:104FC00000E100E02DE9F041124F0D46144607F1D3
:104FD000450814B92046BDE8F0814FF0FF334FF08B
:104FE000FF32384603F0E6FC224629464046FFF7EA
:104FF00051FF0646384603F0A3FC3EB94FF0FF329E
:105000004FF0FF33044803F0D5FCE6E7A41BA4B23D
:105010003544DEE7CC470020E447002038B5194C82
:1050200001221146204610F044FF0122002104F124
:10503000180010F03EFF40F20743A4F848304FF04C
:10504000706323630C2384F8343000250E4B84F8FE
:105050004550A4F84650D3F8042522F00102C3F8C5
:1050600004250121C3F80051D3F80021C3F804132B
:105070002A4619600D20F5F71FF90D20F5F7ECF819
:10508000284638BDCC47002000D0004010B5FFF7BF
:10509000E3FE002820DB174B93F8322093F83140D1
:1050A00093F83310141B31EA0404C0B20DD193F805
:1050B000472093F8464093F84810141B31EA040443
:1050C0000BD10D4B01225A600EE09C1801321140A9
:1050D00084F8350083F8321010BD9C18013211405D
:1050E00084F84A0083F847100448BDE8104003F0F4
:1050F00027BC00BFCC47002000D00040E447002080
:10510000F0B545681646A8682A7C01F01F0487B0F0
:1051100044EA4214002869D0B6F5001F04D12146A4
:1051200010F00CFA002052E001AA0020B6F5800F22
:105130000190506037D1B3F1007F14BF05230423E1
:105140008DF804300023CDE904230393EB6823FAA0
:1051500001F111F001010DF103073AD1B6F1A07F81
:1051600037D104F01F03620903F5E07326D0012A4A
:105170003FD1214A52F82330DB072AD4A8683A46A7
:10518000214610F051F916301BD00297A86803AAE7
:10519000214610F015F8002819DBA86801222146E5
:1051A00010F079F9BEE7B3F1C06F05D0B3F1007F1D
:1051B00014BF01230223C3E70323C1E74FF0A0423A
:1051C000D8E7A868394602F015F80028DDDA07B0FC
:1051D000F0BDA8683A46214610F026F90028D5D13E
:1051E0009DF80310A86801F0FFFFCFE76FF085007E
:1051F000EDE751F82330FFDE00030050420970B59F
:10520000034602D0012A17D070BD0D4E3269516895
:105210000029F9D003F01F0301250C689D400029E7
:10522000F2D08A682A4002D04B68304698472CB1A9
:10523000236821461C46F2E7024EE7E72346F8E7DB
:10524000847705006477050038B54568A86890B193
:1052500010F019F9014670B9A86810F0F8F8044682
:1052600058B902460649A86810F0DBF82246052125
:105270000620F5F721F8002038BD6FF00400FBE7A9
:10528000FD5104002DE9F043476840F20636D00690
:105290003B7C87B002EA060654BFC2F3401C4FF0C5
:1052A000030C01F01F05B6F5837F144645EA43154C
:1052B0008DF803C045D00DD8062E16D005D8A6B15E
:1052C000022E40D06FF0150038E0B6F5807FF9D19E
:1052D00001260AE040F20222964236D0B6F5407F1F
:1052E00035D0B6F5007FEDD102260123220303FA63
:1052F00001F12ED57B68C3F80815B86890BB05F09E
:105300001F036D092BD0012D75D13D4A02EB83029D
:1053100084F48033D2F80017C3F30043C4F340444D
:1053200044EA430421F4E16144EA8C0421F00701DA
:1053300044EA06230B43C2F80037002007B0BDE85B
:10534000F0830726D1E70426CFE70526CDE703261D
:10535000CBE7630344BF7B68C3F80C15CDE74FF080
:10536000A042D3E70DF10202294610F05DF814F4D3
:10537000403F80460CD1B868294610F08AF8B8F151
:10538000000FDAD19DF80210B86801F02DFFD4E7C4
:105390004FF0000901ABCDE90199CDE90439CDF811
:1053A0000C90B86803AA29460FF00AFF4845C4DBF1
:1053B00014F4003314D084F480349DF803308DF855
:1053C0000E30C4F300448DF80C608DF80D40B868C1
:1053D0004B4603AA29460FF0ABFF0028CFDAACE713
:1053E000CDE904330DF103030393B86803AA2946FA
:1053F0000FF0E6FEF1E703F5E07350F82330FFDE2F
:10540000000300502DE9F04FD0F81090D0F8048040
:1054100085B005460C461746029309F1040A4FF081
:10542000FF324FF0FF33504603F0C4FA09F11C0B72
:1054300000230022584603F0BDFA404602F0C8FAA5
:105440007B1E00260393B74201D8002322E0039B72
:10545000217AB34283BF237D83F00403C3F3800327
:1054600000230193029B0093D4E90023284600F017
:1054700077F8034670B94FF480420023584603F092
:1054800099FA98B1404602F0B3FA28460EF0BBFFF5
:105490006FF004034046029302F0AAFA504603F06C
:1054A0004FFA029B184605B0BDE8F08FD9F83430AA
:1054B000034A934204F10C04EAD10136C3E700BF6A
:1054C0000000AD0BB0B50446406800AF82692346CA
:1054D00000F1080102F03CFA054698B123686C46D9
:1054E00088B06A460949C2E905134FF400739383F3
:1054F000074B42F8103F074800234FF4E251F3F7FF
:10550000E9FEA5462846BD46B0BD00BFE4B705008C
:10551000030000012C7D050008B5CA074368006937
:105520000AD4C1F34202012A09D0022A0FD00A4A42
:105530000A4801210AF086FF6FF0150006E01B689B
:105540004FF0CC72C3F824250160002008BD1B6811
:105550004FF0CD62F6E700BF04B805002C7D0500D2
:105560002DE9F04186B00C4647689DF83480154619
:10557000002112220DF106001E4611F066FFBDF853
:1055800030208DF8052004F0010314F008028DF896
:1055900004300296049509D00C4A0D4801210AF006
:1055A00051FF6FF0850006B0BDE8F081A10705D47A
:1055B000B8F1000F07D1002BF3D1202201A9384602
:1055C00002F032FAEFE74022F8E700BF16B8050014
:1055D0002C7D0500044A054B9362054A1A6001219F
:1055E00000220320F4F768BE280A00203848002073
:1055F000003000402DE9F04F89B002AF9346BB6008
:1056000003693B614368D3F820A09B8AFB604FF09D
:10561000FF324FF0FF3305460C460EF027FF3B6983
:1056200044337B61002378690022002603F0C2F92D
:1056300033465E4501D3002340E0207A010700F1A4
:10564000938001365E4521680BD2820709D4227D02
:1056500080EA020C0CF0010C02F004025CEA020C7D
:1056600008D023B901F06042B2F1005F3FD04FF0A3
:10567000000801E04FF001086268D7F80CE003EB86
:10568000020CF44524D96C468CB0286802A9384E27
:10569000CA61C1E90563FB680A46C1E9083040F206
:1056A00003530B85334B42F8103F002332484FF42D
:1056B0005151F3F70FFE6FF01B03A54628467B619F
:1056C0000EF0D8FE7B691C371846BD46BDE8F08F4A
:1056D000C00705D40AEB03007B6011F08EFE7B68E7
:1056E00062681A4493B2B8F1000F26D1D3B9D4F846
:1056F0000090A3884FF00008BA68217A00922846EB
:105700004A4600F05FF8031ED8DB4FF48042786908
:10571000002303F04FF940B128460EF0BEFE6FF0B3
:105720000403CBE79846D146E6E73B69DB6D002BE7
:10573000F5DB237ADB0702D400230C3479E7CA4572
:10574000FAD123460AE0A8EB0201D8687B601FFA71
:1057500081F819FA81F111F050FE7B685A68904582
:10576000A3F10C03EFD2E7E76FF08503A6E700BFD4
:105770003CB8050006000001347D050008B5CA07E5
:1057800043680AD4C1F34201012909D002290FD08C
:105790000A4A0B4801210AF055FE6FF0150006E099
:1057A0009B6A1B684FF0CC72C3F82425002008BD0B
:1057B0009B6A4FF0C8621B68F6E700BF04B805009B
:1057C000347D0500F0B589B047680C4616460021C7
:1057D00012220DF10E001D4611F037FE04F00103F8
:1057E0008DF80C30BDF838308DF80D30BB8C049539
:1057F000AB4206960AD20A4800930A4A2B46012178
:105800000AF033FE6FF01B0009B0F0BD84F0020215
:10581000C2F34002B86A520103A902F02DFAF3E77D
:10582000347D050022B90500B0B5456800AFAB690D
:1058300004469847E86901210EF020FE2A69A86A0B
:105840002346294610F0F0F8002817DA23686C4642
:1058500088B06A460C49C2E905134FF4007393837C
:105860000A4B42F8103F0A4800234FF4E251F3F785
:1058700031FD6FF00400A546BD46B0BD20460EF0D8
:1058800024FE0020F8E700BFE4B705000300000194
:10589000347D0500036803F01F025B09026004D039
:1058A000012B034818BF002070474FF0A0407047FD
:1058B000000300502DE9F04FDFF8A491DFF8A4A118
:1058C00085B01546834600EB810140F2FF1859452B
:1058D00003D1002005B0BDE8F08FDBF800305E0496
:1058E000C3F3C322C3F3080400F1B3801B0E19F8FD
:1058F0000270444508BF4FF0FF34222B00F2AC8009
:10590000DFE803F01222282B2E352BAAAAAAAA45DB
:1059100072AAAAAAAAAAAAAA75787B86898CAAAA18
:10592000AA8F96999C9FA200C5F80C45621C1BD0BB
:1059300003A80394FFF7AEFF039B012606FA03F3C7
:10594000C0F8083532462BE0C5F81445631C0BD06F
:105950000026F7E7C5F80845E8E7C5F81045F5E77C
:10596000601CC5F8084572D10BF1040BAFE7C5F810
:105970000C45621CF8D0012603A80394FFF78AFFA8
:10598000039B012202FA03F3C0F80C3508E0C5F8C6
:105990000845002FDAD1661CE6D0002632460627DD
:1059A000DBF80030019303F40040002818BF002208
:1059B00003A8009218BF01260394FFF76BFF039C16
:1059C000019B009A00EB8400C3F3412CD0F8004700
:1059D0003B0243EA8C03134304EA0A04234343EAE9
:1059E0004603C0F80037BFE7C5F80C45D1E7C5F856
:1059F0004045BEE7C5F84445A8E7C5F86045601CCA
:105A0000DBF80030B0D0C3F30043002BB3D08FE7F6
:105A1000C5F86445F3E7C5F86845F0E7C5F86C4597
:105A2000EDE7C5F82445631C9ED000220126B7E7A8
:105A3000C5F828457AE7C5F83045F4E7C5F8344598
:105A4000F1E7C5F83845EEE7C5F83C456EE70026B6
:105A500092E76FF015003DE76FF085003AE700BF71
:105A600069B90500F0F8FCFF38B570B1074C084A79
:105A70004FF400450021E0FB054100232046EDF7EF
:105A8000A9FFBDE8384010F0FEBB38BD3F420F0013
:105A900040420F00F0B583B0446800AF05460EF0F9
:105AA00046FDA06A002854D010F03AF80346C0B969
:105AB000A26A6C4688B011686A462748C2E90501A7
:105AC0004FF400719183254942F8101F24484FF488
:105AD000E251F3F7FFFB6FF01200A5460C37BD460D
:105AE000F0BDE38DA06A94F82C1043F40032D0F896
:105AF00010C0D0F808E013F0010F4FF00106DCF8F9
:105B0000003006FA01F614BF3343B343CCF800303B
:105B1000DEF8003098470028E0DBA06A94F82C40BB
:105B200006698368391D5B689847002807D0D5DB74
:105B3000011E18BF012128460EF072FDCEE77B68DA
:105B400032685A400123A3401A4214BF01200020AA
:105B5000EEE70146EFE700BF71B905000300000161
:105B60009C7D05002DE9F34143681B680446984776
:105B7000051E08DA3C4A3D4801210AF063FC28462C
:105B800002B0BDE8F08125692B6ADE6880231A46E1
:105B900012212046B047002807DA354A3348012150
:105BA0000AF050FC6FF00405E9E748F6B8000FF082
:105BB0009BFF2B6A0DF107029B680F212046984737
:105BC0000028EADB9DF807306A2BE6D10021204649
:105BD0000EF0DEFD0028E0DB264BEB602669336A21
:105BE000F022DF68102130232046B8470028D4DB9C
:105BF0003427B784042120460EF0DAFD0028CCDBE0
:105C00001D4BEB612669336AF022D3F80C80112119
:105C100030232046C0470028BFDBF7842B6A0722C9
:105C2000DE680A2100232046B0470028B5DB2B6A36
:105C30004622DE68122144232046B0470028ACDB10
:105C40002B6ADE6810231A4615212046B04700282B
:105C5000A3DB2B6ADD6880231A4616212046A8475D
:105C600000289ADB00258AE7E8B90500747C050066
:105C700008BA05000000744200B8884508B50269FA
:105C800043680549116258680FF04AFF00280CBFAD
:105C90006FF01200002008BD2C8905002DE9F041AD
:105CA000044647680D4610F030FA4FF0400888B9B6
:105CB000264B1B7873B1642660680EF060FFF0B964
:105CC00001200FF01EF9013EF6D10021212010F035
:105CD000DAFAF0E7EFF31186314688F31288BFF362
:105CE0006F8F60680EF04BFFA8B986F31188BFF381
:105CF0006F8FEFE786F31188BFF36F8FE5E7EFF360
:105D00001186314688F31288BFF36F8F60680EF0FA
:105D100036FF0028EED0BB691D706368BA691B6846
:105D20000020C3F844250122C3F84825C3F8200108
:105D3000D3F82041C3F85801D3F858019A6081F391
:105D40001188BFF36F8FBDE8F08100BFAF61002005
:105D50002DE9F0410022054601210220F4F7ACFABA
:105D60000220F4F779FA6C680121E0680EF05BFF1D
:105D70006B681A682369C2F82435617D237D0B4363
:105D8000A17D0B43C2F86C356F68D7E9004313F06F
:105D9000010346D0D5F8108004F10C0108F10C0283
:105DA00004F590700FF0EAF8061E07DA2A4A2B482D
:105DB00001210AF047FB3046BDE8F08198F80C005D
:105DC00001F080F90823C4F80035BB69C4F84435F4
:105DD0000023C4F848350123A360D4F85831002BC0
:105DE000FBD00026C4F800656B683146D8680EF019
:105DF0001AFF6D6831462C68E8680EF014FF08231E
:105E0000C4F800352A7A52B9EB69C4F83435012355
:105E1000C4F83835C4F81021D4F8102123600026C6
:105E2000C9E70822C4F80025BA69C4F84425C4F8B3
:105E300048350123A360D4F82031002BFBD0002388
:105E4000C4F82031D4F820310123E3604FF480738B
:105E5000C4F80433C1E700BF39BA0500BC7D0500B2
:105E600070B5012383400E4ABFF35B8FDC4352E8D9
:105E7000001F01EA040542E80056002EF7D1BFF3E7
:105E80005B8F4FF4803282400648C0F80823BFF38E
:105E90005F8FBFF36F8F0B4214BF0120002070BDD6
:105EA000F44800200010014070B40E49D1E90034DC
:105EB000D01AC31844F1000422F07F46C1E900342F
:105EC000A6F50013B3F5400F09D2074B1B681A0A59
:105ED0001B069C19054B42F10005C3E9004570BC47
:105EE00003F034BD882A0020F8480020902A0020C2
:105EF00011B3BFF35B8F0123104A834052E800CFF8
:105F00004CEA030C42E800C10029F7D1BFF35B8FD4
:105F10000B4A4FF480338340C2F80433094BBFF37C
:105F20005B8F1B68BFF35B8FC340DB0742BF064B31
:105F30004FF40032C3F80021704700BFF44800203E
:105F400000100140F048002000E100E00D4B18680F
:105F5000010A0006BFF35F8F0B4BD3F80435181806
:105F600041F10001B3F5801F0AD2084BD3E90023A9
:105F7000904271EB030303D210F1807041F10001F4
:105F8000704700BFF848002000100140902A002010
:105F90002DE9F04F85B016461F469DF840A00446F7
:105FA000FFF75EFF0190FFF7D1FFB04271EB0703EF
:105FB00054D23E4B301A67EB0101984271F1000157
:105FC0004FD23B4B03EB0413D3E902239F4208BF9C
:105FD00096425ED037494FF4803804F1500508FAF4
:105FE00004F8AD00C1F848832046ADB20EF076FE4D
:105FF00026F07F4B05F1804504F5A87305F588353B
:10600000DC464FF003090293029A2CF07F4341F8DB
:106010002230C1F84483D1F80435274A6FF00200DA
:10602000C01A604420F07F40904232D9286868B19D
:10603000D1F804350393A3EB0B0020F07F40B0F5BB
:10604000000F26D920460EF049FE039BBAF1000F3F
:1060500007D109EB030C09F10109D5E7BAF1000FEB
:1060600009D06FF0150520460199FFF741FF28463A
:1060700005B0BDE8F08F0123104ABFF35B8FA3404A
:1060800052E8000F184342E800010029F8D1BFF39D
:106090005B8F07490E98230101EB0412C8500F9B38
:1060A0005360C2E902670025DDE700BF0100800000
:1060B000782A002000100140FDFF7F00F0480020FA
:1060C0007FB51C4C1C4BC4F80833C4F848331B4B39
:1060D00000254FF0FF304FF0FF31C4F80855C3E9F9
:1060E00002014FF48033C4F80433154B02264FF4F9
:1060F00000320121C4F804631120C3F880212A462C
:10610000F4F7DAF81120F4F7A7F80E4A0123A36098
:10611000236013600C4B0D4A0093CDE90155002319
:106120002846FFF735FF3046FEF7F0FD284604B05D
:1061300070BD00BF0010014003000F00782A00204E
:1061400000E100E0F4480020A95E0400FFFF7F00AA
:106150002DE9F7432B4CD4F8043399070BD5D4F829
:10616000043143B1284A0023C4F80431D4F804317F
:10617000136801331360D4F80433DA0323D5BFF373
:106180005B8F224B53E8002F22F0010143E80010FF
:106190000028F7D1BFF35B8FD30702D4D4F8403186
:1061A0008BB10025C4F84051D4F84031FFF7CEFE42
:1061B000EFF3108272B6164BD3E90267B042B941D1
:1061C00004D282F3108803B0BDE8F0834FF0FF38AB
:1061D0004FF0FF39C3E90289D3E900101D604FF485
:1061E0008033C4F84833C4F84051D4F8403182F3C6
:1061F00010880029E7D0009032463B462846884761
:10620000E1E700BF00100140F8480020F0480020FE
:10621000782A002030B5431C124C85B005D084424A
:10622000A8BF0446012CB8BF0124FFF78FFE0E4B18
:106230000C4DD3E90013401AB0F5000F10D222180C
:10624000AA4228BF2A4652184FF000000749009181
:10625000CDE9010043F10003FFF79AFE05B030BD20
:106260002A46F0E7FFFF7F00882A0020A95E04008D
:1062700008B5FFF76BFE024B1B68C01A08BD00BFD4
:10628000882A002002460B46014802F05FBA00BF90
:10629000740D0020014802F0D1BA00BF740D002037
:1062A000014902480FF0A4BE0049002050350020EB
:1062B000094B93F80031042B02D1810709D47047B0
:1062C000022B02D1020704D47047082B03D18306A6
:1062D00001D5FFF7E5BF7047655E002010B40346A7
:1062E0000A46034881680C681946234610BC1847C3
:1062F000E4770500B0B584B000AF00243B1D7C609E
:106300000A22BC60C7F80B4039600146184611F0FC
:10631000B4F86D468AB0396803466A460D48D161C3
:10632000C2E905034FF4007313840B4B42F8103F8E
:106330000A4823464FF41151F2F7CCFFAD4684F3DF
:106340001188BFF36F8F0323184602DF1037BD4655
:10635000B0BD00BF76BA050004000001FC7C05005A
:10636000F0B589B0064600AF34480D4634490FF009
:1063700023FE07F10C00E1F721FF6C4688B06A4666
:10638000304B5361304B93614FF4007393832F4B29
:1063900042F8103F2E492F4807F10C03F2F79AFFFD
:1063A000A5462D480FF0BCFB50B92C4A29480121C5
:1063B0000AF048F86FF0120420462437BD46F0BDBD
:1063C000274B7B60381DE1F723FF034638B1254A90
:1063D000204801210AF03FF86FF01504ECE74FF078
:1063E000FF304FF0FF31FFF74DFF04460028E3D1A7
:1063F0001D491E48E1F7A4FE044610B1FFF74AFF0D
:10640000DAE741F64C5307F10800BB60EDF74AFDAF
:1064100020B1FFF73FFF6FF08504CDE70123384639
:106420003B70EDF737FD0028F3D1FFF733FF3369F9
:106430000F481D60F5F774FBBEE700BF0049002060
:10644000A14D0500AE9D05009BBA050003000001AB
:10645000C01C4001FC7C0500E4770500C2BA0500C1
:10646000DD620400E2BA0500982A002045650400B8
:10647000B162040030B5304887B0E1F7DFFD044673
:10648000002854D1E1F7ACFE0125E1F7B5FEEDF7A8
:10649000FBFAEDF7FBFAEDF7FBFAEDF7FBFA03AACF
:1064A000022120468DF80C50E1F7FCFD00283DDB71
:1064B000082303AA07212046ADF80C30E1F7F2FDCE
:1064C000002833DB4FF0FB13039303AA40F20323AE
:1064D00003212046ADF81030E1F7E4FD002825DB6C
:1064E00003AA042120468DF80C50E1F7DBFD0028BB
:1064F0001CDB1F2303AA06212046ADF80C30E1F770
:10650000D1FD002812DB40F6B823984212DD0B4A79
:10651000009029460A4809F0A8FF84F31188BFF3C8
:106520006F8F0423184602DF6FF00B0004462046ED
:1065300007B030BD2046F9E7F562040006BB050050
:10654000FC7C050073B54A4C94F8003133B394F8E1
:106550000031042B5DD120783E2832D0FF2836D080
:1065600000256378FF2B37D14FF48073009340F2FE
:106570000113404A4048012109F077FF3F4A3E4855
:106580006FF00B03012109F066FF002383F31188EC
:10659000BFF36F8F0423184602DF26E04FF0FF3071
:1065A0004FF0FF31FFF76EFE48B904F580712046C9
:1065B00000F0AAFB0546FFF76DFE002DC7D002B024
:1065C00070BDA578022D14BF00250125C9E7A57867
:1065D00005F0FD05802DF6E7002200232946F5F79A
:1065E000ADFA064648B9002DE9D0002384F8003101
:1065F00002B0BDE87040FFF753BE62781C4902321A
:106600000C300AF0C1F81E4B1B6831461D489847F4
:10661000EBE7022B10D1002200230820F5F768FADF
:1066200005460028CBD063880433B3F5807F0FD9AB
:106630004FF4807200929CE7082B13D100230022B4
:106640002020F5F755FA638805460028ECD1B6E717
:1066500007491A4605F10C000AF096F8084B29463E
:106660001B68D3E7084A0448012109F0F4FEBCE79F
:10667000655E002029BB0500FC7C050083BB05008E
:10668000FC480020247805004ABB0500F7B5804D82
:106690002B780646002B40F0328304238DF8073018
:1066A0007C4B04881F68B7B10DF106030DF107029A
:1066B000691CB84701280ED09DF80630002B40F029
:1066C0005B819DF80730AB700E2201236A70EB707E
:1066D000AC80A87159E1B4F5105F4FEA94230AD257
:1066E000002B4ED0013B072B08D8DFE803F0090749
:1066F000367A070707C13F2B00F00782012055E0DB
:10670000304640F2064230F9033B93420FD040F24C
:106710001D4293421ED0012040F206439C4200F0ED
:106720002B8140F21D439C4200F026813EE0EDF7B4
:106730001DFC42F264039C4240F2B68242F28503A1
:106740009C4233D842F267039C4200F2C18242F27B
:106750006603E8E7EDF70CFCEBE7304640F66342F2
:1067600030F9033B934230D00DDC40F603429342B4
:106770001FD040F62D4293421ED040F60142934274
:1067800012D00120F8E040F67B42934220D040F640
:106790007C429342F5D19DF807303F4902338DF892
:1067A0000730EDF7FFFA01E0EDF7EEFA0128E8D047
:1067B00087E7E1F703FEF9E79DF807303649033331
:1067C0008DF80730EDF7E5FAF0E7EDF7E4FAEDE7DD
:1067D0009DF80730304904338DF80730EDF7E0FAC3
:1067E000E4E73388A3F58053013B082BC9D801A205
:1067F00052F823F0196804002B6804003F68040075
:1068000083670400836704008367040083670400D0
:10681000836704005F6804009DF807301E48083352
:106820008DF80730EDF759FBC0E79DF807301A489F
:1068300040338DF807300EF0B5FA002041E79DF89F
:10684000073008338DF80730134B00221A605A6066
:10685000EB7A23F0600343F06003EB72EDE79DF801
:1068600007300D4806338DF80730EDF738FB9DE70C
:10687000304642F24E0130F8033B1AB28A4242F2ED
:1068800064016BDCB2F5005F08DC8C425EE000BFA7
:10689000665F0020104900206D5F0020A3F50053C3
:1068A000013B4D2B4FD8DFE813F0600075007E00F0
:1068B0004E0087008A008D00960099009C004E00D3
:1068C0004E004E004E004E004E004E004E004E0058
:1068D0004E009F00A800AB00B4004E00BD00C600F3
:1068E000CF004E004E004E004E004E00DF00E8008C
:1068F000F1004E004E00F400F700FA00FD004E00DB
:106900004E00060109010C0115011E0121014E0076
:106910004E004E004E004E004E004E004E004E0007
:106920004E004E004E004E004E004E004E004E00F7
:106930004E004E004E004E004E004E004E00240110
:106940004E004E002D0142F264039C423FF419AF09
:1069500040F2BA8142F285030120F1E642F27C0363
:106960009A4292D1EDF700FB01E0EDF7BAFA42F25C
:1069700064039C427FF4DDAE0F236B700423AB7085
:106980000123E8702B71A5F8054001232B7000202E
:1069900003B0F0BD9DF80730CC4803338DF80730C5
:1069A000EDF7A4FAE3E79DF80730C84808338DF8FF
:1069B0000730EDF79DFADAE7EDF79CFAD7E7EDF748
:1069C0009BFAD4E79DF80730C04801338DF80730B3
:1069D000EDF794FACBE7EDF793FAC8E7EDF792FA03
:1069E000C5E7EDF791FAC2E79DF80730B7490733DD
:1069F0008DF80730EDF78AFAB9E7EDF789FAB6E7CF
:106A00009DF80730B14910338DF80730EDF782FA61
:106A1000ADE79DF80730AD4808338DF80730EDF746
:106A20007BFAA4E79DF80730A84902338DF80730B8
:106A3000EDF774FA9BE79DF80730A44902338DF80F
:106A40000730EDF76FFA92E79DF8073008338DF8BD
:106A500007308F23EB71C023EB7242F264039C4238
:106A600040F01C81002087E79DF8073097490233EA
:106A70008DF80730EDF75AFA79E79DF8073093481B
:106A800004338DF80730EDF753FA70E7EDF752FA5B
:106A90006DE7EDF751FA6AE7EDF750FA67E7EDF7C2
:106AA0004FFA64E79DF80730884801338DF80730C6
:106AB000EDF748FA5BE7EDF747FA58E7EDF746FAE6
:106AC00055E79DF80730814808338DF80730EDF71A
:106AD0003FFA4CE79DF807307C4904338DF80730C6
:106AE000EDF738FA43E7EDF737FA40E7EDF736FA16
:106AF0003DE79DF80730754802338DF80730EDF714
:106B00002FFA34E7EDF72EFA31E730464FF61652FA
:106B100030F8033B93425BD84FF60152934206D8BC
:106B200003F2FF3292B20A2A34D901205FE0A3F5C2
:106B30007D43023B142BF8D801A252F823F000BF8A
:106B4000616C0400676C04006D6C0400736C0400DD
:106B50002B6B04002B6B04002B6B0400796C04007E
:106B60002B6B04002B6B04007F6C04002B6B040068
:106B70002B6B04002B6B04002B6B04002B6B0400AD
:106B80002B6B04002B6B0400856C04002B6B040042
:106B9000976C0400A3F57C43013B0A2BC5D801A2E6
:106BA00052F823F0DF6B0400FB6B04002B6B040036
:106BB0002B6B04002B6B0400496C04002B6B04004E
:106BC0002B6B0400256C0400376C04004F6C040030
:106BD0004FF61D529342A8D1EDF77DF907E09DF8DD
:106BE00007303A480C338DF80730EDF7DDF824F024
:106BF00008034FF60252934296E59DF80730403362
:106C00008DF80730314B00201880EB7923F02303F7
:106C100043F02303EB712B7A23F0070343F00703C0
:106C20002B72E4E79DF80730284817338DF80730BA
:106C3000EDF7D7F8DBE79DF80730244820338DF8CF
:106C40000730EDF7F2F8D2E7EDF7C9F8CFE79DF896
:106C500007301E4801338DF80730EDF703F9C6E71A
:106C6000EDF716F9C3E7EDF715F9C0E7EDF714F9FD
:106C7000BDE7EDF717F9BAE7EDF716F9B7E7EDF766
:106C800017F9B4E79DF80730104904338DF8073041
:106C9000EDF710F9ABE7EDF71CF9A8E703D942F2DD
:106CA000850300204CE5002042F219039C421AD8CB
:106CB00042F20C039C427FF62FADA4F500530D3B2E
:106CC0009BB241F2412208E00120EDE76D5F002018
:106CD000A4F50153283B0B4A9BB222FA03F3DB07CE
:106CE0007FF564AD48E642F232039C423FF444AE85
:106CF000A4F50153033B012B3FF658AD3CE64FF0A2
:106D0000FF3045E62F80402038B5094C23780D46EA
:106D10001BB9BDE83840EDF727B8A278611C0232F4
:106D200010F06BFB0020042320702B7038BD00BFD7
:106D3000665F002070B505460E46084C20460EF0F2
:106D4000EFFE38B1A368B2B2294620461B68BDE801
:106D5000704018476FF0120070BD00BFE477050067
:106D600002484FF4007103F0B7BC00BFAE5F0020D3
:106D700037B53223ADF80430124A0023012519211A
:106D800068468DF80630ADF800508DF80230EBF70C
:106D90007FFB044698B90DF066FA80B2EBF7D2F9A2
:106DA0002A4621460820F3F787FA2A4621460B2077
:106DB000F3F782FA2A4621462846F3F77DFA204661
:106DC00003B030BDD96D0400014902480FF010B97D
:106DD0001449002050350020B0B584B000AF002425
:106DE0003B1D7C600A22BC60C7F80B40396001463D
:106DF000184610F042FB6D468AB0396803466A4671
:106E00000D48D161C2E905034FF4007313840B4BA5
:106E100042F8103F0A4823464FF41151F2F75AFA4C
:106E2000AD4684F31188BFF36F8F0323184602DF4A
:106E30001037BD46B0BD00BFDBBB0500040000013C
:106E4000647D050037B50D4D0D49002400946FF0A9
:106E500009034FF48062284601F08AFF0949284659
:106E60000FF059F9084909480FF0A6F82246042105
:106E70001920F3F721FA204603B030BD5035002029
:106E800080830020EFBB05004D4E05001449002013
:106E90000346024A0248022109F0DDBA03BC05009C
:106EA0008C7D050010B9024B1B681847FFF7F0BF37
:106EB00024490020014B01201B6818472449002069
:106EC00028B1012807D104490020EBF763B8034B30
:106ED00001201B6818477047A56E04002449002054
:106EE000014B1860002070472449002010B50C2980
:106EF000036912D118680A4C80EAE073A3EBE073CF
:106F0000990803F00303002804FB03F3BCBF4942C4
:106F10005B42C2E90013002010BD6FF08500FBE763
:106F200090D003004FF08053D3F83021082A06D1C7
:106F3000D3F83431052B02D8024AD05C70470020C8
:106F4000704700BF52BC050008B54FF08053D3F81E
:106F50003021082A4ED14FF080420021C2F80C1196
:106F6000C2F81011C2F8381502F54042D3F80414E3
:106F7000C2F82015D3F80814C2F82415D3F80C145D
:106F8000C2F82815D3F81014C2F82C15D3F814142D
:106F9000C2F83015D3F81814C2F83415D3F81C14FD
:106FA000C2F84015D3F82014C2F84415D3F82414BD
:106FB000C2F84815D3F82814C2F84C15D3F82C148D
:106FC000C2F85015D3F83014C2F85415D3F834145D
:106FD000C2F86015D3F83814C2F86415D3F83C141D
:106FE000C2F86815D3F84014C2F86C15D3F84434CD
:106FF000C2F87035FFF796FF18B1234B234AC3F848
:107000008C26FFF78FFF18B1214BFB22C3F8182500
:10701000FFF788FF70B14FF080414FF08053D1F8F7
:10702000E42ED3F8583222F00F0203F00F0313437B
:10703000C1F8E43EFFF776FF20B1164B4FF4007223
:10704000C3F840264FF08053D3F83031082B1AD1C3
:107050004FF08043D3F80024D20744BF6FF0010201
:10706000C3F800244FF08053D3F83431052B02D8F5
:10707000094AD35C3BB14FF01023D3F808224FF0FC
:107080008043C3F8582508BD0050004048810300E4
:1070900000F00040009002404CBC0500014B18601D
:1070A000704700BF2C49002010B5054B18681446E6
:1070B0000DF029FF0028A4BF2070002010BD00BFE4
:1070C0002C490020024A01238340C2F8043570474E
:1070D00000F00140036803F01F025B09026004D066
:1070E000012B034818BF002070474FF0A0407047A5
:1070F00000030050034A430900F01F00D35C18440A
:10710000C0B2704758BC0500034611F0010030B50D
:10711000CCB213D1A207C4F3400020D5124AD2F852
:10712000200558604FF08053C2F82005D3F8303165
:10713000082B15D0003818BF012010E04FF0A041F7
:107140004FF08055D1F820251A60C1F82025D5F8D8
:107150003051082D08BFD1F82015002ADAD030BDF3
:10716000D2F82035E6E700BF00030050F7B504462B
:107170000846FFF7BFFF06B204EB46060D46B38A8A
:10718000DB072BD520460DF0F8FF294620460DF0F1
:1071900063FF58B120460DF075FF276800B207EB7A
:1071A00080030022C3F81025C3F810252946204685
:1071B0000DF091FF0021B18201A80195FFF78AFF30
:1071C000019B00EB8300074BD0F80027134043F0EE
:1071D0000203C0F80037084603B0F0BD6FF0150099
:1071E000FAE700BFF0F8FCFF01480DF0AABE00BFAF
:1071F0007C0A002010B504480C460DF084FE0028DF
:10720000A4BF2070002010BD7C0A00202DE9F04FA3
:10721000804689B058F804ABDAF80413C9B2834643
:10722000082241F0004150460DF07FFF051E2BDA89
:107230000023032106A8CDE90633FFF765FF644B61
:1072400001930DF118090023019A009312F8013BF4
:1072500060490192DA0803F007038A5C22FA03F31B
:10726000DA071AD4009B09F10409A3B14FF00041D9
:10727000002250460DF059FF032106A8FFF744FFF6
:107280000028DCD125F000450124002D40F08A8043
:1072900009B0BDE8F08F0123D6E7009B4E4A1344A6
:1072A0000293D9F800100029DCD0029B91FAA1F1D9
:1072B0001C78B1FA81F141EA44142046FFF71AFF25
:1072C0000BEB40000594878AC808BB0819F800201A
:1072D000039301F00701012303FA01F122EA0102FD
:1072E00009F8002005A8FFF7F5FE059A039B02F5B3
:1072F000E072C7F3820650F822205B073746C2F3DC
:10730000014233D5D6B240463A4621460DF0C4FE7E
:1073100005A80594FFF7DEFE059B03F5E07350F822
:107320002330C3F301439E4207D1002120460DF0D4
:1073300084FE314620460DF080FE05A80594FFF737
:10734000C9FE059B012202FA03F3C0F820354FF075
:107350008053D3F83031082B01BFD0F82035D0F856
:107360002035D0F82035D0F820359AE7022A0DD103
:10737000032120460DF061FE06F00503012BDCD150
:107380003A46214640460DF087FED6E702212046C8
:1073900003920DF052FE032EF2D0039A032ACCD1B1
:1073A000022EECE795FAA5F3B3FA83F304FA03F29D
:1073B00025EA020503F5A2720BEB43035AF82220DB
:1073C000B3F87C10C2F3014240460DF065FE5CE765
:1073D00068BC0500B489050068BC0500036803F0BB
:1073E0001F025B09026004D0012B034818BF002074
:1073F00070474FF0A0407047000300502DE9F34163
:107400000B7E044633BB4B68019301A8FFF7E6FFF0
:10741000019A304D01239340C0F80C354B6801931D
:1074200001A8FFF7DBFF019B00EB8300D0F80037DA
:107430002B4043F00303C0F800378B68019301A889
:10744000FFF7CCFF019B00EB8300D0F800372B4007
:10745000C0F800374B7E33B9D1E901022368C3F885
:107460004005C3F844254A7808782368D1F810808D
:1074700091F80CE091F80DC04F7ED1E90165520002
:10748000097DC3F8201502F0020200F001010A4351
:10749000C3F80485C3F80825C3F818E5C3F81CC56C
:1074A0001FB9C3F84065C3F8445524680023C4F8E5
:1074B0000031D4F80021C4F8043144F30730D4F883
:1074C0000431F2F7C9FE0323C4F8043302B0BDE867
:1074D000F08100BFF0F8FCFF07B5019001A8FFF7AD
:1074E0007DFF019B00EB8300054BD0F80027134084
:1074F00043F00203C0F8003703B05DF804FB00BF9F
:10750000F0F8FCFF437D2BB1437D012B14D06FF0CD
:107510000F00704702234375036843F307330122CA
:10752000002B027608DB590903F01F039A4001F192
:107530004003024941F823200020704700E100E0A9
:10754000244A2DE9F0474FF0000C4FF0FF374FF081
:10755000000992F800E0204C4E46D0E90138D4F8FA
:1075600000A0BAFBFEF5C2450DD3D0F80C80C24591
:1075700009D89D421FD25B1BBB4204D267680F60D3
:107580001F464FF001094368AB4204D30136062E73
:1075900004F10804E1D1B9F1000F01D053780B7167
:1075A000BCF1000F11D102324FF0010C002FCED1EF
:1075B0000020BDE8F087EB1ABB42E4D267680F6099
:1075C000002BDDD153780B71F2E70137F0D16FF06A
:1075D0001500EEE76ABC0500B889050010B5184C27
:1075E000237853BB0278C2F34003920712D54FF0C1
:1075F0008053D3F83021082A0BD1D3F83431052B2E
:1076000007D8104AD35C23B14FF080430122C3F85E
:10761000382601234FF08042C2F88035037803F00A
:107620000103C2F878350020F2F738FE08B9F2F706
:1076300013FE01232370002010BD6FF07700FBE7DD
:10764000AE6100206EBC05004FF080434FF46072C5
:10765000C3F80823014B00221A607047304900200C
:1076600008B5FFF7F1FF03680BB1014A136008BDCD
:107670003049002010B54FF08043D3F8044362072F
:1076800007D54FF484700EF076F810B11E4B1B68CE
:107690009847A30608D54FF48A700EF06CF818B11D
:1076A0001A4B00201B689847600608D54FF48C7071
:1076B0000EF061F818B1154B01201B6898472106A0
:1076C00008D54FF48E700EF056F818B1104B00200C
:1076D0001B689847E20508D54FF490700EF04BF800
:1076E00018B10B4B01201B689847A3050AD54FF42E
:1076F00092700EF040F828B1054BBDE810401B68B1
:107700000220184710BD00BF38490020344900202E
:107710003049002030B500F01F04400911D0012885
:1077200012D10C4800EB84001B02D0F800570A4C21
:1077300043EA82022C4042EA41012143C0F800178B
:1077400030BD4FF0A040EDE704F5E074002353F89E
:107750002430FFDE00030050F0F8FCFFCB7B10B4B8
:1077600033B9D1E900420368C3F80845C3F80C25D2
:1077700003688A68C3F8242503793C225343054AE9
:10778000D3582BB1006810BC40F30730F2F764BD4A
:1077900010BC70473C49002013B5394B01930023BE
:1077A000C0F80431D0F80421C0F82431D0F82421E5
:1077B000C0F81C31D0F81C21C0F80831D0F80821DD
:1077C000C0F800324B6381F82F300123036291F837
:1077D0002D209A4218BF83604B6B8A6A93420446FD
:1077E0000ED24A6AD35CC0F81C350B6803B340F272
:1077F00086238B608B68C4F80433002002B010BD70
:1078000091F82C3013B10123C361EEE70B6A13F03A
:10781000400F4FF0010316BFC361436181F82D3063
:10782000E3E720460DF0C8FF28B1019B013B01931F
:10783000019B002BF5DC91F82F0058B9019B002B20
:10784000DCDC0023C4F800350523C4F800356FF0F4
:107850008B00D3E7D4F8C434C4F8C43463B19A07B6
:107860005ABF03F001008C386FF0040013F0040FCE
:1078700018BF6FF00A00E1E76FF08B00DEE700BF92
:10788000A086010013B5314B01930023C0F80431E9
:10789000D0F80421C0F82431D0F82421C0F81C31DC
:1078A000D0F81C21C0F80831D0F808214B6381F8CA
:1078B0002F308B6A012B044617D10B6A580614D45B
:1078C0000223C4F800320123236291F82D20022AFA
:1078D00018BF23600B688BB140F286238B608B68E6
:1078E000C4F80433002002B010BD0123E9E72046AC
:1078F0000DF062FF28B1019B013B0193019B002B1E
:10790000F5DC91F82F0058B9019B002BEBDC00232C
:10791000C4F800350523C4F800356FF08B00E2E7AA
:10792000D4F8C434C4F8C43463B19A075ABF03F01E
:1079300001008C386FF0040013F0040F18BF6FF0D3
:107940000A00E1E76FF08B00DEE700BFA0860100D0
:107950002DE9F84390F804901C4E07463C2000FBAC
:1079600009F035180C4695F82E1061BBA96032500D
:107970006B6085F82D1085F8311085F83010CCB18A
:10798000637B85F8383094F80E8085F83980B8F13B
:10799000000F0BD12068062303224146FFF7BAFEF1
:1079A0006068062303224146FFF7B4FE21463846AD
:1079B000FFF7D4FE3C2303FB0966012386F82E3033
:1079C0000020BDE8F8836FF07700FAE73C4900201B
:1079D000036802790521C3F80015044B3C2101FB23
:1079E0000233022283F82E20704700BF3C4900205A
:1079F00003680B4A0179C3F80823D3F8002222F068
:107A00000302C3F800220022C3F80025054B3C20E6
:107A100000FB0133012183F82E1083F830207047DA
:107A2000864204003C4900202DE9F047DFF8CC8075
:107A30000779D0F800A03C2303FB0783C7EB0719A5
:107A400093F82D30012B0C46164608EB890905D119
:107A50000B78012B07D16FF0760012E0022B02D1D8
:107A60000B78012BF7D13C25254BCAF8083305FBD1
:107A7000078595F8303033B1AB68CAF804336FF03E
:107A80000F00BDE8F08786F00403C3F3800385F898
:107A900030302E62A646BEE80F0005F10C0CACE8B3
:107AA0000F00DEF80030CCF800306368AB62E368AA
:107AB0006B626378CAF888352378012B18D0ABB98C
:107AC000C6F340163C2303FB07834946504683F820
:107AD0002C60FFF761FE3C235F4308EB070258F878
:107AE0000730002BCDD182F83030CAE70126E9E714
:107AF00049465046FFF7C6FEEDE700BF3C4900206F
:107B000086420400F0B5334C87B021464FF0402048
:107B10000DF052FE00285BD194F82F7007BB227B3A
:107B2000931E012B1CD8606AA369984218D1E3699F
:107B300063626369A362236A84F82D70C3F3401300
:107B4000032A84F82C304FF0402004D107B0BDE860
:107B5000F040FFF721BE07B0BDE8F040FFF792BE4E
:107B60001D4E0FCE01AD0FC533682B604FB34FF0E4
:107B70004022D2F8C434C2F8C43413F0020106D053
:107B800001238DF80030002384F8303007E013F033
:107B9000040209D002238DF8003084F83010D4E9B3
:107BA00000316846984713E013F0010305D0032322
:107BB0008DF8003084F83020F1E704228DF80020A1
:107BC000E2E7236A8DF800705B0784F83070E6D531
:107BD00007B0F0BD3C4900204849002030B500F016
:107BE0001F04400911D0012812D10C4800EB840079
:107BF0001B02D0F800570A4C43EA82022C4042EAAA
:107C000041012143C0F8001730BD4FF0A040EDE71F
:107C100004F5E074002353F82430FFDE0003005025
:107C2000F0F8FCFF0023C3600368114AC3F808237F
:107C3000D3F8002222F4BC52C3F800224FF0805245
:107C4000D2F83011082909D1D2F83421052A05D8F3
:107C500008498A5C12B10922C3F800250022C3F842
:107C60000025012380F8263080F82820704700BFC7
:107C700002029C0174BC05002DE9F84F002380F836
:107C800027304B68046805460E46174633B1CB686B
:107C900003F06043B3F1005F40F049813378023B69
:107CA000012B06D8336903F06043B3F1005F40F065
:107CB0003E81A04BC4F8083395F8282002F0FF035A
:107CC0003AB1EB68C4F804336FF00F084046BDE8E2
:107CD000F88F17F0140F0CBF0122002285F828201E
:107CE000327885F82420727885F82520F2682A6198
:107CF00072686A613269AA61B268EA61C7F3001208
:107D000085F829202F627278C4F88825C4F860317C
:107D1000D4F86021C4F84831D4F84821C4F824319B
:107D2000D4F82421C4F80431D4F8043117F0010345
:107D300018BF0123C4F8503517F0020318BF012300
:107D4000C4F840353378032B00F28180DFE803F07C
:107D50005E764A024FF48073C4F80032D5E90423FA
:107D6000C4F84425C4F848350123A3604FF48011BA
:107D700020460DF00DFE0028F8D1D5E90623C4F801
:107D80004425C4F848354FF48023EB604FF00008D9
:107D900017F008096A680FD13378032B0CD0012B38
:107DA0006DD12360002A55D072686B6822B9002B10
:107DB00000F09B80012363616B68002B00F09580CD
:107DC000780744BF0023EB6079065EBFEB6843F0A1
:107DD0000203EB60EB6843F40073EB60EB68C4F8FC
:107DE000043373E7D5E90423C4F84425C4F84835BF
:107DF000D5E90623C4F83425C4F838354FF4845344
:107E0000C4F80032012323620223BEE7D5E904232C
:107E1000B906C4F84425C4F848354BBF4FF4807305
:107E20004FF40073C4F80032C4F800324CBF4FF472
:107E300080230223EB6001232362A7E7D5E9042313
:107E4000C4F83425C4F838354FF48053D8E76FF0C0
:107E500015089DE76A6902B96361DFF8DCA0DFF805
:107E6000DC904FF0010B514620460DF091FD82054C
:107E700048BFC4F814B010EA090FF4D094E7012306
:107E8000A360002A90D16A6922B1DFF8B0A0DFF8C0
:107E9000A8B006E06361F8E70123236263614FF055
:107EA000000919EA0A0F7FF47FAF594620460DF00A
:107EB0006FFD10F4007F8146F3D04FF080712046B3
:107EC0000DF066FDD4F800320028E5D013F40071FF
:107ED00003D10122226289466261DB05E1D54FF4BC
:107EE000802120460DF054FDD9E7D4F8C434C4F8FD
:107EF000C434002285F828206BB19A075ABF03F0DA
:107F00000108A8F18C086FF00D0813F0040F18BFDA
:107F10006FF00A08DAE67B063FF5D8AE291D204649
:107F20000DF0E2FC002808BF6FF08B08CEE66FF082
:107F30000C08CBE602029C010202040002000400CD
:107F400070B5056886B00221044628460DF020FD74
:107F50004FF40071064628460DF01AFDD0B1D6B98F
:107F6000E368C5F808330223E360E368C5F8043327
:107F70004FF0807128460DF00BFD18B1D5F8003296
:107F80009B0502D401232B626B61012384F8273007
:107F900006B070BDAEB3236A5E060AD494F82730EB
:107FA0003BB9211D28460DF09FFC80F0010084F8AC
:107FB0002700236A13F004033BD1C5F86031D5F8DC
:107FC0006021C5F85C31D5F85C3194F8293013B1E3
:107FD00094F8273013B30023C5F80032E360314B27
:107FE000C5F8083345F30733002B17DB5A09012185
:107FF00003F01F03994002F160032B4A42F823105B
:108000000CE04FF4802128460DF0C2FC94F8243097
:10801000002B2FD194F82930002BDDD0A38CADF8A4
:1080200004302369049363690293A3690593E369A8
:108030000393D5F8C434C5F8C43498072CD4590731
:108040002CD4DA072CD494F827309B00DBB28DF8BF
:10805000003094F829300BB984F82830236A5B0784
:1080600003D594F82730002B92D0D4E9013168462B
:1080700098478DE74FF40073C5F8003240F20223B1
:10808000E36003F1CE73C5F80833E368C5F8043341
:108090000123AB602B627BE70123D8E70223D6E7FD
:1080A0000323D4E702029C0100E100E0036803F02F
:1080B0001F025B09026004D0012B034818BF002097
:1080C00070474FF0A040704700030050F7B50646D8
:1080D0000DF0FDFC08460DF0FAFC01A80196FFF733
:1080E000E5FF019B2F4D00EB83000C46D0F80037D5
:1080F000019440F20D612B400B43C0F8003701A8FA
:10810000FFF7D4FF019B00EB83000127D0F8003775
:108110002B400B43C0F8003704200CF0F2FE092579
:1081200001A80194FFF7C2FF019AD0F81035D3409F
:10813000DB0715D401A80196FFF7B8FF019B07FAEA
:1081400003F3C0F80C3504200CF0DBFE30460DF0D4
:10815000BEFC013D04200CF0D4FE15F0FF05DFD17C
:1081600001A80194FFF7A2FF019A01239340C0F8F0
:108170000C3504200CF0C5FE20460DF0A8FC0420B0
:108180000CF0BFFE01A80194FFF790FF019AD0F810
:108190001035D34013F0010F0CBF6FF08B0000209F
:1081A00003B0F0BDF0F8FCFF10B50446F0F7C2FFD5
:1081B0000348044A012108F045F920460DF0BBFCB4
:1081C000947D05007ABC05002DE9F843044600AF14
:1081D0000D46EFF31188402383F31288BFF36F8FAE
:1081E0000428294A98BF294B9668117C94BF53F8FC
:1081F0002030274BE9468AB06A462648C2E9073153
:1082000040F201339384244BC2E9050442F8103F45
:10821000224800234FF43151F1F75CF8CD4645B1C7
:10822000EB69C3F3080323B11D4A1C48012108F080
:1082300009F92EB130460DF071FF08B1037803B98A
:108240001848E9468AB06A46174BD061C2E905363C
:1082500040F201331384154B42F8103F00230F48BE
:108260004FF41151F1F736F82946CD462046FFF775
:108270009BFF88F31188BFF36F8F3046F1F792FFB1
:10828000BD46BDE8F88300BF78490020E8890500B5
:1082900089BC050097BC050005000001947D050020
:1082A000BFBC05006F9D0500E0BC05000400000197
:1082B00038B50A4B53F82040013053F82050A542FE
:1082C00000D838BD606830B1037FDB0701D40DF002
:1082D0000FFC0834F3E723689847FAE7FC890500A8
:1082E00070B52A4B2A4C2B4D012286B003201A7000
:1082F000FFF7DEFFF1F7F8FA0420FFF7D9FF264673
:10830000AE4204F1300410D301F030F8204C224E7C
:10831000AC4226D301F03EF8EFF708FC1F4A137B6E
:1083200023F00103137306B070BD54F80C3C0593A1
:1083300054F8103C049354F8143C039354F8183C3C
:10834000029354F81C3C019354F8203C009354E9E8
:108350000A2354E90C0100F0E9FD54F8303C5E6555
:10836000CDE7D4E90A23B3F1FF3F08BFB2F1FF3FE5
:1083700005D052EA0301206803D101F0C7F8303478
:10838000C6E73146183001F051FAF8E7AF61002036
:10839000C47A0500C47A05001B62050090360020EF
:1083A00070B5164E164D1749902386B003FB006634
:1083B00001220023CDE904230F22CDE902320193EB
:1083C000142303FB005504464FF4C07000FB041156
:1083D0000D4B00954FF4A072304600F0A7FD737B63
:1083E0000A4AEE6023F0040373734FF4046304FB42
:1083F000033313442C746B6006B070BD003600204C
:108400007849002000900020D35C0500C087002040
:10841000BFB50020FFF74CFF2A4B83F308882A4C96
:108420002A4F636943F400736361E02384F82230C8
:1084300000252023E37725766576A57684F82050FD
:10844000636A43F4E023636284F82350F1F726FE65
:10845000F1F7C0FF4FF0FF33A362E362F2F794F845
:10846000F1F7DCFFF0F7C2FD19481A4C00F0DAFD15
:108470000120FFF71DFF0220FFF71AFF00F0BEFFEB
:10848000154B16495C61164B05930123CDE9035347
:108490004FF400623B46CDE901550095204600F0BF
:1084A00045FD627B064622F00402204662730DF011
:1084B00071FE2846FFF774FF3A4631462046F1F731
:1084C00069FF00BF0090002000ED00E0E1820400A1
:1084D000D03700209036002078490020809100207D
:1084E00042BD050038B5064C064DAC4201D3002014
:1084F00038BDD4E9011220460DF067FB1434F4E7CF
:10850000380D00204C0D002030B585B0DDE9084560
:10851000034B0293CDE900450DF015FB05B030BDCE
:10852000F3F7040038B5064C064D0020AC4200D3EA
:1085300038BD20460DF06DFB0028F9DB1C34F5E753
:10854000AC0C0020380D002073B50C46EFF3118100
:10855000402585F31288BFF36F8FC5685DB1256034
:108560002B68C360836901338361002081F3118824
:10857000BFF36F8F11E052EA030603D125606FF05D
:108580000B00F3E7CDE900230246083000F034FE8B
:1085900018B9034B9B681B69236002B070BD00BF14
:1085A000784900202DE9F34104460E469DF820004D
:1085B00004F10808EFF31187402181F31288BFF31B
:1085C0006F8F256AE1688D4246D22568AC4218D08B
:1085D000BDB128460DF088FB05F118000DF0D6FE60
:1085E000A268286931460EF008FF0023C5F88C30D8
:1085F00028460DF0CFFD4046394600F091FE0020A0
:1086000037E0A268D8B1E06931460EF0F6FEE369C2
:10861000A26813446269E361934201D12369E36173
:10862000236A01332362102104F124000DF08DFF31
:108630000028E0D187F31188BFF36F8F19E0A1699B
:108640002369994204BF6369A361A069801AA0618C
:1086500031460EF0D2FEE3E752EA03010CD008499E
:10866000896840460E61CDE900233946224600F074
:10867000C3FD02B0BDE8F0816FF02200DAE700BF71
:1086800078490020F7B5044604F108070846EFF3DF
:108690001186402181F31288BFF36F8F216A002970
:1086A0003AD0A268A1690EF0A8FEA369A268256865
:1086B00013446269A361934204BF2369A361236ADF
:1086C000AC4203F1FF33236234D02846002D32D070
:1086D0000DF00AFB05F118000DF058FEA26829699B
:1086E000E0690EF08AFEE369A26813446269E361FF
:1086F000934204BF2369E361236A013323620024A8
:108700002846C5F88C400DF045FD3846314600F04E
:1087100007FE204603B0F0BD52EA030110D00A491B
:1087200089680861CDE9002331462246384600F0C9
:1087300063FDEFE7002086F31188BFF36F8FE9E751
:108740006FF02200F7E700BF784900202DE9F341E0
:10875000044617461E46EFF31188402383F3128820
:10876000BFF36F8FC368334A7BB1806891688842DA
:1087700019D057EA060318D188F31188BFF36F8F19
:108780006FF00F0002B0BDE8F081916891F90E1012
:1087900021610133E3609368A36088F31188BFF31C
:1087A0006F8F0020EEE72169F2E791F90E1090F942
:1087B0000E309942A8BF19466FF07E029142B8BFB1
:1087C00011468B422DDD0DF0B6FA0546CDE9007657
:1087D00019482246414600F00FFD0028E1D0EFF392
:1087E0001186402383F31288BFF36F8FA068D0B146
:1087F000236821699C420AD04BB193F90E3099420B
:10880000A8BF19466FF07E039942B8BF19460DF014
:1088100092FA40B10848314600F082FD6FF00A003C
:10882000B0E70025D2E7002DF4D186F31188BFF31D
:108830006F8FF3E778490020B0610020F8B58368B6
:108840000546002B40D0234A926893423FD1C3682B
:10885000012B03D9013BC3600020F8BDEFF3118762
:10886000402383F31288BFF36F8F016980680DF096
:1088700062FA2C68AC4207D10023C5E9023387F3C2
:108880001188BFF36F8FE7E7002CF5D0D4E90032F1
:1088900013605A60637B002623F002036373C4E90C
:1088A0000066A66004F118000DF070FDAC6094F94C
:1088B0000E302B612046C4F88C600DF06BFC06482E
:1088C000394600F02DFDC7E76FF01500C5E74FF002
:1088D000FF30C2E778490020B061002037B511466B
:1088E000EFF31185402282F31288BFF36F8F046883
:1088F0009CB12368426823F003039442036008BFDD
:108900004360012120460DF0A3FA044685F3118847
:10891000BFF36F8F204603B030BD51EA0302F5D09C
:1089200000F10802CDE900131046294600F064FC6E
:108930000028EFD1014B9B681C69EBE778490020C8
:1089400070B5EFF31186402383F31288BFF36F8F66
:108950000468A0421BD0D4B1D4E9003213605A603D
:10896000637B002523F00203C4E900556373A5600F
:1089700004F118000DF00AFDC4F88C5020460DF0EB
:1089800009FC31460A48BDE8704000F0C9BCD0E996
:1089900002329A4218BF01338360022110300DF079
:1089A000D4FD0028EDD186F31188BFF36F8F70BD21
:1089B000B061002013B5EFF31181402484F31288D5
:1089C000BFF36F8F846844B1013C846081F31188E8
:1089D000BFF36F8F002002B010BD52EA030406D12E
:1089E00081F31188BFF36F8F6FF00F00F3E7CDE9CC
:1089F00000230246014800F0FFFBECE7B0610020D5
:108A00002DE9F8430546EFF31188402383F31288DC
:108A1000BFF36F8F002637466FF00A092C68A54216
:108A200016D0ACB1D4E9003213605A60637BA76002
:108A300023F002036373C4E9007704F118000DF01A
:108A4000A5FCC4F88C9020460DF0A4FB0126E5E7B8
:108A50000023AB60022105F110000DF076FD30B966
:108A60002EB988F31188BFF36F8FBDE8F8834146B4
:108A70000248BDE8F84300F053BC00BFB0610020DD
:108A800007B5074B0093074907484FF0FF334FF4F2
:108A9000006200F06DF9002003B05DF804FB00BF38
:108AA000148A0500C0990020203700202DE9FF41DD
:108AB0004F4E04464027EFF3118887F31288BFF327
:108AC0006F8FD4F89450F5B9022104F1AC000DF089
:108AD00000FA002868D004F1A405002201212846EC
:108AE0000DF0F8FB0028F8D1002302934FF0FF327D
:108AF0004FF0FF33CDE90023414604F19C023D488D
:108B000000F0CEFDD7E7D4F898202B68C4F8943055
:108B1000954208BFC4F89830D4F8AC3043F0020353
:108B2000C4F8AC30EB6823F0040343F00103EB60BE
:108B30006B6888F31188BFF36F8F28469847EFF36F
:108B4000118887F31288BFF36F8FEB68D80623F084
:108B5000010236D4EA60EB689A0716D5306823F034
:108B60000203EB6088B10368002170B1426895424E
:108B700035D1036869BB72683360824200D173608B
:108B8000002340F8083BFFF7DBFED4F8AC3023F0BD
:108B90000203C4F8AC3088F31188BFF36F8FDB0594
:108BA00089D400F033FC86E7D4F8AC30D9069BD5E5
:108BB000C4F8AC0088F31188BFF36F8F04B0BDE830
:108BC000F08123F01103EB6005F11000FFF7B8FE10
:108BD000C1E70B607368834208BF7160D0E723B1BF
:108BE0001A68014618461346BFE71A46F9E700BF60
:108BF00098490020B061002070B5C368C3F34006F7
:108C00009B0705460C460DD50122002104F1080002
:108C10000DF04FF900232360054B65605A681AB9BF
:108C2000C3E90044304670BD14605C60FAE700BFE1
:108C300098490020F8B5C3689A0704460F46C3F365
:108C400040062ED45B071CD40B680BB983680B60FD
:108C5000E368DD0744BFA3683B603D684CBF022664
:108C60000126002D3CD0204B9A68D5F890309A42CE
:108C70000AD0D5F8AC30D807C3F3800214D46FF013
:108C8000120600233B6025E00DF03FFAD5F8AC302A
:108C90000028F0D1D907C3F3C002F0D552B15B0769
:108CA00008D46FF00F06ECE7002AFAD1C3F3C00333
:108CB000002BF6D100232360D5F8983063B9C5E9BD
:108CC000254428460DF020F9E36843F00403E360EF
:108CD0003B68A3603046F8BD1C60C5F89840F0E7DB
:108CE0006FF01506CDE700BF78490020F8B5C368DE
:108CF00003F00503002B06460C4614BF012700278E
:108D00001CD085680122002104F110000DF0D1F87B
:108D1000134920460DF050F9E36843F01003E36077
:108D2000F3685B0712D5336823606BB9D5F89830C8
:108D300033B9C5E9254428460DF0E6F83846F8BDB4
:108D40001C60C5F89840F6E73460F4E7D5F8943035
:108D50002360D5F89830C5F89440002BEBD1F0E7AC
:108D6000E95E0500014601480DF042B920370020B8
:108D7000F0B589B004460020C4E925000E9D04F139
:108D80009C00C4E9270004F1A400C4E9290055B3FC
:108D90002879002840F2011008BF0120C4F8AC0077
:108DA00000204FF0FF364FF0FF37CDE90330CDE91B
:108DB0000100CDE906670D4B0094204600F006F94E
:108DC00055B1296811B120460DF0A5F96B791BB199
:108DD000237B43F001032373204600F097FBC4F884
:108DE000904009B0F0BD0120D8E700BFAD8A040073
:108DF00037B501900846EFF31184402181F31288C2
:108E0000BFF36F8FC16811F01E0F16D153EA020530
:108E100008D101A9FFF70EFF84F31188BFF36F8F0C
:108E200003B030BD41F00801C1600199816204497D
:108E3000103000F0FBFC0120EEE70020ECE700BF63
:108E40007D5F050001460148FFF7D2BF20370020B3
:108E5000F7B50C46019016461D46EFF311874023E7
:108E600083F31288BFF36F8F08460DF03EF855EA82
:108E7000060309D101A92046FFF7DCFE87F311881C
:108E8000BFF36F8F03B0F0BDE368074943F00803F9
:108E9000E360019BA36232462B4604F1100000F010
:108EA000C5FC0120EAE700BF7D5F050001460148DF
:108EB000FFF7CEBF203700202DE9F0410546EFF344
:108EC0001187402383F31288BFF36F8F0468A04299
:108ED00023D014B320460DF00BF904F118000DF067
:108EE00055FA0026B046C4F88C8020460DF052F9A1
:108EF0002C68A54206F1010608D03CB120460DF0D1
:108F0000F7F804F118000DF041FAECE7064839468D
:108F100000F006FA3046BDE8F08187F31188BFF310
:108F20006F8F0026F6E700BFB06100202DE9F04307
:108F3000073285B022F007020E461F4610990173D2
:108F400000F158037F32C0E916330446002322F0B3
:108F50003F020421836041733F2A0F98A073C4E944
:108F60000633E37306F14009A2F1400805D883F304
:108F70001188BFF36F8F084602DFB51829462046D7
:108F8000F0F734FE07300E9B20F00700E067C4E9DD
:108F90001D9802930D9B01932D1A0C9B00932A465A
:108FA0003B4631462046F1F7C3F90023636584F858
:108FB0007030054B9B680BB1D3F88030C4F880301B
:108FC000284605B0BDE8F08378490020F0B587B0A9
:108FD00000250595109D04950F9D03950E9D029506
:108FE000DDE912760D9D01950C9D00950446FFF775
:108FF0009DFFB6F1FF3F08BFB7F1FF3F05D056EA2E
:10900000070305D1204600F081FA204607B0F0BDE5
:109010003A46334604F11800014900F007FCF4E732
:109020001B62050040F2011383810023C0E91D3358
:10903000C0F88030014B9860704700BF784900202D
:109040000A4A93686FF00A01C3F88C100849C3F804
:1090500088004B6843F080534B60002383F31188F2
:10906000BFF36F8F9368D3F88C0070477849002066
:1090700000ED00E070B590F90D20437B002A36DB4F
:10908000D90634D11B4C63F07F032246437352F858
:10909000183FE169934207D1C0E900210860E0610F
:1090A00011E09942F8D01B68002BF5D090F90E50D2
:1090B00093F90E60B542F4D0AE42F2DD5968C0E9D2
:1090C000003108605860A569954200D005B9E5688F
:1090D000A3685A7BD20604D1DA897F2A01D9AA690A
:1090E00032B1AB4202D0284600F01AFB656170BD78
:1090F0006361FCE77849002038B590F90D20437B87
:10910000002A014604DA03F07F0343730DF008F8E8
:109110000D4D2A46AB6852F8184F944200D004B95E
:10912000EC688B4207D05A7BD20604D1DA897F2AB9
:1091300001D9A2692AB1A34202D0204600F0F0FA78
:1091400023466B6138BD00BF78490020B3F1FF3F73
:1091500008BFB2F1FF3F03D00249183000F066BBF0
:10916000704700BF1B62050070B590F90D20437B6E
:10917000002A014604DA03F07F0343730CF0D0FFAA
:109180004B7B1C4C63F07F0322464B7352F8183F15
:10919000E069934207D1C1E900200160E16111E07B
:1091A0009842F8D01B68002BF5D091F90E5093F936
:1091B0000E60B542F4D0AE42F2DD5868C1E900302D
:1091C00001605960A569A368954200D005B9E568BA
:1091D0008B4207D05A7BD20604D1DA897F2A01D983
:1091E000AA692AB1AB4202D0284600F099FA2B4670
:1091F000636170BD78490020F8B50E4B0C461146EE
:109200000D4A98681060DDE90667EFF3118240228D
:1092100082F31288BFF36F8F9D6828460CF092FF8F
:10922000284632463B46FFF791FF2046BDE8F8400E
:10923000FFF706BF78490020A0490020F8B5044692
:10924000EFF31187402383F31288BFF36F8F437BC3
:1092500003F01F02002A0CBF0126002649B239D1B3
:1092600003F07F0343730CF05BFF2C4D437B817352
:1092700063F07F032A46437352F8183F934227D185
:10928000E869C4E900200460EC610FE09842F8D07E
:109290001B68002BF5D093F90EC06145F6D08C45C4
:1092A000F4DD5968C4E900310C605C60AC6994423B
:1092B00000D004B9EC68AB689C4202D0204600F0B4
:1092C0002FFA6C6187F31188BFF36F8F3046F8BDBA
:1092D000E869DEE79B071ED585680CF021FF8173E6
:1092E0002B689D4209D16B68C4E900531C606C6017
:1092F000E8E76A689342F6D01B68002BF3D093F935
:109300000E209142F5D08A42F3DD5A68C4E900325A
:1093100014605C60D6E78173D4E700BF7849002011
:1093200049B9EFF3058030B9054B5A699B689A42F9
:1093300001D0FFF785BE81F31188BFF36F8F7047AF
:1093400078490020034648B9EFF3058232B9064A4E
:1093500051699268914201D0FFF772BE83F3118880
:10936000BFF36F8F704700BF78490020EFF3118182
:10937000402383F31288BFF36F8F054B9A68D37B2A
:10938000013BD37381F31188BFF36F8F704700BF28
:109390007849002070B5EFF31186402383F31288DB
:1093A000BFF36F8F144DAB68DA7B0132DA732A4654
:1093B00052F8184F944200D004B9EC685A7BD20698
:1093C00004D1DA897F2A01D9A2692AB1A34202D045
:1093D000204600F0A5F923466B6186F31188BFF3A0
:1093E0006F8FEFF31180402383F31288BFF36F8FE9
:1093F000BDE87040FFF7A6BF78490020024B03F19B
:109400001802C3E9062270477849002070B5EFF3CF
:109410001186402383F31288BFF36F8F1B4CA16822
:10942000E0690B68814214BF1A46002249680B604C
:109430005960A368E1692AB9154AC3E900210B60A4
:10944000E3610CE093F90E0092F90E50A84218D097
:10945000854216DD5168C3E900210B605360A569A0
:109460000B4B9D4200D005B9E568A3689D4202D030
:10947000284600F055F965613046BDE87040FFF7B9
:10948000DFBD8A42D8D01268D5E700BF78490020F6
:1094900090490020F8B550EA010306460C4603D176
:1094A000FFF7B4FF0020F8BDEFF31187402383F3EB
:1094B0001288BFF36F8F124D124BA8681860FFF728
:1094C0001BFEA868104923463246183000F0AEF95A
:1094D000AA68537B43F00403537304463846FFF7EE
:1094E000AFFDAB68D3E90A23B3F1004F08BF002AF0
:1094F000D8D10CF073FF201A20EAE070D3E700BF48
:1095000078490020A04900201B62050038B50446B8
:10951000EFF31185402383F31288BFF36F8F437BF2
:109520005B070FD518300CF031FF637B23F0040389
:1095300020466373FFF79EFD29460548BDE8384085
:10954000FFF7EEBE85F31188BFF36F8F38BD00BF04
:10955000B0610020014B9868704700BF7849002037
:109560002DE9F8430446077BEFF31185402383F38D
:109570001288BFF36F8F437B190705D585F31188D8
:10958000BFF36F8FBDE8F883D90943F008025DD1BE
:109590004273A36813B120460CF0CAFD04F1180011
:1095A0000CF0F4FEA66D04F15808B04511D04FF050
:1095B000000976B130460CF0BBFD06F118000CF046
:1095C000E5FEC6F88C903046FFF754FDA66DB04519
:1095D000EFD1DFF8C080D8F808309C423ED1EFF3DD
:1095E0000589B9F1000918BF4FF00109D8F81860D2
:1095F000294A964200D00EB9D8F80C60B34202D086
:10960000304600F08DF82046C8F8146007F003F8E3
:10961000B9F1000F02D02148FFF704FDD8F8083057
:109620009C4231D1EFF3058373BB227BD20718D460
:109630002846FFF705FDFB07A4D5002383F3118817
:10964000BFF36F8F0423184602DF9BE703F07F030D
:1096500043F0080343730CF063FD9AE74FF00009F1
:10966000C4E785F31188BFF36F8F83F31188BFF3CD
:109670006F8F0423184602DFEFF31180402383F33A
:109680001288BFF36F8FD4E785F31188BFF36F8F14
:10969000D1E700BF7849002090490020D037002052
:1096A000D3B5DDE90667089CCDE90067FFF7A4FDA7
:1096B0001CB1034B9B681B69236002B0D0BD00BF87
:1096C00078490020044BC01A044BC0105843044B87
:1096D00001221A54704700BF60380020ABAAAAAA22
:1096E000B0610020C3897F2B12D80A4B1B6863B17D
:1096F000094B90F90E201B689A4209DB437BDB067D
:1097000006D1064BC31A18BF012303F001007047AE
:109710000023FAE7800A0020A44900200036002038
:1097200070B50E4B0E4C1E7C06EB460304EBC304D7
:10973000054620460CF02AFE0A4B002228469A5580
:10974000FFF7D0FF48B1084B08491A68013A204694
:10975000D317BDE8704000F069B870BD78490020AB
:1097600060380020B0610020800A0020C596040007
:1097700038B5EFF31185402383F31288BFF36F8F61
:10978000104B114A9C681068A04206D1FFF7C8FF31
:1097900085F31188BFF36F8F38BD00211B7C1160EA
:1097A0000A4AD35C002BF3D02046FFF79BFF00282A
:1097B000EED0637BDB0602D12046FFF7D5FC2046C6
:1097C000E4E700BF78490020A0490020B0610020F4
:1097D000024B1868984208BF00207047840A002096
:1097E000034B1B680BB9FCF743BD0020704700BF5B
:1097F000A849002030B570B10B4B5B6898420AD085
:10980000036843B1D3E90421D0E90445121941EBBF
:109810000501C3E90421D0E9003213605A60002336
:10982000C0E9003330BD00BF840A0020B3F1FF3F20
:1098300008BFB2F1FF3F2DE9F84F0446994615469F
:109840001F467AD08160EFF31188402383F312889A
:10985000BFF36F8FB9F1000FDFF8E4A020DBFFF753
:10986000BFFFDAE90027013549F100092D1849EB5E
:10987000E073C4E90453AD18064643EB07074FF005
:109880000109FFF7A5FFDFF8BCE0DEF804A00346FE
:10989000EBB9C4E900EACAF80040CEF8044028E079
:1098A000DAE900126FF001035B1A4FF0FF3161EB50
:1098B00002025B1B62EB0902012B72F10001BCBFCB
:1098C00001230022C0E904324FF00009D9E7D3E9AF
:1098D000041CD4E904208A4270EB0C0B24DA891AA8
:1098E0005A686CEB0000C3E90410C4E9003214604C
:1098F0005C60FFF76DFF84420ED1134B1B685BB9B0
:10990000B9F1000F02D1FFF76BFF064630460CF0AD
:1099100026FD0021FCF77EFC88F31188BFF36F8FD2
:1099200028463946BDE8F88F521A60EB0C009A457C
:10993000C4E90420ADD01B68AAE700252F46EFE755
:1099400078380020840A0020A84900202DE9F0473B
:10995000EFF31185402383F31288BFF36F8FDFF895
:10996000A490DFF8A480C9F80000FFF731FF0026BB
:109970000027D9F80030D8E900ECD91750B1D0E968
:109980000442A34271EB020A1CDAE41A62EB010200
:10999000C0E9044213EB0E034FF000044CEB01014D
:1099A0002046C8E90031C9F800400CF0D8FC214637
:1099B000FCF730FC85F31188BFF36F8FBDE8F047EB
:1099C000FFF7D6BE14EB0E024CEBE473C0E904675C
:1099D000C8E90023FFF70EFF85F31188BFF36F8FEF
:1099E00083689847EFF31185402383F31288BFF310
:1099F0006F8FD9F800301B1BC9F80030FFF7E8FE65
:109A0000B7E700BFA84900207838002010B5EFF371
:109A10001184402383F31288BFF36F8FFFF7E0FEBA
:109A2000054A0346D2E90001181841EBE37184F3BB
:109A30001188BFF36F8F10BD78380020F8B5054648
:109A4000EFF31187402383F31288BFF36F8F03680E
:109A500023B187F31188BFF36F8FF8BDD0E90A46B1
:109A6000611C46F10002022972F1000236D3012C7A
:109A700076F10002BCBF01241E46013C46F1FF36D0
:109A80000CF0B0FC013041F10001001946EB01017E
:109A9000012871F1000130DB0CF0A4FC013041F130
:109AA00000016FF00203001946EB010183426FF0E1
:109AB00000438B4126DB0CF095FC013041F10001A5
:109AC0006FF00102001946EB0103121A4FF0FF314B
:109AD00061EB03031C492846FFF7A8FE2B6B0133FB
:109AE0002B632B6A93B93C462B4653F8185F9D4273
:109AF00000D0D5B984F31188ADE76FF001024FF0C3
:109B0000FF33E7E700224FF00043E3E787F31188D4
:109B1000BFF36F8F2B6A28469847EFF311844023D9
:109B200083F31288BFF36F8FDEE728460CF041FB0A
:109B30000023C5F88C3084F31188BFF36F8F28465B
:109B4000BDE8F8400CF026BB3D9A04002DE9F04139
:109B500005461C4690461F46EFF31186402383F3CB
:109B60001288BFF36F8FB4F1FF3F08BFB2F1FF3F20
:109B700005D186F31188BFF36F8FBDE8F081002C0B
:109B800009DB012A74F10003BCBF0122002412F199
:109B9000FF3844F1FF3728460CF0F8FBDDE90601F9
:109BA0000023C5E90A012B6342463B462846024989
:109BB000FFF73CFEDDE700BF3D9A040038B50346E1
:109BC000EFF31185402282F31288BFF36F8FC160DB
:109BD000012181600068834206D185F31188BFF3BB
:109BE0006F8F0024204638BDD0E9003213605A60E0
:109BF0000023C0E900330CF065FC29460446024806
:109C0000FFF78EFBEEE700BFB16100202DE9F043C6
:109C100085B04FF000090546CDF8049000F10C071F
:109C2000EFF31188402383F31288BFF36F8F8368AB
:109C3000594003EA02060A4053400E4901AACDE901
:109C400002390CF06AFB019C3CB1C4F88C902046B0
:109C50000021646E0CF0BEFAF6E7DDE9023223EA79
:109C600002033846AB604146FFF75AFB304605B069
:109C7000BDE8F0830F660500F8B507460C461646AA
:109C80000CF043FA08B10020F8BD0E4B9B68D3F8E6
:109C90008050002DF7D0221DF5D2EFF31184402320
:109CA00083F31288BFF36F8F47F004012846B04753
:109CB00084F31188BFF36F8F0028E4D040F8045B71
:109CC000E2E700BF784900200146024A0020FFF782
:109CD000D3BF00BFEDF7040098B500AF194C204684
:109CE0000BF01EFF0346B0B921686C4688B06A4687
:109CF0001548C2E905014FF400719183134942F8F8
:109D0000101F13484FF4E251EFF7E4FA6FF012001E
:109D1000A546BD4698BD23686C4688B06A460D4985
:109D2000C2E905134FF400739383084B42F8103FC8
:109D3000074800234FF4E651EFF7CCFA0020A54680
:109D4000E7E700BF0479050053BD050003000001EB
:109D50003C7D05006EBD0500F8B5064640B3184DC4
:109D600028460BF0DDFE30B3AF684021FB68284683
:109D70009847041E07DA134A23461348012106F0C8
:109D80006AFB2046F8BD03213B69324628469847C6
:109D9000041E02DA0D4A2346EFE707213B6906F16C
:109DA000180228469847041E08DA094A2346E4E7C1
:109DB0006FF01504E5E76FF01204E2E70024E0E736
:109DC0000479050095BD05003C7D0500BCBD05007E
:109DD000E9BD05000B46024A0248032106F03BBBE1
:109DE0001DBE0500847C05001FB54FF480740294ED
:109DF000044C0194BDF81840009409F0E4F904B053
:109E000010BD00BFA262002080B54B1E59425941CF
:109E10000D4B0E4A197019780D4B00AF88B0002910
:109E200018BF13466A460B49C2E905134FF4007385
:109E30009383094B42F8103F084800234FF4E65142
:109E4000EFF748FABD4680BDB161002043BE050072
:109E50004BBE050054BE050003000001847C0500D4
:109E60000346024A0248012106F0F5BA76BE050013
:109E7000847C050038B50446084619B1BDE8384071
:109E8000FFF7EEBF074D286808B1F4F7BFFB204687
:109E900008F024FA2860044A0448BDE83840032149
:109EA00006F0D0BAC049002099BE0500847C0500A8
:109EB00038B50B46094C0A480A4A032106F0CBFA8A
:109EC000094B206800251D7010B1F4F79FFB256039
:109ED000BDE838400548FEF745BF00BFC049002037
:109EE000847C0500A7BE0500B1610020AC490020BC
:109EF00038B5BDF810001C46C318B3F5807F154671
:109F000013DC0B4B2246294618440DF076FA094A19
:109F100009482346032106F09EFA084B1B6813B13B
:109F2000214628469847204638BD6FF00604FAE7D8
:109F3000A2620020C8BE0500847C0500BC49002048
:109F4000014B1860704700BFBC490020024B1868E5
:109F5000003818BF01207047C0490020014B187815
:109F6000704700BFB161002010B50D490D480CF0DD
:109F700023F80020F2F760FF044650B110F1780F8B
:109F800007D0094A03460121084806F064FA204632
:109F900010BD074A0548032106F054FA0024F6E7ED
:109FA00095A00400AC490020EDBE0500847C0500AE
:109FB0000CBF0500F0B593B02F4E02AF014628B19B
:109FC0001F2230460DF059FA0023F37740F20113B7
:109FD000BB8106233B7028483F6109233B75ECF7A2
:109FE000AEFF41F20703BB80244B787507F11C02DA
:109FF000BE6103F1100C154618685968144603C475
:10A00000083363452246F7D1BD601D4DF3F7DAFEF4
:10A010000FCD07F12C040FC42B6823600125009598
:10A020003B1D022207F10C0107F12C00F3F79AFD0A
:10A03000044660B110F1780F09D0124A0346294650
:10A04000114806F008FA20464437BD46F0BD6C467C
:10A0500088B002AA0D4BC2E905364FF40073938312
:10A060000B4B42F8103F084800234FF4E651EFF73E
:10A0700031F9A5460024E6E7F40B0020347E050004
:10A08000447E05002FBF0500847C050054BF0500F9
:10A090000300000108B5064A0648032106F0D2F97C
:10A0A000F3F790FEBDE808400348FFF783BF00BF09
:10A0B00074BF0500847C0500F40B002070B5124BC2
:10A0C0001D6886B00C46C5B1B1F5807F18D80F4E1B
:10A0D0000A46014630460DF090F9002118226846E4
:10A0E0000DF0B3F90A4BADF80C4069462846CDE9AE
:10A0F0000136F7F7B9F906B070BD6FF07F00FAE7E7
:10A100006FF01500F7E700BFC0490020A2620020F1
:10A11000488A050070B5114B1D6886B00C46BDB16C
:10A12000F02918D80E4E0A46014630460DF065F962
:10A130000021182268460DF088F90A4BADF80C4052
:10A1400069462846CDE90136F7F78EF906B070BDAD
:10A150006FF07F00FAE76FF01500F7E7C0490020C5
:10A16000B2610020848A050008B516480BF0D8FCBF
:10A1700038B91548154A012106F064F96FF012004C
:10A1800008BD10480BF0CCFC0028F2D00D480BF0B5
:10A19000C7FC0028EDD00E480CF07CFA0028EFDB5D
:10A1A0000C480CF077FA0028EADB0B480CF072FA46
:10A1B0000028E5DB0448094A032106F043F90020A2
:10A1C000DEE700BF84770500A47D05009DBF050084
:10A1D000BC8A0500B48A0500AC8A0500BEBF050034
:10A1E00038B50D460146094814460CF03FFA0028E0
:10A1F0000BDB074829460CF039FA002805DB054837
:10A2000021460CF033FA00EAE07038BDBC8A050044
:10A21000B48A0500AC8A050010B5194C19482060B5
:10A220000BF07EFC40B9184A1848012106F00AF9E3
:10A230006FF01204204610BD154B164818600BF045
:10A240006FFC08B9144AEFE7206802698168136857
:10A2500023F4806313600B684FF420220A2198478F
:10A26000041E06DA0D4A09482346012106F0F3F8D8
:10A27000E0E70B4A0548032106F0E4F80024D9E79B
:10A28000C849002064770500EEBF05005C7D05002D
:10A29000C4490020E478050014C005002AC0050068
:10A2A00055C0050070B52A4B186800284CD0294DC0
:10A2B0002B68002B48D003691B685B0583684FF44B
:10A2C000806154BFDB681B6998470028044606DAA2
:10A2D000214A2248012106F0B5F8204670BD204CE5
:10A2E00000214FF424700BF0CEFF01262868666130
:10A2F000836821461B689847031E14DA194A1748D9
:10A30000022106F0A8F828680023636183682146CB
:10A310001B689847041E06DA134A23460F4801219A
:10A3200006F099F8D9E72868836801215B689847A7
:10A33000041E02DA0D4A2346F0E70D4A07480321BE
:10A3400006F080F80024C8E76FF01504C5E700BFE9
:10A35000C8490020C449002080C005005C7D05007C
:10A36000E40A0020A2C00500E2C0050008C1050003
:10A3700032C1050010B50C4B186890B183680021FC
:10A380005B689847041E05DA084A094823460121FC
:10A3900006F061F8074A0648032106F053F8204604
:10A3A00010BD0446F6E700BFC449002060C10500A7
:10A3B0005C7D050089C105007FB5124B0546186814
:10A3C0000C46E0B1DDB1D1B18368642200929E6891
:10A3D00002AA03AB0021B04700280EDB039B029EBC
:10A3E00062009A4228BF1A46314628460DF005F809
:10A3F000054831460BF035FC002004B070BD6FF00D
:10A400001500FAE7C4490020E40C002001680E4A58
:10A410009142034615D1C169A2F11022A2F1EF12B7
:10A4200091420ED18268012A0BD8C26812B101692B
:10A430008A4206D0586928B19B691B1A5842584174
:10A4400070470120704700BF55AA00FF70B50D4B43
:10A450009E68A6B13046FFF7D9FF044678B9F36885
:10A460006BB935690DB9204670BD2846FFF7CEFFA0
:10A4700028B9EB68B34202D12E462D69F2E70124D8
:10A48000F1E700BFCC4900202DE9F041444B454C99
:10A490001B68054620468846984718B10024204688
:10A4A000BDE8F081A4F1140754F8144CFB68DCB14A
:10A4B000BC68CCB1002D66D0B8F1000F65D008FBA8
:10A4C00005F6B6FBF5F5A84561D1311D5FD8B20799
:10A4D00011D026F0030204321C4603E06168914269
:10A4E00057D2A469002CF9D12F4B2E481B689847EE
:10A4F0000028D4D0D2E73246EEE7891A232904F1A6
:10A5000020051CD80123A360D4E90523AAB19361D7
:10A51000A3690BB162695A610023C4E905333B6941
:10A52000DB0703D5FFF792FF002835D13246002123
:10A5300028462C460CF089FFD6E7FB60E8E702F1DD
:10A54000200C04EB0C032039C3E90110DC60174830
:10A550002169196144F80C00A0F11020A0F1EF105E
:10A56000D86101B1CB6061695961A069986141B15D
:10A570008B61996901B14B610121C4E9012123611A
:10A58000CAE7FB60F5E72C46AEE74446ACE7044675
:10A59000AAE7A0680028B0D0012004F029F900BF84
:10A5A000280B0020E0490020240B002055AA00FFC2
:10A5B00070B5464B464C1B68054620469847002818
:10A5C00040F08280002D43D054F8143CA4F11406CE
:10A5D000002B3DD0B268002A3AD09D4203D3726866
:10A5E00013449D4202D3012004F002F9A5F1200496
:10A5F0002046FFF70BFF0028F5D155F8183C012B3A
:10A60000F1D155F8143C45F8180C3BB39A682ABBB5
:10A6100055F81C2C02F120015A680A445A6055E989
:10A6200005321A6155F8145C2B6903B1DD602022F4
:10A63000002120460CF009FF286910B18368002B27
:10A640002ED033699B0703D5FFF700FF0028CAD13E
:10A65000204B1F481B68BDE87040184755F8100C88
:10A6600000282AD0836843BB4268636813442033C0
:10A67000636003692361D4E905239AB9CBB94369BF
:10A6800063618269A261B3B19C61A36903B15C613A
:10A69000236903B1DC60202200210CF0D6FED0E754
:10A6A0002C46E1E79361A369002BE8D062695A6107
:10A6B000E5E7F360F7E7F460E7E7F36845F8083C9F
:10A6C00003B15C61F460BCE770BD00BF280B0020E3
:10A6D000E0490020240B002038B51C220C4605461A
:10A6E000002115480CF0B1FE144B15481B68984723
:10A6F0001449154800F038F8232C1CD915F0030331
:10A700001FBF043CE418C3F10403ED1822460021E6
:10A7100028460CF09AFE084B0C499D60C3E9005492
:10A72000203C6C609A6811609A68DA60A1F110218F
:10A73000A1F1EF11D16138BDCC4900202C0B0020D4
:10A74000E0490020B1A5040089A4040055AA00FF37
:10A75000014B1B68184700BF1C0B0020014B1B68F6
:10A76000184700BF180B0020024B1860024B002056
:10A77000196070471C0B0020180B002010B50A460A
:10A78000044619B1024B00211B68984710BD00BF59
:10A79000200B0020F8B50D4E0D4C0E4D33680E48C1
:10A7A000984767782B680C48984733680B48984758
:10A7B000022F08D12478E31F5C425C412B680748D4
:10A7C00098472046F8BD0024F8E700BF280B00207A
:10A7D000E8490020240B0020200600202806002045
:10A7E0000E4B0340B3F1607F06D1B1F5885F14BF13
:10A7F0006FF0860000207047B3F1707F0BD101F439
:10A80000E043B3F5005F06D111F4E06F0CBF6FF0C9
:10A810008600002070476FF0860070470000C07F00
:10A820008A4270B506460D4600F0ED80784922F464
:10A83000FF7323F001038B4213D022F0FF0001F5D8
:10A84000885188420DD0734C22F47F7121F00301AE
:10A85000A14206D07049884203D001F574518B4261
:10A860002CD16E4B25F0FF0199420FD115F0FF005E
:10A870000BD06B4B40F00070984240F0C68082EAEB
:10A880000500FF288CBF0020012070BD654B994258
:10A89000ECD0A3F588539942E8D025F4FF7323F058
:10A8A0000103B3F1062FE1D05B488142DED05E495F
:10A8B0008B42DBD0A1F584418B42D7D005F0FE431B
:10A8C000B3F1A06F13D102F0FE43B3F1A06F40F0DB
:10A8D000888082EA050333F47E1340F082802E04E0
:10A8E0007FD5C5F30540C2F305429042CAE74F4900
:10A8F0008D420BD14E4B9A4200F085804D4B22F495
:10A900007E10984214BF00200120BEE7B3F1407FC3
:10A9100067D102F0FE43B3F1407F62D182EA0500C5
:10A9200030F47E145DD131462846FFF759FF0028E8
:10A930006BD1414B12F47C1103EA020318D0B3F13E
:10A94000607FC2F305413DD13C48D3B243F0007370
:10A9500083423BD003F17E43043B112B01D838489E
:10A96000C45C15F47C1FC5F3054331D18C42C9E7A3
:10A97000B3F1607F0DD13148D3B243F0007383420D
:10A980001ED003F17E43043B112BDDD82D49C95C59
:10A99000DAE7B3F1707FE4D106F4E043B3F5005F8A
:10A9A00003D1C6F302230121994006F4E043B3F535
:10A9B000005FD6D1C6F30226012000FA06F4D0E7E4
:10A9C0001021C1E7B3F1707FCBD1EEE71024C8E7C7
:10A9D00012F47C1F01D1A34215D02C0401D58B4267
:10A9E00050E725F0004323F47F03B3F1106F0CD13F
:10A9F00002F0FE43B3F1106F07D11348104040F04E
:10AA00001060A8427EE701203FE700203DE700BF3D
:10AA1000000200060004000600090006000300060C
:10AA2000FF00000200130006004600060093C00469
:10AA30000013C004000140050000C07F03000002B5
:10AA4000B1C10500B1C105000000FFF62DE9F843D2
:10AA5000884617461C4600F013FC054688BBD8F80C
:10AA60000060B6F8009009F4E043B3F5804FB36896
:10AA700008BF27F0010737EA03031AD10CB3274BAD
:10AA800024F0FF029A421FD114F0FF0304D0244A9D
:10AA900043F00073934236D0F16822464846FFF7F0
:10AAA000BFFE074668B9316922464846FFF7B8FE3F
:10AAB00090BB6FF084050023C8F80030304600F0EA
:10AAC00013FC2846BDE8F883164B9A42DCD0A3F568
:10AAD00088539A42D8D024F4FF7323F00103B3F1D2
:10AAE000062FD1D010498A42CED0104A9342CBD003
:10AAF000A2F584429342C7D004F0FE43B3F1407FF5
:10AB000004D12304C8D56FF08605D4E7B3F1A06F54
:10AB1000F7D0034B9C42BEE73D46D2E70003000658
:10AB2000FF000002001300060009000600460006B0
:10AB300070B5114B05461B6810480E4698470446F1
:10AB400018B16FF08F04204670BD6B6933602B7FA6
:10AB5000012B04BF02232B77094B18BF30601B6801
:10AB6000064818BF6FF0960498470028EBD0002CD9
:10AB7000E7D06FF09604E6E7280B002030060020AF
:10AB8000240B002038B500F0FE43B3F1407F0446AB
:10AB90000D4602D06FF0860038BDFFF721FE002879
:10ABA000FAD114F47C1F12D0C4F30543032B1370A5
:10ABB00022D9284A2240B2F1607F3DD1264AE4B230
:10ABC00044F0007494422BD1102BE5D9E2E7214BDD
:10ABD0002340B3F1607F15D11F49E3B243F0007306
:10ABE0008B4202D110231370D6E703F17E43043B5E
:10ABF000112B04D9002313706FF08500CCE717499F
:10AC0000CB5CD3E7B3F1707FF4D101F4E043B3F54B
:10AC1000005FEFD1C1F3022101238B40DBB2C5E716
:10AC200004F17E44043C112CB4D80D4A125D9342C9
:10AC3000B0D8142BB0D9DFE7B2F1707FAAD105F4F8
:10AC4000E042B2F5005FA5D1C5F302250122AA407A
:10AC5000EDE700BF0000C07F03000002B1C10500A6
:10AC6000B1C105002DE9F341002313604768D0F816
:10AC7000148004460E46384611460CF0C8F80546C6
:10AC800088B938460CF0C5F8054660B9FFB277B907
:10AC9000B8F1000F05D1A36823F0031323F47F4319
:10ACA00063B16FF08605284602B0BDE8F0816069A7
:10ACB00001210CF086F80028EDD1F2E762884FF60A
:10ACC000F8739A4227D8154B15481B68277998477F
:10ACD00010B16FF08F05E6E707B901A8314600F023
:10ACE00087FA104B05461B680D48984710B1002D98
:10ACF000D9D1EEE7002DD6D10FCCD6F800C06646EC
:10AD00000FC694E8070086E80700002FCBD1019B0F
:10AD1000CCF81430C7E76FF08505C4E7280B002096
:10AD200030060020240B002010B5044660B1074B0C
:10AD300007481B68984720460BF0F2FD054B044876
:10AD40001B68BDE81040184710BD00BF280B00204D
:10AD500030060020240B002037B50446C0B101A9FD
:10AD600000F08EFA044698B9194B1A481B681A4D20
:10AD70009847F0B90198037F032B11D10CF032F8FA
:10AD80002B6804461348984728B10CB96FF08F041C
:10AD9000204603B030BD002C08BF6FF08704F7E7F2
:10ADA000022B12D1032303770379FF2B08BF6FF027
:10ADB000840401980CF016F82B68002818BF04468C
:10ADC000044898470028E3D0DFE76FF09604F0E7E7
:10ADD000280B002030060020240B00202DE9F04134
:10ADE0001F4688B01646002203880796CDE9042244
:10ADF000054688463A60002E62D0B6F1005F80F0CA
:10AE00009E8023F0FF03B3F5E24F02D0B3F5824FEB
:10AE100022D128460BF065FC0446002840F08380D0
:10AE2000EB686BB16A885AB12B8803F44F41B1F5D6
:10AE3000824F05D1DBB2222B37D02DD8122B39D03F
:10AE4000424608EB0601002312F8010B914243EA47
:10AE50000003F9D1002B33D005AA04A92846FFF737
:10AE600001FF0446A0B9049B9B6A63B3049B5A8804
:10AE7000069206AA029203F1280201929A6A0092AF
:10AE80005B6A3246414628460BF0F5FF044678B32C
:10AE90000498FFF749FF46E0273BDBB21B2BCFD8D6
:10AEA000284921FA03F3DB07CAD50732B6EBD20FE4
:10AEB000C6D205E040F209239A42F6D1402EBFD80F
:10AEC0006FF086042FE06B681B0A07D1079904987E
:10AED0000BF0E6FC04460028C8D0D9E707AB3246A1
:10AEE000414628460BF09FFF04460028EED0CFE7EE
:10AEF0000499069B4A88D2B94B80069A04984FF66B
:10AF0000F8739A4218D82B8813B102889A4210D14C
:10AF10006B8813B142889A420BD13946FFF708FE7D
:10AF200004460028B4D1204608B0BDE8F0819A421A
:10AF3000E3D06FF08604ABE76FF08504A8E76FF00D
:10AF40008504F0E70102000C38B504460D46FFF712
:10AF500021FC30B12A4621460348BDE838400CF0B8
:10AF60003CB86FF0880038BDEC49002070B51D4E2C
:10AF70001D4C33681D4898472378590744BF23F078
:10AF80000403237023789A0705D500F017F9237876
:10AF900023F002032370164D14482B68984733683A
:10AFA00014489847637813B113480CF027F800232E
:10AFB000042111486370FFF7E1FB2B680D489847A7
:10AFC00033680A4898472378DB0705D50BF02AFF3A
:10AFD000237823F0010323702B680448BDE87040F8
:10AFE000184700BF280B0020E84900202806002051
:10AFF000240B002020060020EC4900202DE9F04120
:10B00000FFF7C8FB18B100242046BDE8F081364F99
:10B0100036483B689847044620B16FF08F04FFF72D
:10B02000A5FFF1E7324D2B78D80706D40BF0F8FED8
:10B030002B7843F0010304462B702E4E2B483368C7
:10B04000984710B1002CE8D0E9E7002CE7D13B6825
:10B050002648984704460028DFD12B78990706D464
:10B0600000F0A4F82B7843F0020304462B703368F9
:10B070001E4898470028E5D1002CD0D13B681B48DA
:10B0800098470028C9D13368184895F80080984738
:10B090000028C2D13B681848984704460028BCD114
:10B0A0006B7843B918F0010F05D014480BF093FFEB
:10B0B000022304466B7033680F4898470028C1D1BB
:10B0C000002CACD13B68094898470028A5D12B78C3
:10B0D00006485A075CBF43F004032B703368984757
:10B0E000002890D099E700BF280B002028060020F8
:10B0F000E8490020240B002020060020EC49002015
:10B1000038B5074C074B20461B689847064B93F809
:10B110008055064B20461B689847284638BD00BF1F
:10B1200028060020280B0020F0490020240B0020D6
:10B1300000F140421F2A38B504460D460CD81A4B80
:10B140002C2101FB02331A7F022A02D15A69824262
:10B1500018D06FF08B001FE001210BF032FEE0B140
:10B16000114A00201346117F022902D15169A142E0
:10B1700005D00130202802F12C02F4D1E9E72C227D
:10B1800002FB00331A7F022A0AD11A6A511C07D027
:10B1900001321A6200202B6038BD6FF08700FBE798
:10B1A0006FF09600F8E700BFF0490020024B012243
:10B1B00083F8802500207047F04900202DE9F041F8
:10B1C0000A4C002526464FF001080327C4F82080CA
:10B1D0002777204601350BF0A3FB202D04F12C042A
:10B1E000F4D1002386F88035BDE8F081F0490020D5
:10B1F000F8B506460F46FFF783FF002835D01E4BF3
:10B20000002422461D46197FF9B13CB9022905D117
:10B21000196A19B91979002918BF1C460132202A68
:10B2200003F12C03EFD114B96FF08C000BE0237FF6
:10B23000022B04D1236A5A1C1CBF0133236220460F
:10B240000BF06EFB10B100240DE01C46237F7BB990
:10B250000123237736B1094B651BAD105D4305F122
:10B260008045356000203C60F8BD6FF08800EAE75B
:10B270006FF09600E7E700BFF0490020A38B2EBADD
:10B28000002370B50B6004460D46FFF739FF08B385
:10B29000124B13481B689847064618B16FF08F048D
:10B2A000204670BD20462946FFF742FF10F18C0F63
:10B2B0000C4B044607D01B68094898470028EFD07C
:10B2C000002CEDD1EAE72E601B68054898476FF027
:10B2D0008704E5E76FF08804E2E700BF280B002051
:10B2E00030060020240B002010B50B4B04461B68D1
:10B2F0000A48984718B16FF08F04204610BD2046C9
:10B300000BF070FD064B04461B6804489847002864
:10B31000F3D0002CF1D1EEE7280B002030060020FE
:10B32000240B002070B40A4E4568DCB244F000746F
:10B33000B4424FEA152503D035B970BC00F0A4B86B
:10B340006FF0850070BC70476FF08600FAE700BFB1
:10B3500005000002F7B5089E0D4FF5B2044645F012
:10B3600000754868BD424FEA10200AD060B90096C7
:10B3700004F1080000F054F808B91C23236003B05E
:10B38000F0BD6FF08500FAE76FF08600F7E700BFC9
:10B3900005000002F7B5089E0D4FF5B2044645F0D2
:10B3A00000754868BD424FEA10200AD060B9009687
:10B3B00004F108000BF020FF08B91C23236003B040
:10B3C000F0BD6FF08500FAE76FF08600F7E700BF89
:10B3D000050000027FB50024C0F848410F4C0094DE
:10B3E00005460BF09EFD044698B903AB102205F507
:10B3F0009C7601930092334605F5947128460BF034
:10B40000A3FD044628B930460BF024FE204604B0C4
:10B4100070BD28460BF0A4FDF8E700BF00444004CF
:10B420002DE9F0411E46069B1746154A23F47E136C
:10B43000934204460D461BD10B88B3F5105F17D11C
:10B44000A6F11002102A17D80E4BD340DB0713D5F4
:10B450004FF4A67200210BF0F8FF022384F84C3160
:10B460003A46334629462046BDE8F041FFF7B2BFD1
:10B470006FF08500BDE8F0816FF08600FAE700BF4D
:10B480000002C003010101002DE9F04323F47E1600
:10B49000124BDDF82C909E42DDE9077CDDE909E8DE
:10B4A00015D10388B3F5105F11D1A2F11004102C4F
:10B4B00011D80B4D25FA04F4E3070CD5CDE9098921
:10B4C000CDE907CE3B46BDE8F0430BF06CBE6FF014
:10B4D0008500BDE8F0836FF08600FAE70002C00344
:10B4E0000101010073B50C4611461A462388069ED9
:10B4F000B3F5105F054619D1A2F11004102C12D833
:10B500000C4BE340DB070ED50B4B9E420ED10024C3
:10B510000094234600F06CF885F81C41C5F81861CA
:10B52000204602B070BD6FF08600FAE76FF085002C
:10B53000F7E700BF01010100004440042DE9F0419C
:10B5400016461F46D0F818210E4B9A4205468846EB
:10B5500011D1314600F06CF8069B984204460DD894
:10B56000334628464246394600F070F8079B0020D3
:10B570001C60BDE8F0816FF08500FAE76FF089008C
:10B58000F7E700BF0044400470B5184E049C45889E
:10B59000B34202D06FF0850070BDEE1DB2EBD60F46
:10B5A0004FEAD60302D06FF08600F5E7079A934280
:10B5B00018D8089A1360008847F212129042E9D115
:10B5C000059A5B0001339342EDD12378042BEAD135
:10B5D000B5F5807FDED10698621C00F067F900287F
:10B5E000DAD0E0E76FF08900D6E700BF000002097B
:10B5F000F8B5069F04461D4661B11646AFB9DBF7A4
:10B600007FFF002384F8116184F8103184F81271EF
:10B6100084F8133145B11022294604F1F0000BF0F3
:10B62000ECFE012384F81331F8BDDCF7FDF8E8E700
:10B6300051B190F8103190F812210B4402F0010240
:10B640009B1A23F00F007047084670472DE9F04F12
:10B65000044687B090F8120194F810910090002BE6
:10B6600055D0924600F00108C9F110021E4608EBC1
:10B670000203B34204F5807700F2C4800D46002A2D
:10B6800040F0B380009B002B6AD194F8133104F191
:10B69000F009C846002B40F0C18094F811312246D1
:10B6A00039464846DBF7D8FD0F2E40F2CE80A6F192
:10B6B000100323F00F031033019305EB030BD04667
:10B6C00094F813C1102341464A463846BCF1000F96
:10B6D00020D0DCF7DBFA1022494628460BF08DFE1D
:10B6E000103594F81131224639464846DBF7B4FD4F
:10B6F0005D4508F11008E3D116F00F0621D184F85A
:10B700001061C8461022414658460BF076FE07B03D
:10B71000BDE8F08F10220BF070FE1022494628463B
:10B720000BF06BFE103594F811312246394648462D
:10B73000DBF792FDAB4508F11008C1D116F00F06FA
:10B74000DDD0019B9A445146384632460BF055FEF7
:10B75000009B84F81061002B7DD00DF10808D1E723
:10B7600094F811312246394602A8DBF70BFF94F812
:10B770001331002B5BD1B8F1000F0CBF4FF0100953
:10B780004FF011094E4529D304F1F00801E04E4570
:10B7900024D351461022384692440BF02EFE10223C
:10B7A00002A928460BF029FE94F8113122463946A9
:10B7B00002A8DBF7E7FE94F81331103E1035002B9A
:10B7C000E5D002A9084642461023DCF75FFA1022B2
:10B7D000394640460BF011FE4E45DAD22EBB84F8B6
:10B7E0001061AB460DF108088CE7514607EB0900E4
:10B7F00092440BF002FE009B103E4E44002B3FF49F
:10B8000044AFADE707EB0900514632460BF0F5FDBA
:10B81000B14484F8109107B0BDE8F08F10234A4678
:10B8200039463846DCF732FA37E7AB468BE702A9F0
:10B8300004F1F0094A4608461023DCF727FA484687
:10B84000102239460BF0D9FD95E7002EEDD184F892
:10B850001061AB4656E704F1F00952E700B589B034
:10B860000146684600F03CF809B05DF804FB00BFF3
:10B8700000B591B00146684600F06AF911B05DF874
:10B8800004FB00BF30B599B00546684600F028F8C3
:10B890006946044608A800F053FA08A9044328465C
:10B8A00000F08AF9204619B030BD00BF70B598B0DD
:10B8B00005466846164600F013F83146044608A8C7
:10B8C00000F046F908A96A460443084600F082F9E8
:10B8D00008A90443284600F06DF9204618B070BD51
:10B8E00070B50B68124E1BBAC3614B681BBA8361FB
:10B8F0008B681BBA4361CB681BBA03610B691BBA27
:10B90000C3604B691BBA83608B691BBA4360CB6908
:10B910001BBA3246036001460446DBF7A7FF3146F7
:10B92000054602462046DBF7C1FF681E70BD00BF1A
:10B93000C48A05002DE9F04188B00C46064602F1A4
:10B940002001684606F120079046DCF789FA6A462E
:10B9500069466846DCF7A6F969463846DCF780FA9E
:10B960003A463946384604F12005DCF79BF96A4629
:10B9700069466846DCF796F941462846DCF770FAD6
:10B980006A4641463046DCF753FA2A46294668465D
:10B99000DCF788F92A4669466846DCF783F9124ADB
:10B9A00069466846DCF77EF969462046DCF758FAB6
:10B9B000324621462046DCF7B3F93246214620467E
:10B9C000DCF7AEF9224631462846DCF7A9F96A468B
:10B9D00029462846DCF72CFA3A4629462846DCF761
:10B9E0009FF908B0BDE8F081A48B0500F0B599B0CF
:10B9F00004460D460A4601466846DCF791F9694659
:10BA00006846DCF72DFA6A46214608A805F12006AB
:10BA100004F12007DCF70CFA6A4629466846DCF791
:10BA200007FA3246394610A8DCF73CF93246394667
:10BA30003046DCF775F931462846DCF711FA6A46DC
:10BA400008A92046DCF72EF9224629462846DCF7CD
:10BA500067F96A4608A96846DCF762F96A4639461A
:10BA60003846DCF7E5F92A4608A96846DCF758F9B4
:10BA70006A4631463046DCF7DBF93A463146304615
:10BA8000DCF74EF910A96846DCF7EAF92246694668
:10BA90002046DCF745F908A922460846DCF740F9BC
:10BAA00010A908AA0846DCF7C3F93A4610A9384697
:10BAB000DCF736F919B0F0BD2DE9F04188B00C463D
:10BAC000054690460A4601466846DCF729F969466C
:10BAD0006846DCF7C5F96A462946284604F120067F
:10BAE000DCF7A6F905F120076A4621466846DCF72F
:10BAF0009FF9324639463046DCF712F93146204686
:10BB0000DCF7AEF92A4621462046DCF709F96A46F9
:10BB100021462046DCF704F96A4629464046DCF710
:10BB2000FFF8424639463846DCF782F92246294674
:10BB30006846DCF7F5F86A4631463046DCF778F9B6
:10BB40003A4631463046DCF7EBF808B0BDE8F08104
:10BB500070B500F1200690B00D46044600F014F9CF
:10BB600005F12001304600F00FF9214608A8DCF766
:10BB700077F908A908460D4ADCF794F808A9224687
:10BB80000846DCF755F908A9094A0846DCF78AF89F
:10BB900031466846DCF764F9202269460DEB020065
:10BBA000DCF752F8013810B070BD00BFA48B05005F
:10BBB000848B050000F002B938B504460D4600F04C
:10BBC000FDF805F1200104F12000BDE8384000F047
:10BBD000F5B800BF2DE9F0471346B8B0544A89467E
:10BBE0008046194610A8DBF741FE5249024610A8CC
:10BBF000DBF75CFE179E4E4900EAD6760746C6F193
:10BC0000010210A8DBF752FE179B4A466FEA030AAF
:10BC100028A918A8FFF78EFE4FEADA7A20A9CAF100
:10BC20000102084600F092F8C7F10107FE246A46B7
:10BC300018A928A8FFF740FF631138AA02EB830375
:10BC400004F01F0253F8A03CD340554603F0010A0C
:10BC50008AEA05052A4628A918A8DBF783FE2A46A2
:10BC600030A920A8DBF77EFE013C28A918A8FFF721
:10BC7000BDFE631CDBD1CAF1010220A908A800F0B7
:10BC800065F886EA0A066A4618A928A8FFF714FF8D
:10BC900028A9324618A8DBF765FE324630A920A84D
:10BCA000DBF760FE08A96A460846DCF7C1F808A978
:10BCB000084600F09DF808A908F1200409F12002C7
:10BCC0000846DCF7B5F820A908AA2046DCF7B0F84A
:10BCD00008AA18A96846DCF7ABF869466846DCF79D
:10BCE000BFF818AA694608A8DCF7A2F821466846FA
:10BCF000DCF7B6F808AA69461046DCF711F80E4AD8
:10BD000008A96846DCF70CF820462021DBF7B0FFD5
:10BD100008A9024644426846DBF724FE4046074A2B
:10BD20006946DCF785F83C43204638B0BDE8F0872B
:10BD3000048B0500248B0500848B0500E48A050034
:10BD40000A460149FFF746BF448B050070B588B02D
:10BD500004460D4616460021202268460BF075FB6E
:10BD6000002329462022204600930BF046FB2A465A
:10BD700069466846DBF7D4FF324669462046DBF762
:10BD8000F1FD08B070BD00BF0B681BBAC3614B6802
:10BD90001BBA83618B681BBA4361CB681BBA036112
:10BDA0000B691BBAC3604B691BBA83608B691BBAF2
:10BDB0004360CB691BBA0360704700BFCB691BBAF5
:10BDC00003608B691BBA43604B691BBA83600B69C4
:10BDD0001BBAC360CB681BBA03618B681BBA436193
:10BDE0004B681BBA83610B681BBAC361704700BF05
:10BDF00070B598B00D46064610A8DCF731F82A4613
:10BE000010A96846DCF714F8694610A8DCF728F892
:10BE100010A90846DCF724F86A4610A908A8DCF740
:10BE200007F808A910A8DCF71BF810A90846DCF7EA
:10BE300017F810A90846DCF713F810A90846DCF734
:10BE40000FF810A908AA0846DBF7F2FF10A9084668
:10BE5000DCF706F810A90846DCF702F810A96A46D4
:10BE600008A8DBF7E5FF052408A910A8DBF7F8FF11
:10BE700010A90846DBF7F4FF013C10A9F5D108AA88
:10BE80000846DBF7D5FF052410A90846DBF7E8FFD5
:10BE900010A90846DBF7E4FF013CF5D110A908AA78
:10BEA0000846DBF7C5FF10A908A8DBF7D9FF08A9EA
:10BEB0000846DBF7D5FF08A96A466846DBF7B8FFF6
:10BEC0001024694610A8DBF7CBFF10A90846DBF762
:10BED000C7FF013C10A9F5D12A460846DBF7A8FFA9
:10BEE000402410A90846DBF7BBFF10A90846DBF782
:10BEF000B7FF013CF5D110A96A460846DBF798FF69
:10BF0000102410A90846DBF7ABFF10A90846DBF7A1
:10BF1000A7FF013CF5D110A96A460846DBF788FF68
:10BF2000102410A90846DBF79BFF10A90846DBF791
:10BF300097FF013CF5D110A908AA0846DBF778FF66
:10BF40002A4610A93046DBF773FF18B070BD00BF5A
:10BF5000014B1B68184700BF4C0B0020014B9B682E
:10BF6000184700BF4C0B0020014BDB68184700BF8F
:10BF70004C0B002010B50C4C236813B10B4B1B6805
:10BF80002BB900F029FE30B9084B01221A600123B9
:10BF90002360002010BD0138062801D9044810BDD7
:10BFA000044B53F8200010BD784F0020744F002040
:10BFB000FE8FFFFFC48B0500BFF34F8F0549064B73
:10BFC000CA6802F4E0621343CB60BFF34F8F00BF37
:10BFD000FDE700BF00ED00E00400FA0510B4094BD6
:10BFE00009490A4C4FF0FE32C3F800244968C3F8EF
:10BFF0000424C3F80824C3F80C240023C4F8003533
:10C0000010BC084700B00250300B002000A00250C6
:10C01000D0E90012014BC3E900127047300B002039
:10C020002DE9F043134B144E002814BF04461C4660
:10C0300083B02368B34219D00D4620464FF4E07117
:10C0400004F10409174604F58E7800F0E9F8484633
:10C0500000F0ACFC404600F0DBFA084900972B46A4
:10C060004A46404600F0EAFA08B92660002003B0CC
:10C07000BDE8F0837C4F0020A5BCC95A35CA040036
:10C0800070B51D460C4B002818BF03460B481E68B0
:10C09000864282B00DD1002603F58E70009633469D
:10C0A000144600F017FB002818BF34462C6002B07D
:10C0B00070BD0348FBE700BF7C4F0020A5BCC95AF8
:10C0C000E88FFFFF10B5044650B1636813F0685F56
:10C0D00005D0064A934202D000232360626010BD5F
:10C0E000034B04485B689847EFE700BF2C5F5CA9EF
:10C0F000300B0020E08B0500C8B143680D4A934225
:10C1000013D013F0685F0ED0012350E8002F1946BA
:10C1100040E8001C9CF0000FF7D1012AF5D0BFF3D6
:10C120005F8F0020704704487047044870476FF4E1
:10C13000E04070472C5F5CA9E98FFFFFEA8FFFFFAB
:10C1400080B14368094A93420AD013F0685F05D072
:10C15000BFF35F8F002303601846704704487047A1
:10C16000044870476FF4E040704700BF2C5F5CA943
:10C17000E98FFFFFEA8FFFFF10B5044620B1044BA3
:10C1800063600022226010BD0248FFF727FFF6E738
:10C190003A00003A088C050070B5D0E90023174C2E
:10C1A000174D6360D0E90230C4E90230226048686C
:10C1B000D1F800C0134BC3E900C0D5F81801D1F87D
:10C1C00008C0C3F808C010F0685FD1F80CC0096956
:10C1D000C3F80CC0196110D00B49C5F8BC1100237D
:10C1E000C5E9453105F58A70C5F8B831904723682F
:10C1F00005F5DC70BDE87040184770BD4C0B0020A1
:10C200007C4F0020380B00202C5F5CA938B131B185
:10C21000014400220346013081421A70FAD170476E
:10C2200038B131B1014400220346013088421A700E
:10C23000FAD170472DE9F04FB2F5C07FB5B000F2EA
:10C24000D780DFF8B49114460D464FF4D072002128
:10C250000DF15C08074648460BF0F7F8404601F040
:10C260003FF9002309F11806A9F8103063BA2946EE
:10C270002246A9F812303046202389F817300BF0F7
:10C28000BCF85E4B079303F104338022089303F15B
:10C2900004330993325503F1043307A940460A9346
:10C2A00001F034F9824600287FD104F119030BAE66
:10C2B0000FAC02930397019604940198DFF840B104
:10C2C000102200210BF0C1F8DDF808A005940E9BA8
:10C2D0005BF8044C5BF80C7C0B995BF8100C5BF87A
:10C2E000085CDDE90C625C40019B7E40554081EAC0
:10C2F00000071A4601214046CDE90B76CDE90D54E1
:10C3000001F01EF9BAF1100F94BFAAEB0A0AAAF1C4
:10C31000100A0BF1100B002865D1BAF1000FD6D12D
:10C32000059C0199204610220BF067F899F803301C
:10C3300010340133A04589F80330BED1049C039F1B
:10C34000019E80222146404601F0E0F8824670BB03
:10C3500007F120093D4613AB1A460121404601F082
:10C36000EFF81022824613A928461544BAF1000FAF
:10C370001DD10BF042F84D45EDD1404601F0C0F81B
:10C380001D484FF4D071FFF74BFF20462021FFF7E7
:10C3900047FF07A81021FFF743FF30461021FFF7A2
:10C3A0003FFF504635B0BDE8F08F0FAC0BAE4046B6
:10C3B00001F0A6F810484FF4D071FFF731FF204686
:10C3C0002021FFF72DFF07A81021FFF729FF1021DB
:10C3D0003046FFF725FF20213846FFF721FF504662
:10C3E00035B0BDE8F08F039F019E049C8246DEE7D6
:10C3F0006FF0370AF3E700BF4C5100200001020341
:10C400005C5100202DE9F04188B004460D46202201
:10C41000002168460BF019F804F120066F46E27B14
:10C420000132D2B2E273002A4DD1A27B0132D2B2E4
:10C43000A273002A47D1637B0133DBB26373002B05
:10C4400041D1237B0133DBB22373002B3BD1E37A51
:10C450000133DBB2E372002B35D1A37A0133DBB2B7
:10C46000A372002B2FD1637A0133DBB2637253BB0B
:10C47000237A0133DBB223722BBBE3790133DBB2C6
:10C48000E37103BBA3790133DBB2A371DBB9637939
:10C490000133DBB26371B3B923790133DBB22371AA
:10C4A0008BB9E3780133DBB2E37063B9A37801336E
:10C4B000DBB2A3703BB963780133DBB2637013B9AD
:10C4C0002378013323703B4622460121304601F098
:10C4D00037F8804650BB103708AB9F429FD1029A75
:10C4E000AB68039F0799534002933046EE68009B68
:10C4F0007E400396049F2E697E4004966E69059FD8
:10C500007E400596069FAE697E400696EE697140B4
:10C51000079129684B40009301996B6880224B403A
:10C520006946019300F0F2FF804638B16846202149
:10C53000FFF776FE404608B0BDE8F08110220DEB13
:10C54000020120460AF059FFF0E700BF2DE9F84349
:10C5500004468069B0F5C07F52D81D46C0F5C0734F
:10C56000AB424DD3C5F5C0731B1A9342164647D351
:10C57000DFF898904FF4C0720F46484600210AF049
:10C5800064FFD4F89430A269D4F8980049469847DB
:10C59000002838D1D4F818803DB1D4E925302A4696
:10C5A00009EB0801984770BBA84407B1C6B9174901
:10C5B00042460846FFF73EFE054638B113484FF4A1
:10C5C000C071FFF72DFE2846BDE8F8830F492046CD
:10C5D000FFF718FF05460028F0D101232361EDE79E
:10C5E00009EB0800394632460AF007FF0749B04414
:10C5F00042460846FFF71EFE05460028DED1E5E765
:10C600006FF03705DFE76FF03305DCE7EC52002011
:10C6100010B5A422044600210AF017FF064B4FF084
:10C62000FF314FF6F0722161E26104F19C001B685A
:10C63000BDE81040184700BF2C0B00202DE9F04347
:10C6400085B005460F4616460021102268469946D9
:10C650000AF0FBFE1D4B05F19C081B6840469847FD
:10C6600020B10446204605B0BDE8F08305F1200462
:10C67000204600F035FFAA69C5E925762E69E2B9A2
:10C680002022002EAA611FDB20466946802200F08E
:10C690003DFF044630B90C9A334649462846FFF719
:10C6A00055FF04460A4B40461B689847002818BFB0
:10C6B0000446204605B0BDE8F083002EE4DA172AD0
:10C6C00002D801325608DFE70026DDE7280B0020FC
:10C6D000240B00202DE9F04F8DB0B2F5806F169F2E
:10C6E00000F2E380B7F5807F00F2DC800446154657
:10C6F0000E462022002104A898460AF0A6FE6C4BA4
:10C7000004F19C091B68484698478346002840F07E
:10C7100092802269E3699A4200F391806369002B59
:10C7200040F08D80002F40F0A980DFF888A16F468F
:10C73000002D00F0988004F120086F460EE0102DC7
:10C74000AB4628BF4FF0100B30465A4639460AF028
:10C7500054FEB5EB0B055E4400F08580E37B0133AE
:10C76000DBB2E373002B4DD1A37B0133DBB2A373A8
:10C77000002B47D1637B0133DBB26373002B41D1C4
:10C78000237B0133DBB22373002B3BD1E37A0133EC
:10C79000DBB2E372002B35D1A37A0133DBB2A37293
:10C7A000002B2FD1637A0133DBB2637253BB237A40
:10C7B0000133DBB223722BBBE3790133DBB2E371CC
:10C7C00003BBA3790133DBB2A371DBB96379013316
:10C7D000DBB26371B3B923790133DBB223718BB957
:10C7E000E3780133DBB2E37063B9A3780133DBB2E2
:10C7F000A3703BB963780133DBB2637013B923785C
:10C80000013323703B4622460121404600F098FE4A
:10C810008346002893D0DAF8003048469847202114
:10C82000034604A8002B18BF9B46FFF7F9FC102114
:10C830003846FFF7F5FC58460DB0BDE8F08F3A4694
:10C84000414600232046FFF781FEDFF868A000285C
:10C850003FF46DAFDAF80030484698478346002829
:10C860003FF465AFE7E704A92046FFF7CBFD834619
:10C870000028D0D1236901332361CCE73A464146F1
:10C8800004A8FFF7D7FC834618B1DFF828A06F464D
:10C89000C1E704A92046FFF7B5FD834600283FF411
:10C8A00044AFF2E76FF0370BC5E76FF0350BC2E727
:10C8B000280B0020240B00202DE9F043202B8BB007
:10C8C0001D4606468846914626D8DBB202AF8DF853
:10C8D0000480B0468DF8053058F8041B21B9404655
:10C8E00000F072FE044640B901233360022201A920
:10C8F000404600F07DFE044638B138462021FFF75F
:10C900008FFC20460BB0BDE8F0832A4649464046DE
:10C9100000F06EFE0446F0E702AF19461046002311
:10C920003A4600F0EBFF04460028E6D12023B94642
:10C930001D46CCE7F0B5D0F8F830A7B0002BD8BF33
:10C9400002AE2CDDD0F80C410546002302AE019367
:10C95000A4F10107D0F80001D5F8FC4001AB90220A
:10C960003146A047B7FA87F77F09044610B9019B03
:10C970003BB9A7B130469021FFF752FC204627B0C3
:10C98000F0BD014632462846FFF796FF50B9D5F86C
:10C990000431019A1344C5F80431002FEAD16FF035
:10C9A0003C04E7E70446204627B0F0BD70B50025FB
:10C9B000044604F5887614222946C0F8F850FC3065
:10C9C0000AF043FD0822294630460AF03EFD154B89
:10C9D00030461B689847204640F8045B00F0DAFDBB
:10C9E000114B30461B689847D8B9D4F8F830AB42A1
:10C9F00011DC03EB830204EB82022021C2F8081150
:10CA00000121C2F80C1101330849C2F80001C2F833
:10CA1000FC10C4F8F830064B30461B68BDE8704087
:10CA2000184770BD2C0B0020280B0020E5D3040014
:10CA3000240B00202DE9F047202A88B079D83E4BFE
:10CA400000F588791B68044648461746884698478B
:10CA50000546F8B9D4F8F83040F20116002B64D03E
:10CA60002046FFF767FF054638B9D4F8F830002BA9
:10CA700014DC013EF2D16FF03B056E4620213046BA
:10CA8000FFF7CEFB2D4B48461B689847002818BF80
:10CA90006FF01D05284608B0BDE8F087D4E94132A3
:10CAA000934203D3D4F80C21012A02D0013ED7D1FE
:10CAB000E1E71F2BFAD96E4601462022304604F1E9
:10CAC000040A0AF0C2FC3146504600F0BBFD0546A0
:10CAD0000028D3D1504600F071FD504600F05AFDB9
:10CAE0002946504600F070FD05460028C6D1504644
:10CAF0002022314600F07CFD05460028BED10346C9
:10CB000032462021304600F0F9FE05460028B5D116
:10CB1000D4F8F830002BC4BF0023C4F804313A46DF
:10CB2000404631460AF069FCA8E76FF03F056E46C3
:10CB3000A4E76FF03B05ADE7280B0020240B002095
:10CB400030B58DB00021282202A801910AF07DFCA9
:10CB500002A800F0FBFE044610B120460DB030BD27
:10CB6000174D4FF0FF31286800F044F9044620B11A
:10CB70001448FFF733FA012C18D0002000F06AF9AE
:10CB8000D0B9114A02A901A800F01EFC04460120F8
:10CB900000F060F960B9286800F034F90028DCD0B2
:10CBA0000A48FFF71BFA20460DB030BD0524F2E716
:10CBB0000748FFF713FAEEE70648FFF70FFAE0E73A
:10CBC000800B00202C8C05006C540020848C050008
:10CBD000648C0500448C050030B583B000F05CF82F
:10CBE00028B100F0ABF80324204603B030BD00F0BC
:10CBF00077F8D8B900F02EF9E0B9224CD4F82839EA
:10CC00001B0EF02B0AD1D4F8242A1F4B9A4231D0A4
:10CC100000F044F8072400F091F8E5E700F03EF852
:10CC200000F08CF80624204603B030BD04242046D2
:10CC300003B030BD00F032F800F080F8FFF780FF5D
:10CC4000044698B9114D2B68002BCDD10246014600
:10CC5000FFF7E6F950B90E4901AB6822FFF710FA69
:10CC600020B90C4B2B60204603B030BD0524204674
:10CC700003B030BD012000F0EDF80028DAD1C4F88F
:10CC80000C0ADBE700B002500000E0208C560020C8
:10CC9000905600205AEA5A5A0020704700207047E8
:10CCA000430504D5044B4FF0FF32C3F80821024B73
:10CCB000C3F8080A704700BF00B00250014BC3F828
:10CCC000040A704700B0025008B100F06BB84FF48E
:10CCD0007500704708B100F04FB84FF47500704709
:10CCE00010B5114800F072F800B110BD0F4800F007
:10CCF0006DF80028F9D10E4C204600F067F80028A6
:10CD0000F3D10C4B0C481C6000F060F80146002881
:10CD1000EBD100F02DF8044608B1204610BD00F01C
:10CD20007BF82046FAE700BF900B00208C0B002018
:10CD3000880B0020800B0020840B002008B50848D9
:10CD400000F04EF8074800F04BF8074800F048F8AC
:10CD5000064800F045F8BDE8084000F00BB800BFF9
:10CD6000900B00208C0B0020880B0020840B0020EF
:10CD700000207047704700BF10B4094C0246D4F839
:10CD8000003A1342FBD021B1D4F804310B60C4F84F
:10CD90000831034BC3F8082A002010BC704700BFBD
:10CDA00000B00250044AD2F8003A1842FBD0C2F850
:10CDB000080A0020704700BF00B002500AF02BBBE9
:10CDC0000AF043BB0A4600210AF03FBB08B5034BFB
:10CDD00002681B6810689847002008BD4C0B0020B3
:10CDE00008B5034B02685B6810689847002008BDCF
:10CDF0004C0B0020024B02689B681068184700BF6C
:10CE00004C0B002008B5034B0268DB68106898479C
:10CE1000002008BD4C0B002070B5094C094D20695D
:10CE2000AB68984718B1084B08485B689847084AB0
:10CE3000EB68206900211160BDE87040184700BF11
:10CE4000380B00204C0B0020300B00209C8C050080
:10CE5000F8560020F8B51A4D1A4E0446B2682869F3
:10CE60009047E8B9184F3B684CB1A3B1012B19D0DA
:10CE7000013B3B602869F36898470020F8BD43B93F
:10CE8000124A0121C2F800151149D1F81029002ACF
:10CE9000FBD101333B60F368286998470020F8BD57
:10CEA0000C48F8BD0A4AD2F81039002BFBD1074ACA
:10CEB0006FF07E40C2F80035FFF700FF3B68D7E710
:10CEC000380B00204C0B0020F856002000A0025028
:10CED00000B00250E98FFFFF2DE9F047002878D01D
:10CEE0000C46002975D01D46002B72D007461AB19A
:10CEF000012200232A6003602B68002B64D029469E
:10CF0000204600F0DBFD804600285FD128682146DE
:10CF100000F0BAFD8046002858D12B68082B6CD051
:10CF2000042B6DD0A3F10209B9FA89F94FEA591916
:10CF3000354E0121C6F8C411C6F84011C6F8C41117
:10CF4000636AC6F83031D6F830219342F6D14FF0FB
:10CF5000000A4FF0FF30C6F82CA1FFF7A1FE6FF0DA
:10CF60001B03C6F800315046FFF7A8FEC6F80C9127
:10CF7000D6F8040A40F48060FFF7A0FE0A23C6F842
:10CF80003831089B012B29D02369204AA2FB0323B7
:10CF90001B09626A02FB03F303EB43031A4ADB0338
:10CFA0009B09C2F8D8310123C2F82C313B682A68AA
:10CFB00023F07F4343EA02633B602A6843EA02238B
:10CFC0003B604046BDE8F087DFF844804046BDE85E
:10CFD000F087DFF840804046BDE8F0874FF080538F
:10CFE000D3F80C2C013206D0D3F80C3C074AA2FB34
:10CFF00003231B09CDE71623CBE74FF0030997E77F
:10D000004FF0020994E700BF00B00250ABAAAAAAF1
:10D01000310CF100350CF10050B34B1EB3F5047F19
:10D0200026D24FF0000C30B5CD00E64664466309C9
:10D0300004F01F0150F823301F2923FA01F306D012
:10D0400003F001031CB901249E46A446EFE79E4568
:10D0500004F1010406D09E464FF0010CAC42E6D12B
:10D06000002030BD0CF1010C9445F7D1014830BDD2
:10D0700000487047360CF100C8B32DE9F0434C1E50
:10D08000B4F5047F1CD2DBB1D2B14FF0000ECF005B
:10D090007646F046754603F1FF396C0905F01F012D
:10D0A00050F824401F2924FA01FC0CD00CF0010C8C
:10D0B0004DB90126E0463546B646EEE7964218D908
:10D0C0000D48BDE8F08373450CD0C44508BF013658
:10D0D000F145F3D00EF1010E0135BD42DDD1002046
:10D0E000BDE8F0834FF0010EE0467646F4E70248D3
:10D0F00070479E46F0E700BF370CF1002DE9F04F76
:10D1000091B00D46DDE91B41824600296ED12869A8
:10D1100006901A981C6000230360002A00F02E81FC
:10D120009C4B6A6AD3F83811D3F830319A4269D1EE
:10D130000A2967D19AF80330089304F10803069985
:10D140000793954B934CA3FB01239B0803EB4303ED
:10D15000A1EB43030393042305931A9B069E1E60D1
:10D16000002E00F0E980002700F0B8FC0997BAF122
:10D17000000F00F0D580DDF81C804FF00109002D74
:10D1800000F0CE80089B002B3ED008A9284600F076
:10D1900095FC00283AD0814B984220D0089B082B60
:10D1A00000F0E4805B0000220893009208AB29465F
:10D1B0005046FFF791FE7A4B984200F0D38070B949
:10D1C000DAF80020130A03F47F03134323F07F43AC
:10D1D000CAF80030059B013B0593BED100200390A7
:10D1E00000F07CFC039811B0BDE8F08F4FF0805048
:10D1F000D0F80C6C013614BFD0F80C0C4FF404704E
:10D20000069086E76748EAE76548C4E70898294634
:10D2100000F03AFC0028BED1089B082B00F0A88043
:10D22000042B00F0A880A3F10203B3FA83F35B0997
:10D230000493C4F8C491C4F84091C4F8C4916B6AD3
:10D24000C4F83031D4F830219342F6D14FF0000BBE
:10D25000C4F82CB14FF0FF30FFF722FD6FF01B0335
:10D260005846C4F80031FFF729FD049BC4F80C317F
:10D27000D4F8040A40F48060FFF720FD0A23C4F8C4
:10D2800038312B69ABF1553BABFB03236A6A1B09B1
:10D2900002FB03F303EB4303DB039B09C4F8D83120
:10D2A000C4F82C91DAF80030089923F07F420B0281
:10D2B00043EA01631343CAF8003009A800F0D4FB25
:10D2C000099B03F01A0303437FF468AFABFB063BF3
:10D2D000D4F814310A93D4F818310B93D4F81C31D4
:10D2E0000C93D4F820310D93D4F824310E93D4F854
:10D2F00028310F93B7EB9B0F01D1039B93B94046A5
:10D3000018220AA9183EFFF759FD08F1180801373D
:10D3100096B100F0E3FB00230993002D7FF432AFB8
:10D32000214838E74046F61A1A460AA998440137B8
:10D33000FFF744FD002EECD1069F079E6A6939462F
:10D340003046FFF769FEAA6940B94FF48063394659
:10D350003046FFF791FE00283FF440AF1A9A0023B1
:10D36000136018E72B6A002B3FF439AF0F4836E7FC
:10D37000032304935DE7022304935AE7009108AB6B
:10D38000012229465046FFF7A7FD00283FF4D5AEFD
:10D3900025E700BF00B00250ABAAAAAA020CF10018
:10D3A000310CF100300CF100350CF100320CF100C1
:10D3B00010B4DDE901340194039C02940024039429
:10D3C00010BCFFF79BBE00BF10B586B005AB0124B3
:10D3D000CDE901240093002204ABFFF78FFE06B0D5
:10D3E00010BD00BFF0B587B0002966D01E46002BE7
:10D3F00063D01446002A60D0314F0D4638684FF094
:10D40000FF31FFF7F7FC00284DD10020FFF722FD88
:10D41000002844D12B4800F099FA0346D8B10120E6
:10D420004FF0FF35FFF716FD002834D126484FF4A2
:10D430000871FEF7EBFE25480421FEF7E7FE2148C0
:10D440002821FEF7E3FE3868FFF7DCFC00282ED128
:10D45000284607B0F0BD1C4A029205AA019204AA10
:10D4600003900092174919481A46FFF7A1FF034697
:10D470000028D4D128461D46059B04999C4222468B
:10D4800028BF1A4632600831FFF798FC0120FFF7E9
:10D49000E1FC0028CAD00E48FEF7A0FDC6E70D4803
:10D4A000FEF79CFDB6E70C48FEF798FDADE70B488C
:10D4B000FEF794FD284607B0F0BD4FF0FF35C7E7F3
:10D4C000800B00200057002028570020FC56002029
:10D4D000648C0500448C05002C8C0500BC8C050078
:10D4E00010B5044630B1002201236265A265E365F0
:10D4F000236610BD0148FEF771FDF4E7D48C0500EA
:10D5000018B174220021FFF75BBC704790B1A1B144
:10D5100010B5802A4FF00004846380F83C4006D1A7
:10D52000102204631044FFF749FC204610BD6FF041
:10D530001F0010BD6FF0210070476FF01F00704793
:10D5400028B322B31BB3012921D870B50446816BDF
:10D5500086B017D0012917D1102500210DEB050643
:10D56000616310460095019602AA294600F0C2FAAE
:10D5700050B92B46324602A9204600F043FD18B9A7
:10D5800006B070BD0029E7D06FF02100F8E76FF01A
:10D590002100704710B5044628B12046F421BDE8AB
:10D5A0001040FFF70FBC0448FEF718FD2046F42199
:10D5B000BDE81040FFF706BCE88C050010B1F4216F
:10D5C000FEF724BE704700BF08B521B1012908D07D
:10D5D0006FF0360008BD012100F058F80028F7D19F
:10D5E00008BD022100F052F80028F9D0F0E700BF92
:10D5F00030B505468818B0F5801FA1B00B4614461B
:10D6000001D8802A0CD9B3F5801F17D922461946B4
:10D61000284600F07DF8044684B9204621B030BD8C
:10D620006846FFF7CBFB22466946284600F070F8B3
:10D63000802104466846FFF7C5FBEDE76FF036042E
:10D64000EBE700BF70B5E8B10E46D9B1044600F073
:10D6500031F80546B0B92368012B0BD0022B01D05D
:10D66000284670BD1C2204F108013046FFF7A6FBD6
:10D67000284670BD202204F108013046FFF79EFBCA
:10D68000284670BD6FF03605EAE700BF78B138B5BF
:10D6900004460D46F021FFF795FB40232560E36526
:10D6A000204600F05BFA003818BF012038BD012089
:10D6B000704700BF70B5056EA4B0044604AEE5B96E
:10D6C0000122002362603046CDE9003302AA2946D8
:10D6D00000F010FA10B1012024B070BD2A4602A952
:10D6E000204600F063FA0028F5D1204600F074FBD4
:10D6F0000028F0D1206624B070BD802D2A4600F1AC
:10D70000640128BF80223046FFF758FB256ED7E71B
:10D71000002800F0AE802DE9F04F1446A5B0002A95
:10D720003DD00F46002949D0B2F5803F0546006E36
:10D7300020D34FF6FF7805F1640AEB6D1A1AB2FB9D
:10D74000F3F103FB1122002A65D18342B9464FF65B
:10D75000FF7672D0B6FBF3FB03FB0BFBBBF1000FB4
:10D7600030D1002E45D1A4F57F44FF3CB4F5803F75
:10D770004744E2D2EA6D161AB6FBF2F302FB1366D7
:10D78000A64228BF2646002E75D1824200F08D8029
:10D79000B4FBF2F602FB06F62EB9002C79D100207C
:10D7A00025B0BDE8F08F0023CDE9003302AA314651
:10D7B000384600F09FF9002800F09580012025B040
:10D7C000BDE8F08F0023CDE9003302AA5946484650
:10D7D00000F090F90028F1D102A95A46284600F03D
:10D7E000E5F90028EAD1A6EB0B06286ED944002EF5
:10D7F000B9D01930494605EB80003246FFF7DEFA12
:10D80000A4F57F44286EFF3C3044B4F5803F474484
:10D81000286692D2AEE7424528BF42465044394678
:10D820001646FFF7CBFA286EEB6D3044834207EBC8
:10D8300006092866A8EB06068CD1802B28BF80231A
:10D840001A46514604A8FFF7B9FA0023CDE9003380
:10D8500002AAE96D04A800F04DF90028AED1EA6DE6
:10D8600002A9284600F0A2F90028A7D1EB6D28668E
:10D8700070E70120704705F16403394632461844C9
:10D88000FFF79CFA286EEA6D3044A41B37442866E3
:10D890007BE72B6E193305EB830022463946FFF7F1
:10D8A0008DFA2B6E23442B6679E7802A28BF8022CD
:10D8B00005F1640104A8FFF781FA0023CDE90033E4
:10D8C00004A8E96D02AA00F015F900287FF476AFEC
:10D8D000EA6D02A9284600F069F900287FF46EAFCE
:10D8E000EA6D286654E702A93246284600F05EF940
:10D8F00000287FF463AF3744A41B4EE7F8B51C46FD
:10D90000054611480E461746FFF744FE21460E48CD
:10D91000FFF75AFE044620B10B48FFF74FFE2046A2
:10D92000F8BD094832462946FFF762FE0446002842
:10D93000F2D139460448FFF785FE04460248FFF756
:10D940003DFE2046F8BD00BF4859002030B583B0E9
:10D950001C2301A90546019300F032F8044638B9AA
:10D96000019B1C2B07D0144C1C212846FFF72AFAD8
:10D97000204603B030BDD5E90112131E18BF0123A4
:10D9800000392A6818BF01219B0043EA4103002A9D
:10D9900018BF43F00103EA680120E8612AB9C5E92C
:10D9A0000834002BE4D1054CDEE743F008032046A1
:10D9B000C5E9083403B030BD370CF0000E0CF000A0
:10D9C00018B111B10B681C2B01D0012070474FF02A
:10D9D0008053D3F8102C013214BFD3F8102C41F22D
:10D9E0005C224FF080530260D3F8142C013214BF34
:10D9F000D3F8142C41F664124FF080534260D3F8F0
:10DA0000182C013214BFD3F8182C40F6D8624FF00E
:10DA100080538260D3F81C2C013214BFD3F81C2C25
:10DA200041F288324FF08053C260D3F8002C0132AB
:10DA300014BFD3F8002C90224FF080530261D3F82A
:10DA4000042C013214BFD3F8042C51224FF0805320
:10DA50004261D3F8082C013214BFD3F8083C40F2DD
:10DA6000373383610020704708B501464FF480606A
:10DA7000FFF730F9034B0022C3F8C821C3F82C216B
:10DA800008BD00BF00B002500138072805D8DFE804
:10DA900000F0100E040A0404040607487047CB681F
:10DAA0004B62002070478B684B62002070474B68C8
:10DAB000F6E70B68F4E700BF310CF1000B6802E0F9
:10DAC000082B0B6006D8026A13424FEA4303F7D0D3
:10DAD0000020704700487047310CF100044B0022D1
:10DAE000C3F82C214FF48060C3F8C421FFF7D8B8E5
:10DAF00000B00250F0B583B01D46B0F1005F4FF0AA
:10DB000000038DF8073024D38C468444BCF1804F49
:10DB100004461ED817460DF10703012200F064FEEB
:10DB20000646B0B9099A9DF807303C603B7192B146
:10DB30004DB1024608990DF10703284600F054FE46
:10DB400038B99DF80730099A30461560137103B053
:10DB5000F0BD4FF47506304603B0F0BDD8B108B53E
:10DB60000368012B04D0022B0FD043B10B4808BD32
:10DB70000B4920220830FFF721F9002008BD094990
:10DB800014220830FFF71AF9F7E707492022083076
:10DB9000FFF714F9F1E74FF4730070470100F30049
:10DBA000F88C0500388D0500188D05002DE9F84327
:10DBB000002900F0F9800446002800F0F98003688D
:10DBC00090460F46002B00F0C380013B012B00F272
:10DBD000D78079484FF0FF314FF00209FFF70AF97B
:10DBE000002840F0BF800020FFF734F906460028E7
:10DBF00040F0C280714AD2F81C39002BFBD16F4D26
:10DC0000D5F8203C002BFBD14FF0FF30FFF748F850
:10DC1000D5F8040A20F04000FFF750F8012307224E
:10DC2000C5F81838C5F80029C5F8C437A36CC5F87D
:10DC3000CC37E36CC5F8D037C5F8C09723685BB123
:10DC4000013B012B18D8636AC5F85C36236AC5F816
:10DC50005836E369C5F85436584BA269C3F85026C4
:10DC60006269C3F84C262269C3F84826E268C3F803
:10DC70004426A268C3F84026504AD2F81039002B37
:10DC8000FBD1B8F1000F5FD06368012B08BFC2F869
:10DC900084364A4B3A68C3F8282C4020C3F82C8CB1
:10DCA000FFF712F80646454AD2F81039002BFBD18F
:10DCB000424AD2F8203C002BFBD123685BB1013BE8
:10DCC000012B18D8D2F85C366362D2F8583623623A
:10DCD000D2F85436E361394BD3F85026A261D3F819
:10DCE0004C266261D3F848262261D3F84426E260CC
:10DCF000D3F84036A360314AD2F8CC17A164D2F8E9
:10DD0000D017E16400230121C2F8C417C2F8843699
:10DD1000C2F8C837D2F81039002BFBD1C2F8183836
:10DD2000002E3BD1254BD3F8040A40F04000FEF70B
:10DD3000C5FF0120FFF78EF860BB1F48FFF762F8B0
:10DD400010BB3046BDE8F8830423C2F8C837AAE701
:10DD500019484FF0FF314FF00109FFF74BF8002849
:10DD60003FF441AF1648FEF739F90020FFF772F88B
:10DD7000064600283FF43EAF1248FEF72FF939E778
:10DD8000114E3046BDE8F8831048FEF727F93046BB
:10DD9000BDE8F8830E48FEF721F9CEE7102104F123
:10DDA0000800FFF70FF8BDE70A4E3046BDE8F883DC
:10DDB0004FF47306C5E700BF900B002000B002507F
:10DDC0002C8C0500448C05000100F300848C0500B8
:10DDD000648C05000300F30098B370B4D0E90241ED
:10DDE000D0E9042326BA0DBA14BA19BAD0E9062329
:10DDF00012BAC0E904418261D0E90842C0E9026573
:10DE00001BBA25BAC0E9073514BAD0E90B23816AD9
:10DE100012BA09BAC0E90941C262D0E90D421BBA7F
:10DE200025BAC0E90C3514BAD0E91023C16B12BA77
:10DE300009BA1BBAC0E90E41C0E91023002070BC2A
:10DE400070474FF473007047002847D090F83C307B
:10DE5000002B34D0032B10B513D02248224C22685B
:10DE6000224B1268C3F8002422685268C3F80424C5
:10DE700022689268C3F808242268D268C3F80C2488
:10DE800010BD016B006C184C00F0A8FB0028E6D117
:10DE90002268164B1268C3F8002422685268C3F83F
:10DEA000042422689268C3F808242268D268C3F860
:10DEB0000C2400F0A1FB0028D1D1002010BD0B4B99
:10DEC0000269C3F800244269C3F804248269C3F8D4
:10DED0000824C269C3F80C24002070474FF4710075
:10DEE000704700BF0900F1007C0B002000B0025019
:10DEF000374A38B50446D2F81039002BFBD1344AE2
:10DF0000D2F87034002BFBD1314AD2F8203D002BDF
:10DF1000FBD12F4AD2F8203C002BFBD12C4AD2F85F
:10DF2000383D002BFBD12A4DD5F8383C002BFBD1D6
:10DF30004FF0FF30FEF7B4FE636BD5F8040A23F010
:10DF40000403032BE36D39D0012B0CBF20F08000BC
:10DF500020F02000FEF7B2FE1D4A0123C2F800396E
:10DF6000D2F81039002BFBD1194AD2F87034002BAB
:10DF7000FBD11749C2F8BC34D1F81039002BFBD1C2
:10DF8000134AD2F87034002BFBD1626B22F00401EB
:10DF9000032918BFA36B0E494FEA820218BF03F092
:10DFA000010302F01C021A43C1F8C024636B072B63
:10DFB00004BF0123C1F87C34002038BD012B0CBF05
:10DFC00020F0400020F01000FEF778FEC4E700BF0C
:10DFD00000B00250094A0A4B11680968C3F80014DE
:10DFE00011684968C3F8041411688968C3F80814F3
:10DFF0001268D268C3F80C24704700BF7C0B002065
:10E0000000B002502DE9F04F85B0002900F0EC80FF
:10E010009046002A00F0E8800546002800F029819B
:10E020009946C36D0E46002B52D1B9F5805F54D28C
:10E0300095F83C30042B00F0FF800027AD484FF0EE
:10E04000FF31FEF7D7FE002840F0D5800020FEF714
:10E0500001FF002840F0D880A7480123C0F81038FD
:10E06000D0F81049002CFBD16B6B032B3ADC002B52
:10E070003BDAA24CA04AD2F81039002BFBD1002F7A
:10E0800040F0D1806B6BEA6D23F00403032B9A4BB5
:10E09000D3F8040A00F09F80012A0CBF40F08000F2
:10E0A00040F02000FEF70AFE934B0022C3F8102830
:10E0B0000120FEF7CFFE002840F0B1808D48FEF72A
:10E0C000A1FE002840F0A480204605B0BDE8F08FF6
:10E0D000012BADD1B9F5803FAAD3894C204605B0BC
:10E0E000BDE8F08F063B012BC3D8AB6B012B00F2D0
:10E0F000BE80EB6D012B7CD82B6E012B00F2E880EB
:10E100002846FFF7F5FE04460028B3D12846FFF75E
:10E110009BFE04460028ADD16B6B072BA9D80122CA
:10E120009A4012F08A0F40F0D58012F0440F40F070
:10E13000BA80D2079DD523F00403032B32680DD09B
:10E140002B6ED8F80010012B6B4B0BBFC3F8281DAA
:10E15000C3F8301DC3F82C9DC3F8349DEB6D012B23
:10E16000654B0BBFC3F8282CC3F8302CC3F82C9C8C
:10E17000C3F8349C6B6B23F00403032B00F0A280E4
:10E180002B6E012B14BF20208020FEF79DFD04463E
:10E1900000287FF46FAF584BD3F81049002CFBD107
:10E1A000696B072914D801228A4012F08A0F40F0C7
:10E1B000BB8012F0440F0BD0D3F860242A60D3F850
:10E1C00064246A60D3F86824AA60D3F86C34EB60E6
:10E1D0000123AB654EE7012A0CBF40F0400040F040
:10E1E0001000FEF76BFD5FE7464C204605B0BDE82A
:10E1F000F08F454C3EE74548FDF7F0FE0020FEF766
:10E2000029FE00283FF428AF4148FDF7E7FE23E749
:10E210004048FDF7E3FE204605B0BDE8F08F3E48DC
:10E22000FDF7DCFE4AE7042385F83C30202105F1A8
:10E230001000FEF7C7FD25E7296B286C00F0C0F938
:10E2400098B9364F2C4C3B681B68C4F800343B68C7
:10E250005B68C4F804343B689B68C4F808343B68C6
:10E26000DB68C4F80C34296B31B10127E6E62C4C8D
:10E2700000E74FF4710427E72B6D0193EB6C0093DB
:10E2800005F1100A4FF0100BCDF808A0CDF80CB036
:10E29000D5E91123286C00F0B9F9002851D10023E9
:10E2A00085F83C30E1E7144B2A68C3F860246A68BB
:10E2B000C3F86424AA68C3F86824EA68C3F86C2425
:10E2C0006B6B38E7EB6D012B14BF102040205CE72F
:10E2D000144CCFE6084B2A68C3F840246A68C3F898
:10E2E0004424AA68C3F84824EA68C3F84C246B6B3A
:10E2F00021E700BF900B002000B002500100F100A8
:10E300000500F1000B00F1000300F1002C8C05006A
:10E31000448C0500848C0500648C05007C0B002077
:10E320000200F1000400F100D3F840242A60D3F881
:10E3300044246A60D3F84824AA60D3F84C34EB60D4
:10E3400046E73B681B68C4F800343B685B68C4F868
:10E3500004343B689B68C4F808343B68DB68C4F845
:10E360000C3459465046FEF72DFD98E72DE9F04153
:10E3700009B302B30446002800F0AF801D46436B8A
:10E38000072B0E461BD05DB9032B10D1836D73B9DB
:10E3900000F1640345668566C56605670B60102558
:10E3A0002B4631462046BDE8F041FFF72BBE2F46F5
:10E3B0003846BDE8F081764F3846BDE8F081C36D40
:10E3C000002B40F08D80B5F5805F80F090801DB906
:10E3D000A36D002B40F08B806E484FF0FF31FEF7AD
:10E3E00009FD002840F08F800020FEF733FD002853
:10E3F00040F08580684A0123C2F81038D2F81039FD
:10E40000002BFBD1636B032B4FDD063B012B4ED85A
:10E41000A36B012B6DD8E36D012B78D8236E012BF4
:10E4200077D82046FFF764FD0746002840D12046F4
:10E43000FFF70AFD074600283AD1626B072A36D853
:10E440000123934013F08A0F40F0818013F0440FB2
:10E450006FD1DB072BD5504B0122C3F87C24C3F8C6
:10E46000BC543168002D56D1A16D09B9C3F82425DB
:10E47000494BD3F81079002FFBD1616B072917D8CE
:10E4800001228A4012F08A0F6FD112F0440F0FD090
:10E49000D3F860242260D3F864246260D3F868243F
:10E4A000A260D3F86C34E36002E0002BB0DA3B4F9B
:10E4B000394AD2F81039002BFBD1C2F810380120AC
:10E4C000FEF7C8FCB8B93348FEF79CFC00283FF4BF
:10E4D0006FAF3348FDF782FD6AE74FF4710767E7D6
:10E4E000012B7FF474AFB5F5803FFFF470AF2D4F73
:10E4F0005EE72D4FDCE72D48FDF770FDE3E72C4884
:10E50000FDF76CFD76E72B48FDF768FD6CE72A4FB9
:10E51000CEE72A4FCCE7E26D012A33D0C3F8301C96
:10E520001020C3F8345CFEF7CFFB074600289FD0CD
:10E53000BEE7194B2268C3F860246268C3F86424FC
:10E54000A268C3F86824E268C3F86C2483E7124B1E
:10E550002268C3F840246268C3F84424A268C3F860
:10E560004824E268C3F84C2475E7D3F840242260BD
:10E57000D3F844246260D3F84824A260D3F84C3422
:10E58000E36095E7C3F8281C4020C3F82C5CCAE779
:10E590000B00F100900B002000B002500100F100D0
:10E5A000848C05000500F1000200F100648C050078
:10E5B000448C05002C8C05000300F1000400F100E0
:10E5C00029B9044B002814BF1846002070470248A0
:10E5D000704700BF0100F7000300F70029B9044BA2
:10E5E000002814BF1846002070470248704700BF3B
:10E5F0000100F7000300F700034B00200122C3F8DD
:10E60000380AC3F87824704700B002502DE9F0476B
:10E61000CCB00024579DDDF85881824689461646C5
:10E62000214674220EA81F4608F00FFF80222146C3
:10E630002CA82B9408F009FF8423B5F57F6FCDE952
:10E640000A44CDE90C44059363D8FFF7C3FC05AB3E
:10E6500030462BAE01930295DDE9542339460096EE
:10E6600000F062F800284FD103238DF813309DF895
:10E6700013308DF87430072300221C9010210EA84F
:10E680001B9301240123CDE92423CDF86890CDF814
:10E6900078A026940DF12009FEF794FB1022009239
:10E6A0000599CDF804900AAB304606AAFFF722FA86
:10E6B000074670B11DE00EA908EB0700FEF77EFBD0
:10E6C00010210EA8FEF77EFB0134AD1B3744E4B2E7
:10E6D00024D0102D4A46059B8DF8AC4006A90EA803
:10E6E0002E4628BF1026FFF741FE32460028E2D012
:10E6F00007460EA874220021FEF762FBFFF76AFCB2
:10E7000038464CB0BDE8F087054F38464CB0BDE800
:10E71000F087044F38464CB0BDE8F0872F46E8E755
:10E720000E00F1000F00F1002DE9F04182B01E460D
:10E730000A9D0023B5F57F6F01933ED8ED00B5F536
:10E74000807F174601F1FF3234BF032304233F2AA1
:10E750000C46009331D880B366BB089A6AB3099A15
:10E76000116851B3A2191344994226D3089B01465C
:10E770002246581CFEF722FB089B04F102081C44A9
:10E780000023637026BB089B0095FF2D03EB080058
:10E7900017D92B029BB243EA1523022201A9019348
:10E7A000FEF70CFB08F10203099A0020136002B087
:10E7B000BDE8F0810FB1402ECFD90A4802B0BDE8C4
:10E7C000F08101226946FEF7F9FA08F10103EBE74F
:10E7D000089B324603EB08003946FEF7EFFAB044D7
:10E7E000D1E700BF0600008000201870704700BF0E
:10E7F00008B5054B044613B10021AFF3008000F0CB
:10E80000B3FC2046EBF79AFF00000000F8B50E4B72
:10E810001D68AB789B07064612D56F6816F8014B4A
:10E8200029462CB90A20B847002805DB204609E014
:10E830002046B8470028F1DAAB7843F00403AB7008
:10E840004FF0FF30F8BD00BF148305000CB430B5A5
:10E8500089B005460C461C22002101A808F0F5FDF0
:10E8600002238DF806300E4B0293059523462CB1FA
:10E87000B4F1004F28BF4FF00043013B1D440DAAE7
:10E880000C99069501A8009200F00CF814B1059BB4
:10E8900000221A7009B0BDE8304002B0704700BFD6
:10E8A000017605002DE9F04F8DB04368029383781F
:10E8B00015469A07804640F10D8100240E78002EFF
:10E8C00000F00A81252E0BD04B1C03930134029BD0
:10E8D0004146304698470028C0F2F6800399EDE79C
:10E8E0004E788B1C252E0393F0D00027B946BB46EB
:10E8F000BBF11F0F38D8A6F12003102B0AD8DFE890
:10E9000003F02A0909300909092109090928092DF3
:10E9100009091F00A6F13003092B33D92A2E37D15C
:10E920001BF0400F55F8043B40F08280002BA7BF3E
:10E930004BF0200B9946C3F100094BF0280B01E086
:10E940004BF0010B039B13F8016B0393002ECFD107
:10E9500030E04BF0020B4BF0040BF3E74BF0080BED
:10E96000F0E74BF0100BEDE7BBF17F0F19D8A6F1E4
:10E970003003092BD2D81BF0400F03D00A2101FB32
:10E980000737DFE70A2101FB09394BF0200BD9E7F4
:10E990002E2E06D11BF0400F40F09E804BF0400B16
:10E9A000D0E76C2E31D02BD8682E36D06A2E3CD0D2
:10E9B0004C2E3AD0002F46F02003B8BF2BF0400277
:10E9C000A3F16501BCBF1FFA82FB0027022901D910
:10E9D000612B2FD1073525F00705DFF8ACA20835EC
:10E9E00007271BF0080F66D00AEB070B56465E455B
:10E9F00063D1A4EB0A0A06EB0A02A9EB07096FE14F
:10EA0000742E9FD07A2E9DD0D4E71BF0800F18BFB4
:10EA10004BF4007B4BF0800B94E71BF4807F18BF16
:10EA20004BF4007B4BF4807B8CE74BF4207B89E735
:10EA30001F4687E7A6F16301122900F2F080DFE8A4
:10EA400011F013004F00EE00EE00EE00EE004F005C
:10EA5000EE00EE00EE00EE00EE00FE00E900EE003B
:10EA6000EE001B00EE00AF0055F8043B8DF81830A7
:10EA700001270DF1180AB4E755F804AB834BBAF13E
:10EA8000000F08BF9A461BF0400F14BF39464FF0E5
:10EA9000FF31504608F001FD0746A2E7029B4146C0
:10EAA0002020984700280FDB013EB742F6D34C44A4
:10EAB000A41BB14698E74E46F7E716F8010B029BF8
:10EAC00041469847002892DA98F8023043F0040350
:10EAD00088F802304FF0FF3420460DB0BDE8F08FCB
:10EAE0001BF0800F34D01BF4007F2CD0073525F0AD
:10EAF0000705AA4669685AF8080B2BF0100500298B
:10EB0000ADB237DA404261EB410145F480650DF169
:10EB1000180B0A235A4608F0CCFCA0EB0B03019318
:10EB20006B0662D5019B25F001019F4289B240F33B
:10EB3000A180002E00F0998015F0100240F09C801A
:10EB4000BB460D4623E0AA465AF8040BC117D4E78A
:10EB5000AA461BF4807F5AF8041B01D10846F5E74A
:10EB60001BF4007F15BF48B208B241F3C01141F356
:10EB7000C031C2E750EA0103C9D11BF0400FC6D033
:10EB8000002FC4D12BF0110295B2BB46019740F281
:10EB9000064115EA01021CBF0BF1010B00222CE01B
:10EBA0002BF010021FFA82FB0A231BF0800C49D0C5
:10EBB0001BF400711DBF073525F00705AA46AA46BC
:10EBC0001ABF5AF8080B69685AF8040B50EA010595
:10EBD00045D12BF016051BF0400FADB242D0002FEF
:10EBE00040D12BF0170295B2019715F0100248D0D2
:10EBF000019B002E42D103F1010B29075AD4EB07E8
:10EC000006D5D9456FDD0199A9EB0B035F18CB46FB
:10EC10005B4649E04BF0100B10237826C5E7782BB4
:10EC200004D1C6F1780343F01003BEE7029B4146CE
:10EC3000252098470028FFF647AF023447E608230F
:10EC40000026B2E7AA461BF480715AF8040BBDD027
:10EC50001BF400711ABFC0B2614680B2B6E72BF058
:10EC6000060295B20DF1180B54E725F01105ADB26F
:10EC7000BB468CE70D46B8E73B460D4603F1020B59
:10EC8000BBE7DDF804B082E7E5C10500DEC10500A1
:10EC9000CDE904324146029B202098470028FFF628
:10ECA00013AF049B059A01339945F1DCA4EB0B01EA
:10ECB000CC189B460AB3029B414630209847002857
:10ECC000FFF602AF8EB901342744019B391B9942EC
:10ECD00024DC1D465DBB019AA9EB0B092244554675
:10ECE0001446914435E0019F92E702344146304694
:10ECF000029B98470028E7DAE6E640F206410D421B
:10ED0000E2D015F0020F14BF2B20202015F4806FE5
:10ED100004F10104414618BF2D20E9E7029B41465A
:10ED200030209847002804F10104CEDACCE606AB87
:10ED3000013D4146585D029B98470028CADAC3E668
:10ED4000029B414620209847002804F10104FFF669
:10ED5000BBAEA9EB0403002BF2DCBFE52DE9F047C5
:10ED600020F00048B8F17E5F044605460DD18A497F
:10ED7000E4F71AFC894905462046E4F715FC0146EC
:10ED80002846E4F709FB044613E003D9BDE8F04741
:10ED900000F0E2B9B8F17C5F58D2B8F1485F0BD20D
:10EDA0007F49E4F7F9FA4FF07E51E4F7B9FD002806
:10EDB0004CD02046BDE8F0870146E4F7F5FB7949E1
:10EDC0000546E4F7F1FB7849E4F7E6FA2946E4F76B
:10EDD000EBFB7649E4F7DEFA2946E4F7E5FB7449F4
:10EDE000E4F7DAFA2946E4F7DFFB7249E4F7D2FAEE
:10EDF0002946E4F7D9FB7049E4F7CEFA2946E4F74F
:10EE0000D3FB6E4906462846E4F7CEFB6C49E4F78F
:10EE1000C1FA2946E4F7C8FB6A49E4F7BDFA294676
:10EE2000E4F7C2FB6849E4F7B5FA2946E4F7BCFB0E
:10EE30004FF07E51E4F7B0FA01463046E4F768FC43
:10EE40002146E4F7B1FB014620469AE724F0004151
:10EE50004FF07E50E4F79EFA4FF07C51E4F7A4FBAC
:10EE600050490646E4F7A0FB4F49E4F795FA3146CE
:10EE7000E4F79AFB4D49E4F78DFA3146E4F794FB49
:10EE80004B49E4F789FA3146E4F78EFB4949E4F748
:10EE900081FA3146E4F788FB4749E4F77DFA3146C9
:10EEA000E4F782FB454981463046E4F77DFB44495F
:10EEB000E4F770FA3146E4F777FB4249E4F76CFA7D
:10EEC0003146E4F771FB4049E4F764FA3146E4F770
:10EED0006BFB4FF07E51E4F75FFA8246304608F054
:10EEE0003FFB3A4B9845074619D951464846E4F747
:10EEF0000FFC3946E4F758FB3946E4F74DFA014672
:10EF0000E4F74AFA3249E4F747FA01462248E4F7BF
:10EF100041FA002D0446D8BF00F1004449E70146FC
:10EF200020F47F68E4F738FA514604464846E4F78F
:10EF3000EFFB01462046E4F737FB28F00F08814637
:10EF400041464046E4F730FB01463046E4F722FAFA
:10EF5000414604463846E4F71FFA01462046E4F7E6
:10EF6000D7FB0146E4F718FA01460C48E4F712FA19
:10EF700001464846E4F70EFA414604464046E4F7A7
:10EF80000BFA01461348E4F705FA01462046E4F778
:10EF900001FA01460F48BAE7DB0FC93F2EBD3BB36C
:10EFA000CAF2497108EF1138047F4F3A4611243DE7
:10EFB000A80A4E3E90B0A63EABAA2A3E2EC69D3D64
:10EFC0006133303F2D57014039D119409999793F2C
:10EFD0002EBD3B33DB0F493FF8B521F00046B6F1BB
:10EFE000FF4F034605D820F00042B2F1FF4F07461D
:10EFF00004D91846E4F7D0F9034610E0B1F17E5F7A
:10F0000003D1BDE8F84000F0C5B88C1704F0020445
:10F0100044EAD0746AB9022C03D0032C04D01846F9
:10F02000F8BD35493548E5E733493548E4F7B2F9E5
:10F03000E2E736B9002F304901DA3248F6E73248C4
:10F04000D8E7B6F1FF4F21D1B2F1FF4F16D1022C14
:10F0500008D0032C0CD0012C274901D02B48C9E73C
:10F060002B48E3E72B492948E4F79EFA2249C1E7F8
:10F0700029492648E4F798FA1F49D7E7022CD0D04F
:10F08000032CD1D0012C33D00023C8E7B2F1FF4FBD
:10F09000D0D0921BB2F1F45F4FEAE25010DB1F496F
:10F0A0001948E4F777F90346012C17D0022C18D041
:10F0B000002CB4D01A491846E4F76EF90F49B5E7A9
:10F0C000002901DA3C3007DB1846E4F721FB20F089
:10F0D000004000F05FF8E6E70023E5E703F10043B6
:10F0E0009DE70F491846E4F757F9014603489DE7A5
:10F0F0004FF0004393E700BF6042A20DDB0F494091
:10F10000DB0F49C0DB0FC9BFDB0FC93FDB0F493F36
:10F11000DB0F49BF00004040000040C02EBD3B3324
:10F120002EBDBB3330F000400DD0A0F50003B3F18D
:10F13000FE4F0AD3074B421E9A4208D9A0F1FF4363
:10F1400058425841704702207047042070470320FE
:10F15000704700BFFEFF7F0008B5FFF7E3FF0148DF
:10F1600008BD00BF0000C07F38B5074D074C641BC9
:10F17000A41024B9064B0BB1AFF3008038BD013C9D
:10F1800055F824309847F4E7000000000000000024
:10F190000000000020F00043B3F1A14F2DE9F04141
:10F1A0000446804612D3B3F1FF4F06D90146E4F777
:10F1B000F3F804462046BDE8F0810028684901DDE7
:10F1C0006848F4E76848E4F7E5F8F2E7674A9342ED
:10F1D0000ED8B3F1445F08D26549E4F7DDF84FF08B
:10F1E0007E51E4F79DFB0028E4D14FF0FF361CE090
:10F1F000604A934220F000447CD8A2F5D0029342AA
:10F2000066D821462046E4F7C7F84FF07E51E4F770
:10F21000C1F84FF0804105462046E4F7BDF80146AD
:10F220002846E4F775FA0026044621462046E4F70E
:10F23000BBF901460746E4F7B7F94F490546E4F73D
:10F24000B3F94E49E4F7A8F82946E4F7ADF94C497B
:10F25000E4F7A2F82946E4F7A7F94A49E4F79CF84D
:10F260002946E4F7A1F94849E4F796F82946E4F776
:10F270009BF94649E4F790F83946E4F795F9444993
:10F2800007462846E4F790F94249E4F783F829460F
:10F29000E4F78AF94049E4F77DF82946E4F784F970
:10F2A0003E49E4F777F82946E4F77EF93C49E4F76C
:10F2B00071F82946E4F778F901463846E4F76CF826
:10F2C0002146E4F771F9731C014633D120467AE7F1
:10F2D0004FF07E512046E4F75DF84FF07E51054631
:10F2E0002046E4F759F801462846E4F711FA0126CA
:10F2F00004469AE72B4A934215D84FF07F51204697
:10F30000E4F748F84FF07F5105462046E4F74CF902
:10F310004FF07E51E4F740F801462846E4F7F8F94B
:10F320000226044681E721461F48E4F7F1F9032647
:10F3300004467AE71D4B53F82610E4F72BF82146D4
:10F34000E4F728F81A4B014653F82600E4F722F8B0
:10F35000B8F1000F0446B8BF00F100442AE700BF2F
:10F360006821A233DA0FC93FDA0FC9BFFFFFDF3EC2
:10F37000CAF24971FFFF973FD769853C59DA4B3D87
:10F38000356B883D6E2EBA3D2549123EABAAAA3E8A
:10F3900021A215BD6BF16E3D95879D3D388EE33DF5
:10F3A000CDCC4C3EFFFF1B40000080BF748D05009C
:10F3B000848D0500704707B52820E8F71BFB28233C
:10F3C00001A80193E8F7A8FA019B012101FA03F3D0
:10F3D000C0F80C352A20E8F70DFB2A236846009375
:10F3E000E8F79AFA009B9940C0F80815002003B08E
:10F3F0005DF804FB014640F2E73008B54FF47A723D
:10F40000002300EBC1304914E4F7E4FABDE80840FA
:10F4100006F039BF21B10378012B01D1E8F700BB19
:10F420007047836800EBC101B3F5004F2CBF51F862
:10F43000220031F81200704700EBC1018068B0F57E
:10F44000004F2CBF41F8223021F81230704708B528
:10F450000122FFF7E6FFD04008BD8368B3F5004FF7
:10F4600000EBC10108D34B681AB143F001034B60B4
:10F47000704723F00103FAE74B881AB143F0010308
:10F480004B80704723F00103FAE753000122FFF796
:10F49000D3BF8368B3F5004F34BF04230823C91AD0
:10F4A000081AC00870478368B3F5004F34BF0423BF
:10F4B0000823481C0833A0EBD300B0FA80F0C0F159
:10F4C0001F0070472DE9F041174603220E460446FF
:10F4D000FFF7A7FF8642054607F104080AD1E36853
:10F4E0000122BA4023EA0203E360002344F82830F3
:10F4F000BDE8F081314602222046FFF792FF2B46FD
:10F500000646014644F8285020460322FFF794FFA0
:10F510003346294620460222BDE8F041FFF78CBF62
:10F5200070B50D4686680446FFF791FFB6F5004FAB
:10F53000014601D3012809D02046FFF7B4FF294630
:10F5400002462046BDE87040FFF7BCBF70BD2DE904
:10F55000F0470546FFF7A7FF05EB800A8846DAF873
:10F5600010900646B9F1000F1BD00327DAF81040BF
:10F5700028462146FFF76BFF404507D33246214618
:10F580002846FFF79FFF2046BDE8F087032221466B
:10F590002846FFF746FF013FCAF8100001D0814519
:10F5A000E4D1EB6801364FF0FF34B4401C40EAD0A0
:10F5B00094FAA4F2B2FA82F2131D55F82340DEE762
:10F5C0002DE9F041144605460E46FFF740FFA4EB37
:10F5D0000608371B0744424631462846FFF755FFC9
:10F5E0003A4621462846FFF750FF4346002221466F
:10F5F0002846FFF721FF21462846FFF728FF3B4614
:10F60000211800222846BDE8F041FFF715BF2DE97B
:10F61000F041164604460F46FFF719FF31460546EE
:10F620002046FFF714FF05442A4639462046FFF7D7
:10F630002CFF31462046FFF70AFF2B4631180022E7
:10F640002046BDE8F041FFF7F7BE2DE9F0410D4639
:10F6500086680446FFF7FBFEB6F5004F014601D36E
:10F66000012832D02046FFF71EFF04EB80010E690F
:10F6700096B9E368012282401343E36002220D61E0
:10F680002B4629462046FFF7D7FE0322294620466F
:10F69000BDE8F041FFF7D0BE022231462046FFF719
:10F6A000C0FE2946034607462046FFF7C5FE032253
:10F6B000334629462046FFF7BFFE39462B462046F3
:10F6C000FFF7BAFE02223146E1E7BDE8F081F8B566
:10F6D0000C460546FFF7BBFE261801223146284698
:10F6E000FFF79FFEC3070CD431462846FFF718FFEB
:10F6F00021462846FFF7ABFE214622182846FFF791
:10F7000086FF002221462846FFF78BFE271A01229A
:10F7100039462846FFF785FE10EA020613D139461E
:10F720002846FFF7FDFE214632462846FFF779FEC0
:10F730002246211A2846FFF76AFF2146324628460C
:10F74000FFF76FFE241A21462846BDE8F840FFF770
:10F750007CBF38B571B105682846FFF79AFE0022D4
:10F76000044601462846FFF778FE2146BDE83840AA
:10F77000FFF7ADBF38BD70B5056809B9002070BD91
:10F78000AB6801F00704B3F5004F2CBF0822042238
:10F7900007341444E40804EBD1049C4228BF1C46FF
:10F7A00021462846FFF7D3FE06460028E6D001464C
:10F7B0002846FFF74CFEA04209D93444314628467A
:10F7C0002246FFF7FDFE21462846FFF73EFF28466A
:10F7D00001223146FFF741FEAB68B3F5004F34BF5D
:10F7E0000423082303EBC6031844C8E71146FFF7B8
:10F7F000C2BF2DE9F84306681446B26801F1FF392B
:10F80000B2F5004F34BF0423082319EA01090F465B
:10F810000BD0494239408B424F4628BF0B468946A0
:10F8200054B900252846BDE8F8839942F8D8214606
:10F83000BDE8F843FFF79FBFFB1AE10804F007009B
:10F84000B2F5004F01EBD30100F1070003F007030D
:10F850002CBF0825042503442B4401EBD30191421E
:10F8600028BF11463046FFF772FE80460028D8D0E8
:10F87000B368B3F5004F34BF0423082309EBC00578
:10F880001D4435447B1E1D44B5FBF7F57D43A5EBB8
:10F89000090529463046FFF7FCFD2C44073424F0C7
:10F8A0000704A41B804507464FEAE40408D2024639
:10F8B00041463046FFF784FE41463046FFF7C5FE1D
:10F8C00039463046FFF7C3FD3844844208D23946F2
:10F8D00030462246FFF774FE21463046FFF7B5FE5C
:10F8E000012239463046FFF7B8FD9BE7B2F5802F7D
:10F8F0002CBF08230423D21A2DE9F0418C18CD1D0A
:10F9000025F0070524F00704641B0026E4080560C1
:10F910002146AC60EE602846FFF7C5FD421D92000F
:10F92000013002F107074FEAD707A2F11002314672
:10F93000B8BF324605F1100007F087FD3A46314660
:10F940002846FFF7A2FD3346324631462846FFF7E8
:10F9500073FDA4EB0708284631460122FFF77DFD21
:10F9600042463946FFF791FD3B4632463946284626
:10F97000FFF762FD21462846FFF787FD43463246E2
:10F9800021462846FFF758FD214628460122FFF769
:10F9900064FD3946BDE8F041FFF757BE2DE9F04759
:10F9A00006460D46174698462BB398F8004093F844
:10F9B0000190DB78A40004EB430498F802301C4467
:10F9C00044444FF0000ACA4509D3D8F8042008F18E
:10F9D000080339463046AC46BDE8F047604714F8A6
:10F9E000013B48F823402046E7F7A9FA01300444D8
:10F9F0000AF1010AE7E76FF01500BDE8F08770B57E
:10FA0000002502462846144614F8013B0BB9184657
:10FA100009E098B18D4207D1702B04D0A3F14002C8
:10FA20003A2A0BD8002070BDA3F140063A2E05D823
:10FA300053780135941C002BE9D00020252B08BFFA
:10FA400080F001002246DEE70020704700F077BC1E
:10FA50000FB407B504A951F8040B019100F06FFC35
:10FA600003B05DF804EB04B070470FB407B504A908
:10FA700051F8040B0191FFF7E9FF03B05DF804EBC7
:10FA800004B0704710B50369024613F0080009D1AD
:10FA90001368D4689C4297BF126AE31AD31A0120F4
:10FAA0000B6010BD00231846FAE713B501A9044600
:10FAB000FFF7E8FF20B1019BE268013B134401938B
:10FAC000206A019BC01A013802B010BD10B504466F
:10FAD00050182269236AD20702D5013B184010BD95
:10FAE000984228BFC01AFAE710B504460A46C16812
:10FAF000FFF7ECFF2369E06023F00803236110BDEA
:10FB000038B50D46C2698B00016843F0020342F824
:10FB10002130044601682A46FFF7D8FFE368616890
:10FB20002060984202BF236943F0080323612A46FC
:10FB30002046FFF7CBFF606038BD2DE9F74FC7685F
:10FB4000C6699B4606EB8703009316F8273003F03F
:10FB50000303022B0446884691464FF000030BD066
:10FB60001360CBF8003023699B0713D44FF0000AD1
:10FB7000504603B0BDE8F08F56F82710136089088F
:10FB8000CBF80030EFD0FFF7AFFFE368A3604FF092
:10FB9000010AEDE7A36906EB8700984716F82720CE
:10FBA00012F0010A0546E1D012F002021FD0B8F1AE
:10FBB000000F03D041462046FFF7A2FF61682A46A6
:10FBC0002046FFF783FFD4E902219142606006D10D
:10FBD0002A462046FFF77AFF4FF0000AA060A2688D
:10FBE0002260E260226942F008022261C0E7014619
:10FBF00020460192FFF778FFE368A360B8F1000F99
:10FC000004D02168E369019A43F8212005EB08023A
:10FC1000CBF8002021682046FFF758FF23692060B9
:10FC200043F00803236116F827306FF3000306F84A
:10FC30002730009BC9F80030A9E770B50446154687
:10FC4000FFF744FF2368834205D12369216023F035
:10FC50000803236170BDE269AB0043F0020342F880
:10FC60002130204661682A46FFF730FF6060F1E7E7
:10FC700038B503695B07044606D5456AFFF715FFEB
:10FC800085422CBF6562606238BD38B50D460446BA
:10FC90001C22002107F0D9FBEB68A361AB6863610C
:10FCA0002B68E3616B682362002262622A6923B1D8
:10FCB000591E194208BF42F001022261012204F1DB
:10FCC00028000021BDE8384006F0F3B82DE9F04FD8
:10FCD00087B000250093036A03958B4204460E46C5
:10FCE00092460595A94639D3EFF3118B402383F350
:10FCF0001288BFF36F8F059AD8462AB1294620464D
:10FD0000FFF79BFF0023059304A92046FFF7BAFEE7
:10FD10000499B14207462AD32268E36913F82210F6
:10FD200021F0030103F8221003EB82092168324617
:10FD30002046FFF7CBFEE3682060984212D00027F0
:10FD400088F31188BFF36F8F039929B162690AB1F3
:10FD50002046904700230393002FC5D1484607B0A3
:10FD6000BDE8F08F236943F008032361E7E718B18A
:10FD70002046FFF7C5FEE3E7009B5AEA03021CD0CA
:10FD8000019106F0C2F90199B8B9BBF1000F14D185
:10FD900087F31188BFF36F8F009B524604F1280050
:10FDA000F8F708FEEFF31188402383F31288BFF3BE
:10FDB0006F8FB0FA80F77F09C2E705AB03AA204630
:10FDC0002568FFF7BAFE0746BAE770B504468369AF
:10FDD00008460D4698470246EFF31186402383F309
:10FDE0001288BFF36F8F2B7843F001032B7061688B
:10FDF0002046FFF76BFE60602046FFF739FF86F371
:10FE00001188BFF36F8F70BD2DE9F0410446402784
:10FE1000EFF3118687F31288BFF36F8F236913F016
:10FE2000080FA36802D16268934200D9226AE1698F
:10FE3000D21A32B986F31188BFF36F8F4FF00008E2
:10FE400033E011F8232012F0030001EB8308F1D016
:10FE5000022803D151F82350AD0805D1D00712D4A0
:10FE6000A369404698470546A1682A462046FFF701
:10FE70002DFE2946A0602046FFF736FE86F3118846
:10FE8000BFF36F8FC4E742F0020201F8232040461F
:10FE9000A369A5689847294602462046FFF716FE43
:10FEA000A06086F31188BFF36F8F4046BDE8F081F4
:10FEB000F8B50446836908460D4698470646EFF3B1
:10FEC0001187402383F31288BFF36F8F2B786FF372
:10FED00000032B7023699B0705D5E268E36903EBF8
:10FEE00082039D421AD12B786FF341032B70D4E922
:10FEF0000231994204D132462046FFF7E7FDA06067
:10FF000031462046FFF7F0FD87F31188BFF36F8F6E
:10FF100004F12800BDE8F840F8F712BD2B6860F343
:10FF20009F032B60F0E7EFF31181402383F31288E6
:10FF3000BFF36F8F036913F0080F836802D1426823
:10FF4000934200D9026AD31A81F31188BFF36F8FED
:10FF5000181E18BF01207047036800220BB918460D
:10FF600070478B4210D10B6842B9426803609142DE
:10FF700000D1436000230B60012070471360436889
:10FF8000994208BF4260F5E71A461B68E6E7038B13
:10FF900013F0070305D10368002B0CBF00200320DA
:10FFA0007047022B05D1408BB0FA80F040098000E9
:10FFB0007047012B05D10368002B0CBF00200520E2
:10FFC00070470020704710B50C4600B111B96FF0B2
:10FFD000150010BD081D00F0D2F80028F9D1A36863
:10FFE000032BF6D9F3E72DE9F0410D4607461946F4
:10FFF000281D90461E4600F0D6F8044638B1334618
:020000040005F5
:10000000424629463846A446BDE8F0416047BDE86F
:10001000F08110B4EFF31182402484F31288BFF30F
:100020006F8F416110BC0121E8F7A2BD38B50C46C5
:10003000054658B151B10B6843B14B6833B11C222E
:10004000002107F002FA2C61002038BD6FF0150086
:10005000FBE770B505460E46FFF7B5FF041E14DB3F
:10006000EFF31182402383F31288BFF36F8F6B8B02
:100070002C8B4FF6FF718B4204F0070407D182F3FB
:100080001188BFF36F8F6FF00A04204670BD022CF9
:100090000CD101336B8382F31188BFF36F8F002380
:1000A000224631462846FFF79EFFEEE7062C14D87D
:1000B000DFE804F004131313041A04000023336070
:1000C0006B683BB9C5E90066ACB902212846E8F780
:1000D0004FFDDAE71E606E60F6E782F31188BFF32A
:1000E0006F8F6FF00404D0E782F31188BFF36F8F36
:1000F0006FF08504C9E782F31188BFF36F8FC4E7FF
:1001000010B5EFF31182402383F31288BFF36F8F92
:10011000048B04F00704022C0AD0012C0CBF6FF0F2
:1001200004006FF0850082F31188BFF36F8F08E041
:10013000438B013B9BB2438323B92146E8F718FD6B
:10014000204610BD2046EEE738B5A8B1A1B1EFF3C7
:100150001185402282F31288BFF36F8F048BFFF763
:10016000FBFE30B104F0070085F31188BFF36F8FF9
:1001700038BD6FF07700F7E76FF01500F8E703463A
:1001800040B1426802F00302022A06D0032A04D0DA
:10019000012A05D06FF0150070471A68002AF9D0BF
:1001A00000209860704710B54268816002F0030239
:1001B000022A03464FF0000407D0032A02D05C60F5
:1001C000002001E018685C6010BD18685C600028C1
:1001D000F6D0F9F7F3FCF3E770B50C88064688888B
:1001E000241A3069A4B2844285B224BF641BA4B22D
:1001F0002D1BA8B2984228BF1846336823441360C9
:100200000B8803440B8070BD70B4838985880669B0
:10021000ED1AADB2731B934228BF134670BC0A4659
:10022000011DFFF7D9BF70B40E460146C58831F8ED
:100230000A3FEC1AA3B2934228BF1346324670BC61
:10024000FFF7CABF10B54B880C88E41AA4B29442D9
:100250000ED31A4492B28B884A800A800069D21A5F
:1002600092B2824201D2002010BD03448B80FAE793
:100270006FF01500F8E72DE9F34106460F461546E5
:100280004FF000082A4601A93046FFF7BDFF04469B
:1002900040B102463946019807F0AFF82D1BA04443
:1002A0002744EFD14246311D3046FFF7CBFF404691
:1002B00002B0BDE8F0812DE9F34107460E46154630
:1002C0004FF000082A4601A93846FFF7ACFF044664
:1002D00048B12EB102460199304607F08EF8264407
:1002E0002D1BA044EED1424607F10A013846FFF724
:1002F000A9FF404602B0BDE8F081704703785B0774
:100300005FBF03684288C3F34A2303EB12105DBF4B
:10031000173020F007008008002070470020704749
:1003200004F0E8BC0346BFF35B8F53E8000F421CA8
:1003300043E800210029F8D1BFF35B8F70471FB558
:100340000023CDE90201CDE900331A4619461846CB
:10035000E9F744F805B05DF804FB0120E8F7ECBDCF
:10036000002070474368DA714368196043680122CE
:100370005A71E8F7D3BD70B515460C4669B1D2E99C
:1003800001369B1B99420AD813680A460146981900
:1003900007F033F8AB682344AB60204670BD6FF0C4
:1003A0001B00FBE770B50E4615461946044618B902
:1003B000BDE87040E8F7C0BD33B1C2F34A23103046
:1003C000120D184407F019F8C4E900562046BDE89C
:1003D0007040E8F75FBF2DE9F3415F1C4FEA8708E3
:1003E000064608F1170020F0070080080C46154665
:1003F000E8F724FE0023ADF805308DF807308DF8BE
:10040000047068B10346019A43F8102FA8F1040163
:100410002A46294452F8045B43F8045F8A42F9D122
:10042000A20102F4E07242EA482222F07F4222F462
:100430007002002322F03F02314602B0BDE8F041D5
:10044000FFF7B0BF07B50123019201AAFFF7C3FF71
:1004500003B05DF804FB07B5CDE9002302236A462B
:10046000FFF7B9FF03B05DF804FB1FB5CDE9012329
:10047000069B039301AA0323FFF7ADFF05B05DF8C8
:1004800004FBF8B506460D4614461F4604B9F8BDF0
:10049000214628463A46B047241A0544F6E710B5E7
:1004A000426881680446D2E900230068FFF7E9FF4B
:1004B000636800221A6010BD38B54B681A68CB68B3
:1004C0009A4205460C4602D10846FFF7E8FF6368EA
:1004D000BFF35B8F53E8002F511C43E80010002846
:1004E000F8D1BFF35B8FA3689D54002038BD0A2864
:1004F00038B504460D4602D10D20FFF7DDFF294631
:100500002046FFF7D9FF002038BD2DE9F04305460E
:1005100087B008460E8891F80090D1F808800C4604
:100520001746E8F7ABFF011EC6F38216C9F3C209EE
:100530001EDB4846E8F7C0FE03462146608851F8B6
:10054000102B0196C2F34A22002A01EB0204C0F3E9
:100550000B1008BF00210022CDE90407CDE90214E9
:10056000009241462846E8F7B5FF07B0BDE8F083A2
:100570000023E2E743681B685B68002099617047CD
:1005800043681B681A685268536070472DE9F04150
:1005900043681B685A68012111771D68D5E9013647
:1005A000D3E900482F681CB96B681C60BDE8F08176
:1005B000214630464246B847241A0644F3E74368CA
:1005C0001B681868E9F7F0B870B543681D686B6878
:1005D00098690C46E8F78CFC214603460F222868F0
:1005E000BDE870401847FEE706F02FBF06F005BFD4
:1005F00001460068E9F79ABA08B5E9F7F3FABDE8E9
:100600000840E9F713BB0A460121FFF71BBF002191
:100610000120E9F78BBA6FF08500704761B662B6CA
:1006200080F31188BFF36F8F704772B6002383F396
:100630001188BFF36F8FBFF34F8F30BF62B6BFF328
:100640006F8F704772B6002383F31188BFF36F8FEB
:10065000BFF34F8F20BF80F31188BFF36F8F62B657
:100660007047202809D9B0F1004F08D80138B0FAF6
:1006700080F0C0F11F0040007047082070473E2006
:10068000704708B5D1E904319847002008BD08B586
:10069000EAF75CF8002008BD704700230382436935
:1006A000C3607047416A8968EAF7BCB8EFF311820A
:1006B000402383F31288BFF36F8F00230B604368DE
:1006C00033B9C0E9001182F31188BFF36F8F70470F
:1006D00019604160F7E710B50346EFF3118140223E
:1006E00082F31288BFF36F8F006828B15C680268DC
:1006F0001A60A04208BF5A6081F31188BFF36F8F60
:1007000010BD027A013202727047034618465B68D8
:10071000002BFBD17047426810B52AB10B461C462E
:100720005B68002BFBD16260416010BD10B50446D0
:1007300020B90B7A01330B72084610BD03461846E8
:100740005B68002BFBD1FFF7E6FF2046F5E710B50D
:1007500008B14B6843604C68002308464B60EAF7D9
:10076000DFF8204610BD83680B44036070470368C0
:100770000B6043684B6083688B60704783880268B6
:1007800019448180D018704730B484880568A31854
:100790008380281930BC06F030BE10B5838802680B
:1007A0005C1C8480D154D01810BD8388026830B599
:1007B000D4189D1C8580D154090A617030BD83888E
:1007C0005B1A9BB283800068184470470346006838
:1007D0009A88401A11441860998070470268531E25
:1007E000036083880133838002F8011C704782888C
:1007F000521A034682800068084418607047034616
:1008000000689A88521A01449A801960704710B59E
:1008100003681C780121FFF7EAFF204610BD10B5E0
:1008200003681C880221FFF7E2FF204610BD026822
:100830008068101A70478388C2888168D21A03685A
:100840005B1AD01A70474FF0FF324FF0FF3304307D
:10085000F7F77CBFF7F7F2BF90F87000C0F34110D4
:100860007047F8B504461E460D461746FFF7EBFFE6
:1008700094F870309B0715D425B1012D10D06FF07E
:10088000150508E0616F0029F9D09DF818300F7147
:100890004E718B710025201DFFF7DCFF2846F8BD47
:1008A000A16FF0E76FF07705F5E790F87000C0F3FF
:1008B0008000704738B50446F8F758FD2046FFF72A
:1008C000C2FFA06940B96FF01205201DFFF7C2FFFB
:1008D000F8F760FD284638BD94F87030DB0715D472
:1008E00005F01EF90028EED02046EAF797FE0546EF
:1008F0000028EAD128220146A01806F0A6FD94F8A7
:10090000703043F0010384F87030DEE76FF0770554
:10091000DBE738B50546F8F729FD2846FFF793FFD2
:1009200095F87030DA071CD59B071DD4A86903F031
:100930008CFA044638B9284600F04FF9044648B10D
:10094000A86903F0AFFA281DFFF784FFF8F722FD2E
:10095000204638BD95F8703043F0020385F87030BA
:10096000F1E74FF0FF34EEE76FF07704EBE7024674
:10097000034652F8680F904201D1002070470028CA
:10098000FCD0027A8A42F9D0DA6E8242F5D0006851
:100990000028F6D1704738B504460D46FFF753FFDF
:1009A00094F87030DB0718D42B690BB9EB68BBB136
:1009B000A36E1BB904F16803C4E91A332B6893B919
:1009C000E26E04F16801C5E900121560E5661D4696
:1009D000201DFFF73FFF284638BD4FF0FF35F7E7F2
:1009E0006FF01505F4E76FF07705F1E710B50446F1
:1009F000034654F8500FA0420DD100200DE0447D75
:100A00008C4204D1032909D1047A944205D05C6D4B
:100A1000A042F2D000680028F1D110BD0F29F5E7FF
:100A20002DE9F04105460C46061D4FF0FF324FF010
:100A3000FF333046F7F78AFE6F6F002F6DD095F8C1
:100A40007030DB0769D42B6D1BB905F15003C5E984
:100A500014332368002B63D1637D0F2B09D1237AD4
:100A6000012B0CD06B6D05F15002C4E900231C6012
:100A70006C65637D032B0FD04FF0000806E0E16842
:100A80002846FFF788FF80460028EBD03046F7F76E
:100A9000D5FE4046BDE8F0812A6D05F15000904238
:100AA0001ED1002329E091F815C0BCF1030F10D02E
:100AB000013323724B68C4E900131C604C60637AF5
:100AC000022B24D0032B25D0012BD5D1237ABB7345
:100AD000D2E791F808C00CF1FF3C6345E8D11268F9
:100AE000002ADED0537D696D032B0DD18A42137A23
:100AF00002D011680029D6D1013323726B6DC4E98D
:100B000000031C606C65DAE78A42E8D1C9E7237A02
:100B1000FB73B1E7237A3B74AEE74FF0FF38B5E7DC
:100B20006FF07708B2E70346006800B1187A7047A3
:100B30000346C08808B11878C009704770B50C46E4
:100B4000154600F0D7FA40B1406883681B6823B1AE
:100B50002A462146BDE87040184770BDF8B50369C4
:100B60008668BFF35B8FD3F8A030BFF35B8F9B0722
:100B700004460D4617460ED5B36A7BB1F36B984712
:100B8000B36A29463A4620469847336C05462046C4
:100B900098472846F8BD4FF0FF35FAE76FF0850516
:100BA000F7E770B503698668BFF35B8FD3F8A030B1
:100BB000BFF35B8F9B0704460D460BD5F36B98473D
:100BC000736A294620469847336C05462046984765
:100BD000284670BD4FF0FF35FAE70346002083F842
:100BE00034001863704738B590F83430022B0D4646
:100BF00004D100F079F908B1C46804B938BD2B7884
:100C0000032B07D0052B0CD0022B08D1606883681A
:100C10009B6902E0606883685B6903B19847246858
:100C2000EBE760688368DB69F7E70B0644BF21F0F8
:100C300080011031C84000F0010070472DE9F843F1
:100C40004FF0010805460C4646462068002839D07A
:100C500068F07F02D2B211465FFA88F7FFF7E5FF2E
:100C6000B0B1D5F8009011464846FFF7DEFF18B93D
:100C70006FF01500BDE8F88322F08002103206FA0A
:100C800002F229EA02032B60236823EA02032360AD
:100C900020683946FFF7C9FF78B12A6839461046FF
:100CA000FFF7C3FF0028E3D006FA08F122EA0102A9
:100CB0002A60236823EA0103236008F10108B8F1E0
:100CC000100FC2D10020D5E72DE9F04F8369426FA4
:100CD0001B6993F88030C3F34113022B8DB081461A
:100CE0000ED0032B0ED0012B0CBF10230823D37181
:100CF000D9F858800026B8F1000F05D14246ABE084
:100D00002023F4E74023F2E7D8F80430D8F80C4069
:100D100003930A9604967CB9049B039A09339BB209
:100D200093701B0AD3701671D8F80C40002C40F059
:100D3000AF80D8F80080DDE7606883681B6B002512
:100D40000B95002B00F0A28029469847002800F060
:100D50009D80031FC4E9035502933546029A52F859
:100D6000043F02920BB11A7822B9B54278D86FF0DD
:100D7000150271E05A780B2A08BF9D70029B1B6810
:100D80005A78042A10D1E2680B990A43E260DA78B3
:100D9000002A55D19D7023690122AA4013430135D1
:100DA0002361EDB200230B93029B1F687B78052B18
:100DB000D4D1D9F8183007936FF012024FF0010B1D
:100DC00079793B7943EA0123ADF8263097F902306F
:100DD0005FFA8BFA002B0A9B0593B8BF4AF0800A92
:100DE00051461846FFF721FF88BB0B9B06935146DF
:100DF0001846FFF71AFF50BBBB79FA7807980093A3
:100E000051460DF1260302F0ECFE0246F8B91AF045
:100E1000800F18BF2AF080014FF001031CBF103172
:100E20008B4005980699BDF8262087F802A008BFD8
:100E300003FA0AF319431843CDE90A01BA808DE792
:100E40006A1E9A700BA90AA8FFF7F8FEAAE70BF131
:100E5000010BBBF1100FB3D110460DB0BDE8F08F00
:100E6000E3680B9A1343E360606883689B6ADBB1B5
:100E7000984702460028EFD10146606800F001F96A
:100E8000049B2468034404932E4644E73546EBE76D
:100E9000E368A36004F10C010AA8FFF7CFFE024645
:100EA0000028D9D1246841E76FF08502D4E74FF0DC
:100EB000FF324FF0FF330430F7F748BCF7F7BEBC02
:100EC00021B101290DD000231B68FFDE58300068D6
:100ED00048B143685B79934205D000680028F8D197
:100EE00070476030F3E7704710B590F83430022B4C
:100EF000044609D1FFF7B0FC94F83C200146204697
:100F0000BDE81040FFF7DCBF002010BD08B5FFF7BB
:100F1000D7FF003818BF012008BD2DE9F041044675
:100F20000E46FFF799FC94F83C308046CBB9002E72
:100F30003BD0324641462046FFF7C2FF0746A8B1E4
:100F40000246204600F0D3F9054688B984F83C6093
:100F5000FC6864B3606883681B6A03B198472468BF
:100F6000F7E72046FFF7C0FF074620B96FF03C05C2
:100F70002846BDE8F0810146204600F08EF9102297
:100F80000546002104F13E0006F05FFA002384F8D4
:100F90003C30FF6817B9002DC9D0E9E7786883684D
:100FA0005B6A03B198473F68F4E784F83C6000252A
:100FB000DEE7F8B504460E4657681546FFF777FF9B
:100FC00094F87030D9074FD4012E08D0FB799A06D7
:100FD0000CD5A3691B69D3F880309B0706D46FF04A
:100FE0008506201DFFF76AFF3046F8BD002EF6D1BA
:100FF000236E53B9A26D62B9636F6A685B7C01337B
:10100000DBB25371626F53740EE09D422FD01B68A8
:10101000EFE7954222D12A68D3B9E36DA2659D42DC
:1010200000D1E26500232B60A96849B12046FFF793
:10103000F7FC06460028D4D1A868FFF774FDB87104
:1010400000232B60E36D63B9C4E916550026C8E799
:101050001A60E26D954208BFE365E3E71346126844
:10106000C9E71D60E565F1E76FF00F06B9E76FF0BE
:101070001506B6E74FF0FF324FF0FF330430F7F7B5
:1010800065BB08B583681B6B0BB19847034600200E
:1010900023B153F8042B0AB1127802B908BD1044E9
:1010A000F6E710B51C46FFF70BFF48B10122C068F8
:1010B00002FA04F320B10269134201D10068F9E792
:1010C00010BD10B50C46FFF70FFF48B10123C068F3
:1010D00003FA04F120B10369194201D10068F9E76C
:1010E00010BDD1F81A0083681B6903B118476FF06F
:1010F0008500704770B501F07F0311F0800F18BFB5
:10110000103301259D4090F83430022B044601D065
:10111000002070BD90F83C60FFF79EFB3246014610
:101120002046FFF7CDFE0028F2D0C0680028EFD09F
:1011300083681D42EDD10068F8E738B50C46FFF72B
:10114000D3FE80B1C06870B14368DA681AB1117912
:101150000023994201DC0068F5E71568ED5CA542C3
:1011600001D00133F5E738BD2DE9F04105461E46B3
:101170000846002A42D1EAF769FA044600283DD021
:101180002846FFF777FF95F87030DA0707D56FF03C
:101190000F04281DF7F752FB2046BDE8F081676871
:1011A000BFF35B8F6369BFF35B8FDB0704F1140848
:1011B000EDD47B680BB1AB42E9D132460021284621
:1011C000FFF77EFEB8B100232360036983B9C0E94D
:1011D0000344BFF35B8F58E8003F43F0010348E846
:1011E0000032002AF7D1BFF35B8F00247D60D0E787
:1011F0001C600461EDE76FF03C04CAE76FF0120475
:10120000CAE72DE9F8434C689DF820900D469846B2
:1012100006461746FFF720FBA3681B6B01461BB968
:101220006FF01500BDE8F883204698470028F7D0F6
:10123000041F0C35002054F8043F0BB11A782AB96A
:1012400000280CBF6FF03C000020EBE75A78042A1E
:101250000BD100BB9A784245EDD1DA784A45EAD104
:101260001B79002BDED00120E5E7052AE3D1002819
:10127000E1D0012F997806D0022FF4D1B0692A4627
:1012800000F0C4F804E0B0692A46194600F0A2F85C
:101290000028E8D0C6E70020C4E7F8B5CC680646C9
:1012A0000CB9204622E004F10C070125E268AAB13E
:1012B00065F07F03D9B203F07F031033DA40D20721
:1012C0000ED4E368EB40DB0705D5B0693A46E9B2D6
:1012D00000F09CF850B90135102DE7D12468DFE704
:1012E000B0693A4600F092F80028EAD0F8BD2DE93E
:1012F000F3475768002497F8058005460E46A14637
:101300003B79A34203DC002002B0BDE8F0875FFA1E
:1013100084FA3146534642462846FFF7C2FE01464C
:1013200050B1CDF80090534601222846FFF769FFDF
:101330000028E9D10134E3E76FF03C00E4E72DE950
:10134000F74380460D461746FFF7BBFE064628B911
:101350006FF00104204603B0BDE8F0830F2DF7D8ED
:1013600008EB0509014699F83E4000972B460022FC
:101370004046FFF746FF0028EAD100942B460222A0
:1013800031464046FFF73DFF04460028E2D1009772
:101390002B46012231464046FFF733FF0446002822
:1013A000D8D1706883685B6813B13A46294698477C
:1013B00089F83E70CEE711F0800F18BF21F0800150
:1013C00002684FF0010318BF10318B4022EA03037B
:1013D0000360704737B58B7900938B880C461546B0
:1013E000CA78897802F042FC70B994F90230A17889
:1013F0002A68002BB8BF21F080014FF00103B8BF6D
:1014000010318B4013432B6003B030BDF8B5064656
:101410000D46174602F053FC044658B92946384693
:10142000FFF7C9FF29463046F1F746FE044608B9E2
:10143000F7F7ECFF2046F8BD2DE9F0410B7E5E0684
:1014400005460C462FD1190624D5FFF72EFA70BB9E
:101450002846D5F87480268AEF8DFFF7FDF9F8B19C
:10146000421E534253419B01228A9AB1BE42E98DEA
:10147000324628BF3A4691420CD9B2FBF3F103FB46
:1014800011223AB994F91830002BBEBF637E43F0A5
:1014900008036376A8692146BDE8F04102F087BCE5
:1014A00098F80730E0E76FF01500BDE8F0814FF0E5
:1014B000FF30FAE743689869F1F72EBE70B591F9ED
:1014C00018304668002B05460C4607DBC4F81A5056
:1014D000B0692146BDE8704002F069BC3046FFF7B4
:1014E000E4F90028F2D04FF0FF3070BD806902F0BF
:1014F00088BC8069F1F7E0BD38B5054680690C46C7
:1015000002F0F9FB60B914F0800F18BF24F08004DA
:10151000AA6B4FF0010318BF1034A3401343AB6311
:1015200038BD70B5054680690E4602F00FFC0446D2
:1015300020B9314605F13800FFF73DFF204670BD68
:101540000B0648BF21F08001806B48BF1031C840B6
:1015500000F00100704782B0C3698DF8001001925D
:101560002BB102AB13E9060002B0EAF7CDB802B026
:10157000704782B0C3698DF8001001922BB102ABA5
:1015800013E9060002B0EAF7BFB802B0704770472F
:1015900003695B68D8687047036993F8400030B10D
:1015A000DA6B9388918910695B1A9BB2C01A7047F5
:1015B000036993F838007047036993F8402012B923
:1015C00093F838007047012070470369C3E9071298
:1015D0007047BFF35B8F0068BFF35B8F084100F07B
:1015E0000100704738B50469BFF35B8F04F18805CB
:1015F00055E8003F43F0040345E80032002AF7D1E4
:10160000BFF35B8F636B5A89DB889A4203D004F186
:101610002400F7F7A7FB04212846FFF7DAFF28B9D3
:1016200004F17800BDE83840F7F79CBB38BD10B531
:101630000469606BFEF73FFE10B1012384F8393076
:1016400010BD10B50469606B4289C3889A4202D10B
:101650004FF0FF3010BD0122FEF72DFE0028F7D01D
:1016600004F17800F7F77EFB0020F3E738B5046952
:10167000EFF31185402383F31288BFF36F8FE06B84
:10168000FEF7F9FD85F31188BFF36F8F10B10123C9
:1016900084F8413038BD38B5034640681B695D6841
:1016A000AC68A37A84F8223094F82D3084F8233083
:1016B000696841B1237C33B9FFF7B2F918B968689A
:1016C000FFF731FA2074002038BD01238B40DB4343
:1016D000BFF35B8F50E8002F1A4040E8002100293B
:1016E000F8D1BFF35B8F7047006902218830FFF7A4
:1016F000ECBF006903218830FFF7E7BF08B5036935
:10170000186900218830FFF7E0FFBDE8084001219B
:10171000FFF7DBBF0369186901218830FFF7D5BFE8
:101720002DE9F04750F8483C00F140055B6807465A
:1017300000212846D3F80080FFF74BFF00284DD04A
:1017400001212846FFF745FF002847D1BFF35B8FF3
:1017500055E8003F43F0200245E800210029F7D179
:10176000BFF35B8F9B0639D4D8F810305B689B6859
:10177000402293F836104046FFF79CFE064650B9CB
:1017800028460521FFF7A1FF38462122BDE8F04792
:101790000023F7F757BB8146428A59F80C1F57F8C8
:1017A0000C0CFEF788FD044601464846FEF7E6FFAE
:1017B00024B114F03F0F0CBF0124002407F82D4C76
:1017C00031464046FFF77AFE40B13046E9F7A8F8C7
:1017D00028460521BDE8F047FFF777BFBDE8F08751
:1017E000F8B5036947681C695B689B680D4693F808
:1017F0003D30097E06462AB3994204D1042104F102
:101800008800FFF762FF33692A7E5B689B6893F864
:1018100036309A4204D1052104F18800FFF755FFC4
:1018200033692A7E5B689B6893F826309A4203D11D
:1018300004F18C00F7F7E4F829463846BDE8F84093
:10184000FFF754BE994214D12A8AE968606BFEF70B
:1018500012FD28B1E3691BB104F12400F7F782FA05
:1018600004F188000421FFF730FF04F17800F7F756
:1018700079FA33692A7E5B689B6893F836309A421E
:1018800015D1E3691BB104F12400F7F76BFA0521C8
:1018900004F18800FFF719FFE36B5A89DB889A424D
:1018A00005D00022002304F14800F7F7CBFA336992
:1018B0002A7E5B689B6893F826309A42BCD104F17B
:1018C0008C00F7F73DF8B7E738B550F8783C5B681F
:1018D0001D6800F11003024600211846FFF779FE4B
:1018E000002836D001211846FFF773FE88BB52F856
:1018F000441C8A8888890969121A92B28A1A3F2A76
:1019000027D9BFF35B8F53E8002F42F0100143E863
:1019100000100028F7D1BFF35B8FD30619D42B69D1
:101920005B689B68402293F83D102846FFF7C2FD94
:10193000044670B1438A402B28BF402343820146AE
:101940002846FFF7BBFD20B12046BDE83840E8F748
:10195000E7BF38BD38B550F8243C5B681A6850F8CA
:10196000083C0446002B4BD0002300F16405838221
:10197000838302212846FFF72CFEB8B154E90231D7
:1019800010699847637D1BB104F15400F7F7EAF939
:1019900005212846FFF71DFE98B9637F6BB1002231
:1019A000002304F12400F7F74DFA0AE0032128464A
:1019B000FFF70FFE0028E1D1E4E714F8093C002B03
:1019C000EDD102212846FFF704FE38B123695A8978
:1019D000DB889A4202D02046F7F7C4F90321284653
:1019E000FFF7F7FD60B1A2699388918912695B1ACC
:1019F0009BB29A4204D02046BDE83840F7F7B2B90E
:101A000038BD08B5036903F1880202211046FFF7CB
:101A1000E0FD28B1596B4889C988401A18BF0120D8
:101A200083F8380003211046FFF7D3FD40B1DA6B8D
:101A3000908891891269401A80B2801A18BF0120DB
:101A400083F84000012008BD03691B69BFF35B8F69
:101A5000883353E8001F41F0020143E80012002AD6
:101A6000F7D1BFF35B8F704770B503691C69BFF393
:101A70005B8F04F1880555E8002F42F0010245E82C
:101A800000210029F7D1BFF35B8F02212846FFF721
:101A9000A0FD10B11846FFF7A5FD03212846FFF76A
:101AA00098FDA8B1E26B9388918912695B1A9BB289
:101AB0009A4205D004F12400BDE87040F7F752B90E
:101AC00004F148000022BDE870400023F7F7BAB9DE
:101AD00070BD0069BFF35B8F00F1880353E8001FFE
:101AE00041F0080143E80012002AF7D1BFF35B8FF1
:101AF000C26B9388918912695B1A9BB29A4202D099
:101B00002430F7F72FB9704730B585B014460A88EE
:101B10008B78ADF8002005460D2200210DF1030061
:101B20008DF8023005F091FC6A466946284603F0BC
:101B300073F928B9BDF800209DF802302280A37007
:101B400005B030BD13B50C4601AA0331FFF7DCFF29
:101B500048B9032201A9204605F07FFCB0FA80F0C5
:101B6000400902B010BD0020FBE710B50C4601781B
:101B700022788A428AB00FD06946E9F759FF05A951
:101B80002046E9F755FF10220DF115010DF1010076
:101B900005F063FC0AB010BD012A06D0022A07D066
:101BA00072B940886388C01AF4E740686368FAE74E
:101BB0001022611C01300AB0BDE8104005F04DBC98
:101BC0006FF01500E6E7042A0AD0102A0DD0022A89
:101BD0004FF0000315D103700B884380012070473C
:101BE000012303700B684360F8E7022300F8013B10
:101BF00001F1100351F8042B40F8042B9942F9D15C
:101C0000ECE718467047012310B50621044600F89A
:101C1000013BF5F78FF818B9A37963F03F03A3717F
:101C200010BD0B6803608B8883808B798371037888
:101C300023F00203037070470078C0F34000704740
:101C400038B50446807AE8F7C3FD6169054649B1B5
:101C5000637ADB0704D4436A1B6820469B68984775
:101C60000023636121462846BDE8384004F013B9DB
:101C70002DE9F04101F10C080C46054600F10C017C
:101C8000404617461E46FEF772FD4046FEF7CFFD62
:101C9000012310FA87F068826B722F823946404622
:101CA000FEF7A5FDE3687360628A0023E36072813A
:101CB000638234602846BDE8F08138B5D1E900324E
:101CC000DA600B684A895A820C4605460868E8F7CC
:101CD00027FE20461022002105F0B7FB2846BDE86C
:101CE0003840FFF7ADBF438A23B9C068B0FA80F02F
:101CF0004009704700207047D0F8A43083B15A7B68
:101D0000D1070DD5D2060DD51B7B102B14BF032395
:101D100004234372807A98428CBF002001207047D0
:101D20000223F6E70323F4E70F2807D80D280BD882
:101D3000052808BF032018BF02207047132803D0CE
:101D40001A2808BF0120F6E701207047FEF77ABB8A
:101D5000FEF781BB10B50346BFF35B8F53E8000F5E
:101D600040EA010243E80024002CF7D1BFF35B8F67
:101D700010BD0023E7F7AEBABFF35B8F50E8003F1A
:101D80000B4040E80032002AF8D1BFF35B8F704768
:101D9000C0F307231070000E5370D0700023C1F3FE
:101DA0000720090E9370137150719371D1717047B0
:101DB00038B504460D46EAF717F95F3005D12946D4
:101DC0002046BDE83840E9F7E5BF38BD10B5EBF770
:101DD000C5FE6FF4807104461030FFF7CDFF20463A
:101DE000BDE8104000F010BAC368DB78012B01D1C8
:101DF000FFF7ECBF7047C368DB78012B01D1FFF719
:101E0000E5BF704710B503884288934219D8052B67
:101E100017D9B2F5486F14D88388B3F5FA7F10D27A
:101E2000C088A0F10A0189B240F67644A14208D8E0
:101E300001339BB25343B3EB800F34BF012000202A
:101E400010BD0020FCE70020704708B5F0F788FFC0
:101E500018B1C089003818BF012008BD70B506460A
:101E60000D464FF0FF304FF0FF31EAF7A3FB044679
:101E700018B9BDE87040E9F783BF03210C30FEF7C5
:101E80007DFC06808570214642F22100BDE870404D
:101E9000EAF76ABD70B506460D464FF0FF304FF0C9
:101EA000FF31EAF787FB044668B103210C30FEF7E7
:101EB00065FC0680857021460022BDE8704040F236
:101EC0000640EAF7CFBE6FF0680070BDC3681878AF
:101ED00008B1E9F7ADBF1846EBF716B838B54FF0C3
:101EE000FF3105464FF0FF30EAF764FB044668B166
:101EF00002210C30FEF742FC2B8803802146002291
:101F0000BDE8384042F21600EAF7ACBE6FF0680058
:101F100038BD08B500200021EAF738FE18B1BDE849
:101F20000840EAF71BBDBDE80840ECF709BD08B55D
:101F3000072205F092FAB0FA80F0400908BDFEF7DA
:101F400081BA0B6803608B8883808B7983717047BB
:101F5000BFF35B8F0068BFF35B8F7047F8B50F4628
:101F6000144638BB4FF0FF304FF0FF31EAF722FB49
:101F7000054610B327210C30FEF700FC3946FFF769
:101F8000E0FF06462246C31D04F1100152F8040B7F
:101F900043F8040B8A42F9D11022002106F1170000
:101FA00005F053FA29460022BDE8F84042F2270026
:101FB000EAF758BE6FF01500F8BD6FF06800FBE758
:101FC000037A5B07024605D501462A3211F8010B58
:101FD000FFF7C4BF704738B54FF0FF3105464FF0EB
:101FE000FF30EAF7E7FA044658B129460C30FEF70D
:101FF000D4FB21460022BDE8384042F22D00EAF72A
:1020000031BE6FF0680038BD10B400F11003BFF3AB
:102010005B8F53E8002F22F4005143E80014002C9A
:10202000F7D1BFF35B8F930403D510BC012100F0FF
:10203000E9B810BC704770B5044686B00E46013052
:102040000131FFF774FF2A34162200210546684645
:1020500005F0FBF910226946204605F0FEF940B173
:10206000102206F12A01204605F0F7F9002808BFE2
:102070000125284606B070BD38B54B6805460C46AC
:1020800073B90B7A13B9037A5B0709D520682A78EC
:1020900003789A4204D02946FFF7CDFF00B165606E
:1020A00038BD00F1100208B503461046FFF750FF97
:1020B000C10511D5BFF35B8F52E8000F40F400500B
:1020C00042E800010029F7D1BFF35B8F18460021D9
:1020D000BDE8084000F096B808BD10B50C4630B910
:1020E00019B1F0F7FBFD00B1441C204610BD0024DF
:1020F000FBE718B111B10846EBF7B4B86FF0150063
:10210000704713B5044680B106216846F4F712FE05
:1021100048B99DF80530694603F03F0320468DF825
:102120000530FFF7E6FF02B010BD6FF01500FAE7CB
:10213000003818BF01207047037AD90704D523F06F
:1021400001030372EBF720BA990704D523F00203C9
:102150000372EBF733BA7047034610F4004F0CBF1D
:1021600007200620DA0348BF00F005009B0348BFA4
:1021700000F0FB007047BFF35B8F0068BFF35B8F1D
:102180007047012303FA01F15AB1BFF35B8F50E8A6
:10219000003F0B4340E80032002AF8D1BFF35B8FC9
:1021A0007047C943BFF35B8F50E8003F0B4040E8E6
:1021B0000032002AF2D0F7E770B5064686B00D4629
:1021C0004FF0FF304FF0FF31EAF7F4F90446B0B1B9
:1021D0000C3095B10121FEF7E0FA06F1100203A9D7
:1021E000204600950823EAF7D3F90022214642F25F
:1021F0000A00EAF737FD06B070BD2946EBE76FF03D
:102200006800F8E7FFF7D8BF183003F02EBF036867
:10221000D90444BF43F48063036003689A0444BF55
:1022200043F400630360704701F12003013813F8A1
:10223000012D00F8012F8B42F9D1704700230B606C
:10224000436813B9C0E900117047196041607047D5
:10225000D0F8C000003818BF0120704708468969CF
:102260001160C2691A60C27A0021183005F0EDB819
:1022700010B50346BFF35B8F53E8000F40EA01023D
:1022800043E80024002CF7D1BFF35B8F10BD243846
:10229000ECF7B0B8036800220BB9184670478B42C0
:1022A00010D10B6842B942680360914200D143608B
:1022B00000230B600120704713604368994208BFF8
:1022C0004260F5E71A461B68E6E710B50446006968
:1022D00018B1E8F725FB0023236110BD10B5BFF34B
:1022E0005B8FD0F8D430BFF35B8F00F1D4027BB1A9
:1022F000BFF35B8F591C52E8004F9C4204D142E867
:10230000001CBCF1000FF6D1BFF35B8FE7D110BD0D
:102310001846FCE710B5437B023B0446062B16D853
:10232000DFE803F009041515150B090001730021FE
:102330002046ECF7ABF9002010BD0088FFF7AAFD9E
:102340000028F9D1637B072BF5D10821F0E76FF066
:102350007F00F1E710B50446D0F8A40028B9207A30
:1023600004F17001F0F7FCFC38B1E278C3892AB9B6
:1023700013F0210F14BF0120002010BD13F0240F13
:10238000F8E738B58378012B044629D1437B072B26
:1023900029D10B0601F07F050BD54FF40041043025
:1023A000FFF766FFA5722046EFF77EFFA8B9002071
:1023B00038BD437AAB42FAD2837AAB42F7D2BFF34D
:1023C0005B8F031D53E8001F21F4004143E8001216
:1023D000002AF7D1BFF35B8FE4E7637AA372E7E7E4
:1023E0006FF01500E4E76FF07F00E1E78378012BE1
:1023F0000CBF407A0020704738B5037A8B42044600
:10240000154615D100F170010722284605F025F880
:1024100080B1E378072243B904F17E01284605F034
:102420001CF8B0FA80F0400938BD04F17701F5E7F7
:102430000020F9E70120F7E78378012B0CBF70300B
:1024400000207047F8B507460D464FF0FF304FF0BB
:10245000FF31EAF7AFF80646D0B10E210C30FEF797
:102460008DF90E220446002104F0EFFF3B88238003
:102470002B8863806B88A380AB88E380EB88238103
:1024800031460022BDE8F84042F21300EAF7EABB09
:102490006FF06800F8BD704710B50446F6F766FFA8
:1024A000234653F8482BD2F8C01061B9A164D2F882
:1024B000C41061B9C2E93033F6F76CFF2068BDE89B
:1024C0001040ECF7BFB88B42F6D00968EDE70B601F
:1024D000C2F8C430F0E703682BB141681A680260A3
:1024E0008B4208BF4260704770472DE9F843446B48
:1024F000002C55D054F8085905B1083D002701E0DB
:102500002C461D46D4E900682EB3F6F72FFFD6F807
:10251000C03004F14801002263B1994232D1A36C6A
:1025200042BBD6F8C420C6F8C030914201D1C6F8EB
:10253000C430A764F6F72EFF04F13009002200230F
:102540004846F6F7CBF90646F8B9D8F804300BB18F
:10255000204698472760E3680BB120469847D8F893
:1025600020300BB120469847D5B1AB68002BC7D0BF
:10257000083BC5E71360D6F8C430994208BFC6F8D7
:10258000C420D6E71A461B68C6E7B36923B1F169D0
:1025900020686FF06D0298473046E8F7C1F9CDE743
:1025A000BDE8F88338B5436B0D46BBB1184650F80B
:1025B000084904B1083C53F8043C9B680BB1294618
:1025C00098475CB12046A468436824B19B68083CE6
:1025D000002BF4D1F6E79B68002BF0D138BDF8B59D
:1025E0000F4600210546164600234FF48032084668
:1025F000ECF71AFE044620B92846BDE8F840ECF78F
:10260000DFBD04210C30FEF7B9F805704770468035
:102610002046F8BD406B30B1838B8B42A0F108009F
:1026200001D08068F7E7704710B54AB989B2FFF763
:10263000F1FF28B143689B6913B1BDE8104018470A
:1026400010BD38B50D460521FFF7E4FF00231A46FB
:102650002946ECF703FE044610B12846E8F760F976
:10266000204638BD406B30B183898B42A0F1080011
:1026700001D08068F7E7704770470346006828B1CB
:10268000596802681A60884208BF5A60704703465A
:10269000002003B970471A8A5B681044F9E710B547
:1026A000D4682378023113B92170012010BD8B4208
:1026B000FBD0038A023B038200201061F6E7FDF79E
:1026C000C1BE2DE9F04104468868FFF7E0FF638D45
:1026D000628B934228BF134683420D461DD3A165EA
:1026E000D1F8088000278F60F6F740FE414620466B
:1026F000ECF7B0FF064638B1C5F80880A765F6F7D5
:1027000049FE3046BDE8F081618D638B994228BF58
:102710001946284600F07DFEF1E76FF07906F0E7F4
:1027200073B51446014605464FF49572206800F0D3
:10273000B9FD207530B92068294600F06DFE20B93A
:1027400008232375002002B070BD237AB3B1A3F132
:102750001802534253419B000193638A0093AE6871
:10276000238AE26820682946B047002808DB238ACC
:1027700098420CD1002323750120E4E70223EBE704
:1027800010F1FF0F03D34042C0B22075DAE70E20EC
:10279000FBE71FB5CDE90123002300931A46EEF7AE
:1027A000E9FA05B05DF804FB38B504460D46ECF7D0
:1027B00051FF30B1294604F15C00BDE8384003F018
:1027C0005FBB38BDF8B59368166805460F461446DA
:1027D00063B9506801210C30FDF7D0FFA0602B6871
:1027E0001B78002B14BF022301230370A3681B78FE
:1027F000012B03D0022B1FD000201CE02B681B787C
:10280000002BF9D1606804210C30FDF7B7FFE060C0
:1028100007802A68E36852885A806168728D738BDA
:10282000088A9A4294BFC0EB0200C0EB0300042860
:1028300094BF00200120F8BD2B681B78022BDBD150
:10284000606812210C30FDF799FFE06007802B686B
:10285000E268591C0232113351F8040B42F8040BA0
:102860009942F9D16168728D738B088A9A4294BF3C
:10287000C0EB0200C0EB03001228D9E770B4056872
:102880006A6A52B3136803B1A83BA2F1A8040022FC
:10289000114600E0A83B844207D0668D648BB142AC
:1028A00038BF3146A24238BF22461C462BB1D3F86E
:1028B000A830002BEED18442EFD1438D408B8B4268
:1028C00001D890420BD9824238BF0246994228680B
:1028D00038BF194670BCEEF7F7BE1146EDE770BC85
:1028E0007047D0680378043113B901700120704734
:1028F0008B42FBD091680B8A0020043B0B82106155
:10290000704770B504460E46002200230846F5F7CE
:10291000E5FF054658B101462046ECF79BFE04460C
:1029200018B12946304603F0B6FA204670BD6FF064
:102930000104FAE72DE9F04F044685B010469046B1
:102940009946FFF7A4FE638B628D934228BF13461E
:1029500083428B4640F29380636803934046FDF7C1
:10296000D4FE4FF0000A06464046FFF790FE628B09
:10297000638D06F10C079A4294BFC0EB0205C0EBD1
:1029800003053846FDF757FF854217D24046FFF74B
:102990007EFE628B638D9A4294BFC0EB0205C0EB52
:1029A00003058DBB98F80A00E7F712FF0022002309
:1029B000FDF778FE064630B9574636E03846FDF753
:1029C0003AFF0546EDE701464046FDF7AFFE4046BB
:1029D000FFF75DFE628D638B06F10C079A4294BF90
:1029E000C0EB0205C0EB03053846FDF724FF854226
:1029F0001FD24046FFF74BFE628D638B9A4294BF15
:102A0000C0EB0205C0EB0305F168328ACDF80090F7
:102A1000DBF8047003980A44ABB25946B847071E66
:102A20000CDABAF1000F18BF5746384605B0BDE8BA
:102A3000F08F3846FDF7FFFE0546E5E70E9BB3B97C
:102A4000394606F10C00FDF799FE4046FFF71FFEE0
:102A5000638D628B934228BF1346B9448342BA44C4
:102A60001FFA89F9A8D9AF423FF47EAFA4E70F9AC5
:102A70000E9B3946304698470028E1D19CE7002755
:102A8000D3E70368002203B970478B420FD10B686C
:102A90003AB942680360914200D1436000230B6061
:102AA000704713604368994208BF4260F6E71A46D0
:102AB0001B68E8E7BFF35B8F50E8003F43F0080274
:102AC00040E800210029F7D1BFF35B8FC3F3C000BA
:102AD00070472DE9F041064690461F460D46B9B1B4
:102AE00004220121ECF7EEFE044618B9BDE8F041DE
:102AF000ECF726BE04210C30FDF740FE0570A0F86F
:102B00000180C77021463046BDE8F041FFF74CBE5A
:102B1000BDE8F08137B50C46054601F10C00FDF724
:102B20007EFE228A0192E26800920346132212215D
:102B30002846ECF71DFF03B030BD37B50C460546FF
:102B400001F10C00FDF76BFE228A0192E26800920F
:102B50000022034611462846ECF70AFF03B030BDB9
:102B60002DE9F3411768D7F8048000231446137346
:102B7000014606469522404600F094FB0546207328
:102B800030B93146404600F045FC28B9082323738C
:102B9000002002B0BDE8F081CDE900553146A388A0
:102BA000A2683846FFF7C6FE002807DA10F1FF0FCB
:102BB00026BF4042C0B20E202073E9E70120E8E7BB
:102BC0002DE9F3411768D7F80480002314461373E6
:102BD000014606469522404600F064FB05462073F8
:102BE00030B93146404600F015FC28B9082323735C
:102BF000002002B0BDE8F081A068798D7A8B038A4D
:102C0000914294BFC3EB0103C3EB0203012BEFDD41
:102C100002210C30FDF7B2FDCDE900558046A388B6
:102C2000A26831463846FFF785FE031E06DA13F127
:102C3000FF0F26BF5B42DBB20E23D8E7A8F80030B7
:102C40000120D6E707B5CA681388528800920C2184
:102C50000D22EDF7ABF903B05DF804FB07B5CB68C7
:102C600000221B8800920A210B22EDF79FF903B086
:102C70005DF804FBF8B5CB681F88BBB2162B054680
:102C800019D90321EDF74EF80646B0B102210C30F8
:102C9000FDF774FD00246FF00803037044703146A3
:102CA0002846FFF781FDF72328466B836F85FFF7E2
:102CB000E5FD2046F8BD0420FCE70E20FAE7F8B554
:102CC0000546071F00F1500350F8044CBFF35B8F1B
:102CD00053E8001F21F0040143E80012002AF7D155
:102CE000BFF35B8FFCB16B6D83B9636873B1201D5B
:102CF000FFF7C3FC064601463846FFF7E2FC90B1F9
:102D000063683360A368666003B9A66005F1580183
:102D10003846FFF7F6FD30B104F10C013846BDE846
:102D2000F840FFF7EEBDF8BD2DE9F041446A0746D3
:102D300034B354F8A86906B1A83E00231D4607F134
:102D4000040801E034461646A26D92B905B983B96C
:102D50004046FFF792FC054650B101462046FFF77A
:102D6000B0FC68B17B682B60BB687D6003B9BD6057
:102D700023462EB1D6F8A820002AE3D0A83AE1E7EE
:102D8000BDE8F08138B5BFF35B8F0B68BFF35B8F95
:102D9000DB07054616D550F8040C98B16B6D8BB95E
:102DA0000430FFF76AFC044660B10146281FFFF7B4
:102DB00088FC38B155F8043C5A6822609A685C6017
:102DC00002B99C6038BDEDF769BF0A8AC968002363
:102DD000EDF706BC70B50E46EDF7E4FA044628B9E7
:102DE0003046E7F79DFD6FF07F0070BD00F10C05E8
:102DF0002846314603F044F8606A38B150F8A849D3
:102E000004B1A83C2946FFF77CFD20B90020ECE77F
:102E10001C466FF00100002CF8D0D4F8A83023B97C
:102E20000230F5D020461C46ECE7A83BF8E738B561
:102E300005460C46F6F79AFA2846EDF7B3FA20B99C
:102E4000F6F7A8FA6FF07F0038BD0023236083688F
:102E50003BB9C0E90144FFF767FFF6F79BFA002092
:102E6000F2E71C608460F6E70120704708B5EDF7D3
:102E700099FA98B1436A8BB1BFF35B8FA83B03F11A
:102E8000540252E8000F20F0080042E80001002937
:102E9000F7D1BFF35B8FD3F8A830ECE708BD08B5D6
:102EA0000421FFF7DFFB30B1BFF35B8F006DBFF391
:102EB0005B8FC0F3C00008BD10600020704710B5E4
:102EC000029CA36833B1B1F5807F28BF0E21CAB23E
:102ED00021469847A37DE268013BDBB2A37522B18E
:102EE0001BB92046BDE81040104710BD106091800E
:102EF00000207047F0B507683D7889B00646144653
:102F0000E5B97B88B3F5245F04D011D8A3F520532D
:102F1000032B13D8ADF80A1002220DF10A01204646
:102F2000EDF7ACFC70B16FF01502C4F85C2106E05F
:102F300003F55643FF339BB2042B1DD901252846C8
:102F400009B0F0BD7B88ADF80A3002220DF10A010C
:102F50002046EDF793FC0028E5D1009003AA77689E
:102F600013233146B847021EDFDB03A92046EDF7E5
:102F700085FC0028E2D0D6E7ADF80A1002220DF158
:102F80000A012046EDF77AFC0028CCD17B88ADF809
:102F90000A3002220DF10A01E8E708B5072204F021
:102FA0005CFAB0FA80F0400908BD10B50346BFF3E3
:102FB0005B8F53E8000F40EA010243E80024002C35
:102FC000F7D1BFF35B8F10BD0B6803608B888380E4
:102FD0008B798371704770B50D46064611F8010B69
:102FE000EBF7A2FF044610B12C89EBF70FFBA87A90
:102FF00005F10B01EBF798FF28B16B8A9C4238BFB3
:103000001C46EBF703FBAB8AA34207D0AB69AC824B
:1030100023B121463046BDE87040184770BD38B531
:10302000BDF81040A24215460CD84CB16BB1A21AA3
:103030008A42A8BF0A4694B22246591904F0DDF923
:10304000204638BD6FF00600FBE76FF00D00F8E793
:1030500030B585B0C96814461D46EDF76FFC00B168
:103060000089ADF80E0002230093BDF820200DF179
:103070000E0329462046FFF7D2FF05B030BD1FB52D
:103080000C461946E3681C781046BDF818203CB180
:1030900010240133069404B0BDE81040FFF7BFBF11
:1030A0005B88ADF80E30022300930DF10E03FFF79D
:1030B000B6FF04B010BD30B585B01D4600231446E0
:1030C0008DF80C30EDF7ECFB10B1037A8DF80C3075
:1030D00001230093BDF8202003AB29462046FFF7CB
:1030E0009EFF05B030BD2DE9F04114461D46BDF8E8
:1030F0001870E9F72FFC0646E3F721FF80B206902F
:1031000033463A4629462046BDE8F041FFF787BFDF
:1031100030B585B014461D46FEF795FE0223ADF886
:103120000E000093BDF820200DF10E032946204625
:10313000FFF775FF05B030BD70B500F170060546AC
:103140003146007AFEF781FE04463146287A3CB1CA
:10315000EDF7D4FB18B1002303604360836070BDBA
:10316000EDF7CCFB0028FAD0046044608460F6E7F9
:10317000022A10B508D1002300F170011A46007A26
:10318000EDF72AFC022010BDFFF7D6FFFAE7012178
:103190000C30FFF70ABF38B504461546FFF764FE4A
:1031A00040B12046EDF77CFB20B1037ADB0701D567
:1031B000FFF7EDFF35B9207A04F17001EDF79EFBC2
:1031C00000B1856038BD38B5BDF81010BDF81840A5
:1031D000059DA14210461A460CD84CB16DB1631A38
:1031E0009A42A8BF1A4694B22246294404F005F92F
:1031F000204638BD6FF00600FBE76FF00D00F8E7E2
:1032000013B5044610B9002002B010BD00238DF89C
:103210000430006842F6030301A9ADF80630FEF75A
:10322000A4FC0028EFD1E36898880028ECD1204660
:10323000EDF770FD013080B2E6E770B5CC6888B07C
:1032400008461E46A3798DF80C301546FFF7D8FFC7
:10325000ADF80D00246823786BB96388ADF80F30A2
:1032600005230093BDF8302003AB31462846FFF715
:10327000D6FE08B070BD631C0DF10F02113453F877
:10328000041B42F8041BA342F9D11323E9E71FB53D
:10329000CDE90123002300931A46EDF76BFD05B03D
:1032A0005DF804FB38B54C8AD3070546C4F30E0419
:1032B00004D514F0950F2AD04B6843B3900704D57A
:1032C00014F4957F25D08B681BB3144014F4DE7F73
:1032D0000DD0EB7A2BB92846FFF73CF8D8B905207A
:1032E00038BD14F0300F04D114F4C07F07D1002092
:1032F000F6E72846FFF77AF80228F5D8EFE7D5F881
:10330000A430002BEBD05B7BDB06E8D5EFE7022097
:10331000E6E70320E4E70F20E2E7F8B514460F469E
:10332000942261680646FFF7BDFF20BB6168012259
:103330003046EDF73FFE08B3A2891B21023230462A
:10334000EDF7DEF80546E0B1A1890C300231FDF75A
:1033500015FA20F8027BA289A16804F04EF8D4E99E
:10336000041228460123EDF777FA29463046BDE8D6
:10337000F840FFF72FBD4FF0FF30F8BD6FF015009C
:10338000FBE76FF00B00F8E72DE9F04105460F462B
:10339000EDF786FA044608B3037ADA071ED5BFF3C1
:1033A0005B8FC668BFF35B8F16F0010600F10C0857
:1033B00014D1A7B1BFF35B8F58E8003F23F002029E
:1033C00048E800210029F7D1BFF35B8F9B0728460F
:1033D00008D5FFF74BFD2046FFF7D9FE0126304602
:1033E000BDE8F081FFF740FD0028F8D02846FFF740
:1033F00056FD0028F3D0BFF35B8F58E8003F23F061
:10340000020348E80032002AF7D1BFF35B8F284659
:10341000DFE77047012070470120704707207047A1
:10342000FDF710B8BFF35B8F0068BFF35B8F0841F7
:1034300000F00100704738B50A46034609B901207B
:1034400038BDC88910F0240FF9D0197D5D7B147B3D
:10345000A94228BF29468C4201D90020F0E7840602
:1034600008D4507B197AC0070BD4187A003818BFDB
:103470000120E5E70521181DFFF7D4FF0028F0D152
:10348000EBE70029E9D00521181DFFF7CBFF18B99C
:10349000197A01390129E0D9527BD207CFD4E4E768
:1034A00001238B40DB43BFF35B8F50E8002F1A40B2
:1034B00040E800210029F8D1BFF35B8F7047FCF78B
:1034C000CABF08B50621FFF7CDF818B9BDE8084016
:1034D000EEF7A4B9EC3808BD4FF47022002300F5D4
:1034E000A070F5F7E3BC0720704701238B40BFF3C2
:1034F0005B8F50E8002F1A4340E800210029F8D1E3
:10350000BFF35B8F704708B50E21FFF7EEFF002079
:1035100008BD70B5051D0E4628460421FFF782FF41
:1035200068B10022002100230846EBF77DFE044627
:1035300040B904212846FFF7D8FF204670BD4FF45C
:103540007022EFE701210C30FDF718F90670F4E75F
:1035500038B504210446FFF7DCFF054698B1102179
:103560000C30FDF70BF904F1270304F1370253F88F
:10357000041B40F8041B9342F9D120462946EEF77C
:1035800063F9002038BD0820FCE770B5D0F8EC30B6
:10359000DB78012B044619D1CD68061D1021304679
:1035A000FFF77EFF2B4604F1B70205F1100153F837
:1035B000040B42F8040B8B42F9D107213046FFF788
:1035C00031FF28B109213046FFF78FFF002070BD81
:1035D0000A213046FFF726FF0028F3D12046BDE838
:1035E0007040EEF747BA0720704707207047072062
:1035F000704730B5012303FA01F1CA43BFF35B8F73
:1036000050E8003F03EA020440E80045002DF7D1EE
:10361000BFF35B8F194214BF0120002030BD38B5C5
:103620000446031D0025BFF35B8F53E8002F43E8DA
:1036300000510029F9D1BFF35B8F04F5A07002F0AF
:1036400014FD2572BFF35B8F54E8003F44E800523D
:10365000002AF9D1BFF35B8F20460121BDE8384035
:10366000FFF743BF70B500F1700605460C46072210
:103670000968304603F0F1FEB8B963681A682A6732
:103680009A88A5F874209B7985F87630D5F8A4300F
:103690005BB1A268934208D062681168C3F8011058
:1036A0009188A3F805109279DA7170BD2DE9F84F71
:1036B000DDF82C80BDF82890044692461F46FFF79F
:1036C00000FF054600285AD0061DB9F1000F27D18A
:1036D0005AEA070324D103213046FFF7A3FED0B3F3
:1036E00001213046FFF79EFEA8B32C7D6B7B9C42E8
:1036F00028BF1C46224605F14701404603F07DFEE7
:103700000F2C06D8C4F11002002108EB040003F0CE
:103710009CFE30460121FFF7E8FE0120BDE8F88F4E
:10372000D4F8A430F3B904F1700B217A5A46202062
:10373000EFF7B8FAC4F8A40030B9217A5A4601204C
:10374000EFF7B0FAC4F8A400B9F1000F0AD15AEAB1
:10375000070704D006E0D4F8A430002BE3D0D4F857
:10376000A41071B90F213046FFF75CFE20B1022290
:1037700006212046EBF784FB2846FFF750FF002088
:10378000CCE7CB899B06EDD50C7B1A312246B4E7FA
:103790006FF08500704770B504460820EDF7ECFF28
:1037A0000546E0B1061D08213046FFF779FEBCB39F
:1037B0000721FFF775FE234605F1970204F120016A
:1037C00053F8040B42F8040B8B42F9D10A2130461E
:1037D000FFF728FE70B109213046FFF786FE07206B
:1037E000EDF7CAFF0446E8B1EEF74CF80146C8B160
:1037F000204612E010213046FFF714FE0921002870
:10380000EAD13046FFF70EFE0028E8D02846EEF752
:1038100031F901460028E2D02846EEF799FEDEE7AE
:103820000B21F9E770BD70B50446A0F1EC0650F825
:10383000543BE83CD3F8A45002F017FC0321204687
:10384000FFF7F0FDA0B108213046EEF7F1FD3DB1E4
:10385000EB8913B16B7B9B0702D5284600F029F852
:1038600030464FF4BC72BDE87040002103F0EDBD5E
:1038700001212046FFF7D6FD0028E4D10F21204684
:10388000FFF7D0FD0028DED1E1E770B504460D4614
:103890001646EFF707FA38B931462846EFF7CEF962
:1038A00010B1C3891C43C48170BDC3891943C18150
:1038B000704710B5037A5B07044601D5E9F77EFE31
:1038C00020464022BDE81040002103F0BEBD531E3B
:1038D0001944024411F8013900F8013B9042F9D132
:1038E000704710B5431E00F11002073013F8011F96
:1038F00012F8014D1C7083421170F7D110BDF0B564
:1039000097B014460E462022014605A81D461C9F6E
:10391000FFF7DDFF202231460DA8FFF7D8FF214633
:10392000102201A88DF85450FFF7D1FF3B464122E9
:1039300005A901A8EFF7BCFA044610B93846FFF70D
:10394000D0FF204617B0F0BD2DE9F04397B00446F4
:10395000164605A810221D46DDE91F98219FFFF796
:10396000B6FF1022314609A8FFF7B1FF1022294601
:103970000DA8FFF7ACFF1E99032211A8FFF7A7FFC0
:103980004946D9F8010011F8013B8DF847301290F3
:103990008B88ADF84C30062212A8FFF798FF4146FD
:1039A000062211F8013B8DF84E30D8F80130CDF8E1
:1039B0004F300DF14F008B88ADF85330FFF787FF84
:1039C0002146102201A8FFF782FF3B46412205A9AC
:1039D00001A8EFF76DFA044610B93846FFF781FFEA
:1039E000204617B0BDE8F08310B5807A0C46E6F7A4
:1039F000EFFE436A21465868BDE8104002F0EDB87A
:103A0000F7B50D46807A17461E46E6F7E1FE2C68AC
:103A1000436A033424F0030258682A600421CDE984
:103A20000076F4F771FD00B9286003B0F0BD38B539
:103A30000446807AE6F7CCFE6169054649B1637AAF
:103A4000DB0704D4436A1B6820469B689847002321
:103A5000636121462846BDE8384002F01CBA30B503
:103A60000906847E054618D414F040001AD0298B2C
:103A7000C3F30A00C1F30A01884222D802F003000E
:103A800002280DD003280ED0012815D114F0080209
:103A900017D013F4C05F05D00BE014F02000E5E769
:103AA000C4F3800030BD14F00200FBD013F4C05FFB
:103AB00005D0C4F30010F5E704F00100F2E701209F
:103AC000F0E70020EEE7BFF35B8FD0F8A000BFF374
:103AD0005B8F00F001007047BFF35B8FD0F8A00050
:103AE000BFF35B8FC0F34000704701F00F0309067E
:103AF000026948BF103352F823007047007FC0F3BB
:103B000000107047037F61F304130377704708B513
:103B100002691046FFF7D7FF68B991F8200000F05E
:103B20000F03000648BF103342F82310084602F086
:103B30009BF9002008BD6FF00C00FBE7002200237A
:103B4000F4F7CCBE70B5054600220023F4F7C6FE9C
:103B5000044610B106462B680BB9204670BD002202
:103B600000232846F4F7BAFE70600028F5D0064618
:103B7000F1E702F09AB902F083B9437E23F007031C
:103B800043F0010343767047407EC0F3C0007047A6
:103B9000437E6FF3C303437670471FB504698DF806
:103BA0000410CDE90220D4F8983001A9984704B058
:103BB00010BD1FB50469034606208DF80400204699
:103BC000CDE90213FFF77FFF40B1C1F81E20D4F802
:103BD000982001A91846904704B010BD4FF0FF305F
:103BE000FAE72DE9F84304468668894615461F46DC
:103BF000FFF77BFF8046002835D0F36B20469847BF
:103C00003B882A4649464046FFF729FF28B38BB92F
:103C10002369D3F88030DB0758BF402305F0030544
:103C200046BF4FF480634FF400711946022D07D050
:103C3000032D0CD02046336C98470020BDE8F88354
:103C4000B8F818208A4228BF0A463A80F2E7B8F846
:103C500018209A4228BF1A46F7E72046336C984747
:103C60006FF08500EAE76FF01200E7E72DE9F34116
:103C70001F464B06D0F8088004460D4616461BD05A
:103C8000D8F83C3098472069FFF726FF88B19DF8A7
:103C90002030009329463B4632462046EFF79AF9FA
:103CA0000546D8F8403020469847284602B0BDE87F
:103CB000F0814FF0FF35F4E76FF01505F5E770B5CB
:103CC0004B06866804460D4612D0F36B9847206970
:103CD000FFF7F9FE48B129462046EFF7C3F905463C
:103CE000336C20469847284670BD4FF0FF35F7E704
:103CF0006FF01505F7E770B586680546F36B0C465F
:103D000098472869FFF7E8FEB8B121462846FFF733
:103D1000ECFE0146A0B1037FDB0711D590F82130FE
:103D200003F00303012B0ED0F3682846984704469E
:103D30002846336C9847204670BD4FF0FF34F7E7B4
:103D40006FF01204F4E76FF08504F1E7F8B58768C7
:103D50000646FB6B0C4698473069FFF7BDFEE8B19D
:103D600021463046FFF7C1FE0546D0B1037FDB0791
:103D700017D590F8213003F00303012B14D001462E
:103D80003B6930469847044618B92B7F60F34103DE
:103D90002B7730463B6C98472046F8BD4FF0FF34F8
:103DA000F7E76FF01204F4E76FF08504F1E770B500
:103DB00086680546F36B0C4698472869FFF78CFE2A
:103DC000B8B1217EA9B12846FFF78FFE014698B110
:103DD000037FDB0710D5637E6FF300036376224613
:103DE00073682846984704462846336C984720460F
:103DF00070BD4FF0FF34F7E76FF01204F4E7EFF710
:103E00008BB970B586680D46F36B04469847284613
:103E1000E6F786FD2046336C9847002070BD70B5EC
:103E200086680546F36B98472869FFF755FE0446F8
:103E300020B133683BB12846984704462846336C86
:103E40009847204670BD0124F8E7F8B587680669F1
:103E5000FB6B044698472069FFF735FEE0B1206907
:103E6000FFF73AFED8B9C6F8A400FB6A2046984787
:103E7000054660B9BFF35B8FA03656E8003F43F0BC
:103E8000020346E80032002AF7D1BFF35B8F2046D9
:103E90003B6C98472846F8BD4FF0FF35F7E76FF0C9
:103EA0007705F4E7F8B587680669FB6B0446984721
:103EB0002069FFF711FEB0B13B6B20469847BFF376
:103EC0005B8F054606F1A00353E8001F21F00201B5
:103ED00043E80012002AF7D1BFF35B8F20463B6C0A
:103EE00098472846F8BD6FF07705F7E72DE9F041D0
:103EF0000546D0F80880066914460F4631B32AB348
:103F0000D8F83C3098472869FFF7DDFDD8B9C6E9F5
:103F100026742846D8F834309847044660B9BFF371
:103F20005B8FA03656E8003F43F0010346E80032BD
:103F3000002AF7D1BFF35B8FD8F840302846984766
:103F40002046BDE8F0816FF07704F5E76FF01504C7
:103F5000F6E7F8B587680669FB6B04469847206961
:103F6000FFF7BAFDD0B92069FFF7ADFDC8B1BB6B53
:103F700020469847BFF35B8F054606F1A00353E840
:103F8000001F21F0010143E80012002AF7D1BFF31E
:103F90005B8F20463B6C98472846F8BD6FF00F05B5
:103FA000F7E76FF07705F4E7F8B54B7E076943F064
:103FB00002034B760546D7F8A8000E46FCF7B6FB81
:103FC000002280212846EFF7A7F8044678B1014681
:103FD0003046FCF7ABFB637E43F0040363760022BC
:103FE000D7F8A8102846BDE8F840FFF7E2BD6FF00B
:103FF0000B02F5E7F8B50669D6F8A430022B0546A2
:104000001BD1D6F8A870FB688021DA88EFF784F816
:10401000044678B101463846FCF788FB637E43F0DE
:10402000020363760022D6F8A8102846BDE8F840BF
:10403000FFF7BFBD6FF00B02F5E76FF08500F8BD2D
:10404000F8B5066900228021D6F8A8700546EFF77A
:1040500063F8044680B11FB101463846FCF766FBA1
:10406000637E43F0040363760022D6F8A810284646
:10407000BDE8F840FFF79DBD6FF00B02F5E74A7E03
:1040800042F004024A760022FFF793BD0369D3F899
:10409000A400431E5842584170470369D3F8A40056
:1040A000831E5842584170470369D3F8A400431F48
:1040B0005842584170470369D3F8A400C31E5842C0
:1040C00058417047C343C3F3C01300F00F0000EB27
:1040D0000310704738B50D46FFF707FD0446FFF79C
:1040E0000DFD60B92046FFF744FD40B12846EFF7CB
:1040F0007BF920460121BDE83840FFF703BD38BDFC
:1041000038B50D46FFF7F1FC0446FFF7F7FC60B940
:104110002046FFF72EFD40B12846EFF765F920460F
:104120000121BDE83840FFF7EDBC38BDFCF78AB986
:10413000006984304FF0FF324FF0FF33F4F706BBD5
:1041400000698430F4F77ABB4A09012301F01F01AA
:104150008B4000EB8200BFF35B8F50E8002F1A43C7
:1041600040E800210029F8D1BFF35B8F70470A4671
:104170000121FCF767B90369C9B20C2201FB0233C4
:10418000186C00F00700704770B5C9B20369EFF30F
:104190001185402484F31288BFF36F8F0C2606FB31
:1041A0000134246C14F0C00408D0A24206D085F378
:1041B0001188BFF36F8F4FF0FF3070BD71430B4418
:1041C00001221A6485F31188BFF36F8F43680B4493
:1041D0005B6898470020F0E78022FFF7D5BFF8B56D
:1041E000069F0469C9B2EFF31186402585F3128852
:1041F000BFF36F8F0C2569430C44256C05F0070C49
:10420000BCF1010F0BD1276486F31188BFF36F8FC8
:10421000C4E90E2343685B5898470020F8BD05F0B9
:10422000C005AF4286F31188BFF36F8F0CBF6FF0EC
:1042300077004FF0FF30F1E713B580240094FFF7CB
:10424000CEFF02B010BD10B40069CBB21C2403FB3A
:104250000400002110BC10471046F4F771BB00F0B9
:1042600033BEF2F727BE4FF4AF607047002208B5A7
:1042700011461046F7F7D4FE002818BF6FF015005E
:1042800008BDF7B50F4616464FF480650024A642D8
:1042900003D816D0162003B0F0BD331BB3F5806FE2
:1042A00038BF1D462A4601AB39190020F7F7E8FE52
:1042B00020B9019BAB4201D12C44E8E76FF0150017
:1042C000E9E70020E7E743685B68D3F810350B6047
:1042D0000020704743685B6802EA010021EA02019E
:1042E000C3F80805C3F80C150020704743685B68E5
:1042F0000020C3F80815704743685B680020C3F8C6
:104300000C15704743685A68D2F8043521EA030057
:104310000B40C2F80805C2F80C350020704710B5F4
:1043200003695868F8B1884219D19C6808685860D8
:10433000A14200D19860002008602AB15A680A6042
:104340009A68596002B99960002010E0814206D154
:104350000868206098688142EDD19C60EBE70446D4
:1043600000680028F2D1002AE8D16FF0150010BDD6
:10437000F2F74CBF13B54FF080520829136E526EFE
:1043800028BF082112BA00921BBA0C460A46694699
:10439000019303F032F8204602B010BD37B5044651
:1043A000002201210420E5F787FF6368DD6901AA87
:1043B0000021284600F0A8F800280DDB019B2A68A0
:1043C00019791868F1F776FA002805DB204603B062
:1043D000BDE83040F1F776B803B030BD02780B6924
:1043E000012A07D0022A08D052B95A6303F11C00EF
:1043F000F4F7A6BA6FF00402F7E76FF00A02F4E7E9
:104400006FF08B02F1E743681B68D3F80805D3F817
:104410000C15F3F75BBE02780B69012A07D0022A5C
:1044200008D052B9DA6503F14400F4F789BA6FF0A5
:104430000D02F7E76FF00A02F4E76FF00402F1E70C
:1044400000F059B838B5044605690122114605F156
:104450002C0001F02EFD012205F14400002101F0A5
:1044600028FD2046BDE83840F1F7DEB900692C3060
:10447000F4F7A0BA00692C30F4F762BA13B501AAB8
:10448000044600F041F8002805DB019B22681979F9
:104490001868F1F70FFA02B010BD70B54568A86A48
:1044A0000368D3F80845D3F80C65F3F7BBFB314636
:1044B0002046F3F70BFE00210446E869FFF7DEFF14
:1044C000A86A01F0D8FA204670BD10B544680021F2
:1044D000E069FFF7D3FFA06ABDE8104001F0CBBA56
:1044E00010B54468A06AF3F79DFBE0690121BDE8BF
:1044F0001040FFF7C3BF10B54468FFF7F1FFA06A93
:1045000001F0C1FA002010BD30B543681360057A90
:10451000446804EBC504A34202D36FF0010030BD30
:104520005C798C4201D00833F0E70020F7E710B542
:104530000469204601F007FC0023636110BDF8B553
:1045400087687C6806469CB1436893F82630DB0791
:104550001DD405694FF0FF334FF0FF322846F4F7C2
:10456000F5F86B69002B05DC00242846F4F766F9A2
:104570002046F8BD013B6B61002BF5D17B683046CE
:104580009847041EBEBF6B6901336B61EDE70024E1
:10459000EEE7F0B4D0E901631B693BB177688F4265
:1045A00008DB3568954205DCF0BC18476FF0570012
:1045B000F0BC70476FF01500FAE7F0B4D0E9016382
:1045C0001B6A3BB137698F4208DBF568954205DC11
:1045D000F0BC18476FF05700F0BC70476FF0150043
:1045E000FAE770B4D0E90162956A03460C46A5B1BA
:1045F00096F8242012B92B4670BC1847306A024442
:1046000010F8011BA14202D121461846F3E790425F
:10461000F6D16FF0850070BC70476FF05700FAE775
:104620002DE9F341D0E901470E4694F825100569BC
:10463000FF2980460FD194F82610C1F38101022989
:1046400014D0D8F808301B6B003918BF01214BB9C2
:104650006FF0570003E0FFF7C4FF0028EBDA02B069
:10466000BDE8F081404698470028F8DBA268B2F127
:10467000004F05D011464046FFF78BFF0028EEDBC8
:104680006269B2F1004F05D011464046FFF795FF31
:104690000028E4DB2368B3F1004F14D0D8F80830C9
:1046A0005B69002BD4D001A9404698470028D6DB8F
:1046B0002268019B9A421CDD11464046FFF769FFC4
:1046C000002805DACBE762686FF000439A42E5D133
:1046D0009EB994F826309B0716D03B684046984711
:1046E0000028BCDBA069F1F7BFF96B6901336B618E
:1046F0000AE062689342EBDDDEE76B6901336B61D0
:1047000094F82630DA0601D40020A8E74046FFF7E7
:1047100016FFA4E7012303FA01F103691B6819429C
:1047200018BF82F0010212B18368DB681847836802
:104730001B69FBE708B54368986A38B193F82C10F9
:104740000122FFF7E7FF00EAE07008BD6FF0850087
:10475000FBE743681868B0F1004018BF01207047BC
:104760000346084631B95B681B68B3F1004F01D0BE
:10477000136070476FF0150070474368986A20B166
:1047800093F82C100022FFF7C5BF6FF0850070472B
:1047900010B50269126A8B00D46803F0FC030C2286
:1047A0001021A0470028B4BF6FF00400002010BD06
:1047B00010B503691B6A0429DC6809D102230E22A3
:1047C0001121A0470028B4BF6FF00400002010BDE5
:1047D000890001F0FC03F2E770B50329056914466E
:1047E00005D90B1F032B22D96FF085000DE0EE6871
:1047F000022932460AD003290AD0012914BF2968A8
:1048000069682046E2F75CFF002070BDA968F8E700
:1048100029682046E2F754FF6968324604F108002F
:10482000E2F74EFFA968324604F11000EAE7EE69AC
:104830000629324609D0072909D0052914BF29695C
:1048400069692046E2F768FFDEE7A969F9E72969A7
:104850002046E2F761FF6969324604F10800E2F799
:104860005BFFA969324604F11000EBE737B5046934
:10487000236A6A461D6822210623A847002808DB10
:10488000BDF900302361BDF902306361BDF9043028
:10489000A36103B030BD37B50469236A6A461D6859
:1048A00028210623A847002808DBBDF90030236033
:1048B000BDF902306360BDF90430A36003B030BDC0
:1048C000072910B504460AD0402905D0032909D18B
:1048D000FFF7E1FF002010BDFFF7DDFF2046FFF7E7
:1048E000C5FFF7E76FF08500F5E7F0B40C2707FB8D
:1048F0000214866814F8045C45F0020504F8045CB0
:10490000B468A446F0BC604730B589B044688DF8FF
:1049100007100DF1070102910121606803911D4606
:10492000002123898DF81010CDE9052502A9022266
:104930008DF81C20FFF7D9FF09B030BD30B589B024
:1049400044688DF807100DF107011D460291012101
:10495000606823890391CDE90525002107228DF8A0
:1049600010108DF81C2002A90222FFF7BEFF09B02B
:1049700030BD10B588B043688DF807100DF1070100
:104980000291012158681B890391CDE90521072275
:104990008DF81C200024022202A98DF81040FFF798
:1049A000A4FF08B010BD2DE9F0479846436888B0D1
:1049B000D3F8049093F808A08DF804100023012781
:1049C0008DF810300DF10303CDE9053707230E46AE
:1049D000144601AD8DF81C300222534602A9484608
:1049E00002950397FFF781FFB8B99DF8032022EAEB
:1049F000040304EA08041C43A2420ED002230393DA
:104A00008DF810303A46534602A948468DF80460A6
:104A10008DF805400295FFF768FF08B0BDE8F08704
:104A200043681B68D3F88004C3F880047047426869
:104A30001368D3F8100150B1D269002012780A70BF
:104A4000C3F81001D3F8102101221A6070474FF00B
:104A5000FF307047002A0FDD42681368D3F8100159
:104A600058B10020C3F81001D269D3F810011278B0
:104A70000A700120186070470020704710B5436825
:104A80001C680369EFF31180402282F31288BFF3A0
:104A90006F8F1A68D17B39B991731B680122DA7361
:104AA0004FF48003C4F8043380F31188BFF36F8F91
:104AB00010BD03691A68D17B21B1012191731B6874
:104AC0000022DA737047026911680346C87B40B15F
:104AD0005B681B68D3F8580118B100230B61136899
:104AE0009889704743681B68D3F81001003818BFD5
:104AF0000120704743681B68D3F80423D2065CBFCB
:104B00001022C3F80423704743681B68D3F80423BA
:104B1000D20644BF1022C3F80823704743681B68BD
:104B20004FF40072C3F80423704743681B684FF4C6
:104B30000072C3F80823704738B543681D68D5F87C
:104B400004335B02044605D4D5F8040310F01000CA
:104B500006D138BDFFF7B7FF0028F5D00120F8E7F0
:104B60002046FFF7BFFF003818BF0120F1E7012002
:104B700070470369186801601B685A6070470268D3
:104B80000346D2F8580140B95B68DB0706D4D2F877
:104B90002001003818BF012070470120704710B471
:104BA000436802691B68D3F80413C90517D5D3F805
:104BB0002011A1B1EFF31181402484F31288BFF3D7
:104BC0006F8FD3F8204134B10024C3F82041D3F8CB
:104BD00020410124DC6081F31188BFF36F8F1168DD
:104BE000D3F8584171B17CB100240C611168C97BC4
:104BF00019B94FF48001C3F8081311688C7B1CB1FC
:104C000000238B7310BC7047D3F8241121B100210D
:104C1000C3F82411D3F8243112681368002BF1D0A3
:104C2000516810BC184713B501AA0446FFF76CFC85
:104C3000002805DB019B226819791868F0F73AFE15
:104C400002B010BD6FF0850070472DE9F041066994
:104C500033689C89BFF35B8F94420546A8BF144616
:104C60001033012753E8002F002A03D143E80070D6
:104C70000028F7D1BFF35B8F0CBF3B4600232BD13D
:104C800033682246986802F0B8FBEFF3118840239E
:104C900083F31288BFF36F8F69680846FFF76FFFD1
:104CA000326840B91061044688F31188BFF36F8FF2
:104CB0002046BDE8F0810B689268C3F844250022C5
:104CC000C3F84845C3F82021D3F82011C3F8582170
:104CD000D3F858219F60E7E71C46E9E700F150034D
:104CE0009B009BB203F1804303F5883300221A60D6
:104CF0001B68704708B5F1F729F908BD10B54FF0EA
:104D0000FF304FF0FF31F1F7BDFA044628B9D3F771
:104D100045FA044618B1F1F7BDFA204610BDF1F787
:104D2000B9FA2046E6F7FCFEF7E738B50B8A0D46E0
:104D30003BB101F10C00FBF76AFD012818D00228F5
:104D400003D06FF01504204638BD4FF0FF304FF010
:104D5000FF31F1F797FA04460028F4D1E868DEF74E
:104D6000F8FF0446F1F796FAACB1F1F799FAEAE7E1
:104D70004FF0FF304FF0FF31F1F784FA044600287E
:104D8000E1D1E868F1F782FC0446F1F783FA002CE0
:104D9000D9D1F1F785FA2846E5F7C2FD0024D2E71C
:104DA000F1F7D0BB10B531220446002102F04DFBD3
:104DB000202323708023A3706FF03F0363710423CB
:104DC000A3722823A3730223E3730423A3756FF054
:104DD000080363760323A3766FF00F03E3767E2345
:104DE0002377302384F820306FF03F0384F821309C
:104DF000792384F822306FF0010384F823300123F3
:104E000084F82430802384F82630042384F8273063
:104E1000402384F82D3010BD08B50323DDF75AFC7C
:104E2000002008BD08B5F1F79BFF002008BD08B5BC
:104E3000F6F7E4F848B1002383F31188BFF36F8FCE
:104E40000423184602DF6FF0040008BD08B54FF0D8
:104E5000FF314FF0FF30F1F715FAE2F748F8BDE8FF
:104E60000840F1F717BA684620F007018D4601B5F2
:104E7000DCF76EFCBDE8014085467047684620F0CF
:104E800007018D4601B5DBF715FCBDE801408546FD
:104E90007047684620F007018D4601B5DBF7FEFB41
:104EA000BDE801408546704708B5E1F73CFF0020AA
:104EB00008BDF7F75FB808B5E4F724FDE4F7F8FD9F
:104EC000BDE80840F7F756B87047012802D1002026
:104ED000DDF77CB870477047DCF776BE002070477E
:104EE00010B54029046901D00C2904D1DDF7FCFB81
:104EF0002060002010BD6FF08500FBE70346002016
:104F0000184700F0F1BD10B502461168B1B1BFF30A
:104F10005B8FB1FA81F3C3F11F000123834021EAC3
:104F2000030352E8004F8C4204D142E8003CBCF13C
:104F3000000FF6D1BFF35B8FE7D110BD6FF00B0010
:104F4000FBE710B50368CB40DB0714D401238B408B
:104F50000268BFF35B8F43EA020150E8004F9442BE
:104F600004D140E8001CBCF1000FF6D1BFF35B8F09
:104F7000EED1002010BD6FF01500FBE770B50C46B8
:104F80000021054608461646F2F78EF800280ADB8F
:104F90003378DB0003F1804303F5F8330020C3F8D6
:104FA0001055C3F8144570BDF7B5019001A8DDE9AF
:104FB000084716461D46F2F78DF8019BB6F1000C26
:104FC00018BF4FF0010C00EB83000B1E18BF01232C
:104FD000002D43EA4C0314BF4FF00C0C4FF0000CB3
:104FE000002C43EA0C0314BF4FF4E06C4FF0000CAC
:104FF000002F43EA0C03D0F8002714BF4FF4403CC5
:105000004FF0000C43EA0C0322EA030301B10978D4
:105010000EB13678760019430DB12D78AD003143CD
:105020000CB12478240229430FB13F783F040C438C
:105030003C43C0F8004703B0F0BD1FB50DF10F03AE
:10504000019300238DF80F1000931A461946FFF7BD
:10505000ABFF05B05DF804FB10B504460846F2F757
:1050600049F804EB4004A08AC0F3401010BD10B50D
:1050700004460846F2F73EF804EB4004A08AC0F369
:10508000400010BD10B504460846F2F733F804EBB3
:105090004004A08A400B10BD70B504460846164671
:1050A000F2F728F808300D4634F81030DA0509D543
:1050B000C3F3432304EBC302314654F83330526840
:1050C00028469847A3682BB1E26831462846BDE8D8
:1050D0007040184770BD10B504460846F2F70AF84C
:1050E00000B204EB4000838ADA051DD5C3F34321E7
:1050F00023F4F853838204F1120204F1720032F8AF
:10510000023F13F4807F03D0C3F3432399420BD0B3
:105110008242F4D104EBC10300225A6004F178000A
:10512000BDE81040FFF70DBF10BDF0B5034600F518
:105130008074002005460127844695420AD1D3F8A1
:105140007C2132B10022C3F87C21D3F87C3140F0BD
:105150000040F0BD25F0404607FA06F6314209D07E
:10516000D4F800E0BEF1000F04D0C4F800C0D4F8B9
:1051700000E0304301350434DFE738B504460D461E
:10518000FFF76AFFB0B12046FFF771FF90B92046E4
:10519000FFF778FF226801238340C2F808332368B1
:1051A00000B203EB8003D3F8102522F00302C3F80A
:1051B000102538BD28460021BDE83840FFF73DBF27
:1051C0002DE9F043174685B004460846F1F792FFF3
:1051D000D7F800800E460546B8F1000F1FD02046D4
:1051E000FFF745FF18B12046FFF736FF30BB00231D
:1051F000CDE900338DF80E308DF80F300DF10F0230
:1052000043460DF10E013046FFF7CEFE2AB204EB05
:105210004202938A23F0020343F0010393827B68E6
:10522000002B34D03146204693F80080D3F8049008
:10523000FFF71DFF28B1B9F1000F1FD06FF0150067
:1052400028E028B204EB4000838A23F4604323F073
:1052500020038382B9F1000F10D0B8F1030FEDD80D
:105260007B6821685B6893F800C001EB8C01B8F1A2
:10527000000F12D1C1F81085C1F810852AB204EBD5
:105280004202938A23F01C0343EA88039382BB689B
:105290004BBB002005B0BDE8F083D1F8102522F00B
:1052A0000302C1F81025226802EB8C03D3F8102505
:1052B00022F44F3222F44072C3F810253202D3F8A0
:1052C000101502F47C5242EA08420A43C3F8102542
:1052D00004EB4C03A3F87C60838A43EA4C3343F02D
:1052E00020038382CAE7D3E9007831462046FFF7DE
:1052F000F2FE002FCDD063689F4206D004F1780003
:10530000FFF701FE002804DAC4E7A3689845F5D149
:10531000002004EBC003C3E901782DB204EB45057E
:10532000C0B2AB8A43EA402343F48073AB82B0E758
:105330002DE9F043054685B0084617461E46F1F7AD
:10534000D9FE0C46804637B32846FFF790FE18B9C1
:105350002846FFF781FE28BB0FFA88F905EB4909BB
:10536000B9F8143013F01C0F02D07B78012B19D040
:1053700001238DF80F300023CDE900737A1CBB1C8C
:105380000DF10F012046FFF70FFEB9F8143043F07E
:105390000303A9F81430002E41D021462846FFF718
:1053A00066FE20B96FF0150005B0BDE8F0833778D0
:1053B0002B6803EB87030022C3F81025C3F81025E0
:1053C0000FFA88F205EB42024FEA870C938A23F426
:1053D000604323F020039382707800B32968B67885
:1053E00061440004D1F8103523F4991323F4F853E1
:1053F000C1F81035230200F4403003F47C5303431A
:105400003005D1F8105500F4801003432B43C1F848
:105410001035938A43EA473343F0200393820020F8
:10542000C2E7C0E90312704770B504461546FFF79E
:1054300013FE48B10846F1F75DFE04EB400400207E
:10544000A38A5B0B2B7070BD6FF01500FBE738B5BE
:1054500090F88C4005469CB960222146143001F03A
:10546000F4FF2868C0F87C41D0F87C3140F3073065
:10547000E4F7F2FE012385F88C30AB67204638BD97
:105480006FF07700FBE790F88C00003818BF012020
:105490007047F1F76BBE2DE9F34104461746FFF75D
:1054A000DBFD0D46266800B32046FFF7E0FD804691
:1054B000D8B92046FFF7E6FD05B2AD0005F58072CC
:1054C00046F802802168B2582944D1F8102542F0EC
:1054D0000102C1F810252FB12168012202FA00F360
:1054E000C1F8043302B0BDE8F081D6F80433002BD4
:1054F000A4BF4FF00043C6F804332846F1F7FAFD85
:1055000004EB4004A38AC3F38203042B12D0052BBF
:1055100012D001A80195F1F7DDFD019BD0F810151F
:10552000D94001F001010231284602B0BDE8F04146
:10553000FFF783BD0321F7E70221F5E7FFF71DBE63
:1055400038B5057D04469DB9C0E90255C582426063
:10555000457549B10A7E42760A7B502A0BD84B7BAF
:10556000502B08D8F1F74AFF01232375002038BDDE
:105570006FF07700FBE76FF01500F8E710B5044611
:10558000006840F30730E4F775FE23680022C3F893
:105590000025637E4BB92368D3F84005D3F8441542
:1055A000F1F79AFF0846F1F797FF0023237510BD26
:1055B00070B5037D04460E461546002B36D0437D5C
:1055C000032B36D0002937D0130435D4006840F3BC
:1055D0000730E4F74FFE627DA37D022A1ABFDB434A
:1055E00003F00103002304EB83018A68DAB922681F
:1055F0008E6004EB43031D82C2F86065C2F86455F7
:10560000237D022B07D02268022323750123C2F8D1
:105610000035226813600025206840F30730E4F766
:105620001BFE284670BD6FF00F05F5E76FF076059D
:10563000F7E76FF00F05F4E76FF01505F1E7427D2E
:10564000012AD3B20BD0437D13B1437D022B0CD181
:1056500002680023C2F8003543750020704703221A
:105660004275026803755360F7E76FF00F007047EB
:105670001FB50368D3F800210446002A44D0002255
:10568000C3F80021D3F80011D3F8041119B1C3F8FD
:105690000421D3F80431A37DDA4302F0010204EBC4
:1056A0008201896811B9617D022953D1607D022888
:1056B0004FF0000118BF04EB8303E1750BBF01231A
:1056C0009868637599604FF001038DF80C100EBF58
:1056D00002910290A2758DF80430636801A8984782
:1056E000637D022B01D101236375237E53B1012316
:1056F0008DF80430002302938DF80C30237601A836
:105700006368984704B010BDD3F804110029ECD0A9
:10571000C3F80421D3F804310368C3F80025837D5E
:10572000427500EB83038DF80C2099688DF80420F6
:10573000D9B9A37DDB4303F0010304EB83039A682B
:105740002AB1029200229A60636801A89847002358
:10575000A375CAE7E37D002BC2D18DF80430029314
:1057600001238DF80C30E375B7E79A604368029126
:1057700001A89847DDE700F180431A68002A1FBF9F
:1057800000221A601B68012008BF002070474FF0FC
:1057900080434FF46072C3F8042370474FF0804396
:1057A0004FF46072C3F80823704708B5F1F762FF41
:1057B000BDE80840FFF790BB30B5D0F804312BB1FD
:1057C0000023C0F80431D0F80431012391F82F20D0
:1057D00022B30022C0F82421D0F82441C0F81C21B3
:1057E000D0F81C41C0F80821D0F80821002B79D04E
:1057F000002281F82D2091F82F20002A37D14D6BFF
:105800008C6AA5421FBF0523C0F80025C0F80035EB
:10581000134683F0010381F82F3028E0D0F82441AB
:1058200014B1C0F824210EE0D0F81C216AB3C0F8EE
:105830001C41D0F81C214A6B01324A63D0F8245134
:1058400045B1C0F82441D0F824210122426181F8F9
:105850002F20CBE78C6AA24204D24C6AA25CC0F82B
:105860001C25C3E791F82C201AB10123C361002045
:1058700030BD0A6A12F0400F4FF0010203D0C2613E
:1058800081F82D20F3E74261B0E7D0F80841002C01
:10589000ACD0C0F80821D0F80841D0F82441002C41
:1058A000BFD14A6B8C6AA242A0D24C6AD0F818557C
:1058B000A5544A6B8C6A0132651EAA424A6308D11C
:1058C0000A6A540602D40222C0F8002201220262AF
:1058D0008CE7A242FAD10A6A520687D5022381F8E0
:1058E0002D30C4E70120C3E791F820200346032AA6
:1058F00029D8DFE802F0212519028A68500304D56F
:10590000D3F84C250869904207D18A6852031AD40B
:10591000D3F84C258969914215D000200622C3F89E
:105920000005C3F800257047D3F84C25086990425C
:10593000F3D1D3F83C25EDE7D3F84C250969EAE724
:10594000D3F83C25FAE70120704738B5857B04463B
:105950005DB90068062303222946F2F73FF9606823
:10596000062303222946F2F739F9012038BD30B564
:10597000A2F58075AD080124AC400C4207D08158D7
:1059800029B10021815082581A6822431A6030BD23
:1059900013B500230C4601934FF4A47201ABFFF73B
:1059A000E6FF21464FF48272FFF7E1FF21464FF4F4
:1059B0009272FFF7DCFF21464FF4A872FFF7D7FF82
:1059C00021464FF4A672FFF7D2FF21464FF4B07282
:1059D000FFF7CDFF4FF4AE722146FFF7C8FF0198E5
:1059E00002B010BD10B44FF080528B68D2F8302155
:1059F000CC7B082A04D1B3F1C86F08BF4FF0C46351
:105A000002682CB9D1E90041C2F80845C2F80C156A
:105A1000C2F8243543682BB1006810BC40F307304E
:105A2000E4F71ABC10BC704738B50D4690F8261044
:105A30000446D1B9C160C0E9012380F8291080F87B
:105A400028106DB1AB7B80F82B302846FFF77DFF27
:105A500070B16B7B84F82A3029462046FFF7C2FFDD
:105A6000012384F82630002038BD6FF07700FBE773
:105A70006FF01500F8E703680622C3F8002502233B
:105A800080F82630704770B50446006840F3073050
:105A9000E4F7F0FB2046F2F7C5F894F82B3093B901
:105AA00094F82A507DB92368D3F80805D3F80C651B
:105AB0002A462B460121F2F791F82B462A4601216E
:105AC0003046F2F78BF8002384F8263070BD07B516
:105AD000019001A8F2F7EAFA019A01239340C0F875
:105AE000083503B05DF804FB08B1E4F759BF70470F
:105AF00010B5436904463BB90020E268537843F08F
:105B000001035370404210BD98470028F4D000288C
:105B1000B8BF4042E368FF28A8BFFF201870ECE739
:105B200040B1C368587810F001001EBF1878B0FA71
:105B300080F040097047EFF31183402383F312880C
:105B4000BFF36F8FFEE72DE9F04F89B0DDE91268F2
:105B5000054605924346324606A80F4600F044FC2F
:105B6000DDE9063405F1140ACDE90234EFF31184BE
:105B70004FF0400989F31288BFF36F8F05F10C0BCA
:105B8000059A149B39462846984730B184F311880A
:105B9000BFF36F8F09B0BDE8F08F56EA0806F5D065
:105BA000DDE9022306A800F044FCDDE906685A4658
:105BB000CDE9006821465046F3F71EFBEFF3118450
:105BC00089F31288BFF36F8FDAE710B400F10C0489
:105BD000C0E9034410BCF9F789BE38B50446EFF3B9
:105BE0001185402383F31288BFF36F8FF9F7B1FD5E
:105BF00004F10C0000F033FB30B1294604F114002D
:105C0000BDE83840F3F78CBB85F31188BFF36F8F85
:105C100038BD4169826842EA010313F003030FD1E2
:105C2000C3600369013B03FB0122002B01DA002062
:105C30007047C16811604169C260013B521AF4E7C4
:105C40006FF01500704710B5C0E904320023816081
:105C500083610446FFF7DDFF0028A8BFC4E90044C4
:105C600010BD2DE9F04105460F46EFF311884023A2
:105C700083F31288BFF36F8FC668FEB90468A04231
:105C80001CD0DCB1D4E9003213605A60637BA6609B
:105C900023F002036373C4E9006604F1180000F006
:105CA00075FB2046C4F88C60276100F073FA41460A
:105CB00005F10800BDE8F041F3F732BB3E60AB6987
:105CC000EF60013BAB6188F31188BFF36F8FBDE8D4
:105CD000F08108B54024EFF3118384F31288BFF3F9
:105CE0006F8FFAF7A2FCF6E7D0E9003213605A6032
:105CF000427B002322F00202C0E90033427383603A
:105D00007047C0E9022303FB02120023036280F8FC
:105D10002C3000F12403C0E90521C0E90000C0E9EE
:105D200009330161C161704713B501240094F2F792
:105D300039FC02B010BD90F90E308B4201D0F3F760
:105D40007DBA0020704703460020C3E90200C3E982
:105D500000337047D0E9003213605A60427B002361
:105D600022F00202C0E900334273836070472DE9DC
:105D7000F843914604469DF820200D4600F108079F
:105D8000EFF31186402181F31288BFF36F8F02B1C8
:105D90004568D4F80880474518D0B8F1000F15D0F1
:105DA0004046FFF7D7FF08F1180000F0EFFA002394
:105DB000C8F88C30C8F81090404600F0EBF938462F
:105DC0003146F3F7ADFA0020BDE8F883A3B108200F
:105DD000F3F77AFF002838D00122C0F8049002605F
:105DE000016801F003015DB922680A43026062683C
:105DF00020606AB960600BE0C9F800304846EFE700
:105E00002A68032A16D80160616869B9C4E90000EC
:105E1000042104F1100000F098FB0028CFD186F394
:105E20001188BFF36F8FCFE70A6802F003020243C5
:105E30000A60DFE722F003020A4302602A6802F0E8
:105E4000030240EA02032B60E2E76FF00B00E6E793
:105E500010B5044630B10268930703D0446809B115
:105E600000F0FDFB204610BD0023C0E9003300F127
:105E70000803C0E9023300F11003C0E9043370479E
:105E800007B50123009300230A461946FFF76FFF69
:105E900003B05DF804FB07B500230A4600931946DA
:105EA000FFF765FF03B05DF804FB00680021FFF712
:105EB000CFBF5AB18A4209D300F11003C0E90212E0
:105EC000C0E90000C0E90433002070476FF01500FE
:105ED0007047026801238B4022EA0303036022FA21
:105EE00001F000F001007047704710B5032104462F
:105EF0000C30FFF7EEFF30B104F1100000F046FA6D
:105F0000B0FA80F0400910BD20B1002211469C304B
:105F100000F0E0B9704770B5C368C3F340069B0753
:105F2000044616D4856802210C30FFF7D2FF80B1F9
:105F3000D5F894206AB194421DD122689EB9D5F853
:105F40009830C5F894209C4201D1C5F898200023D0
:105F50002360E36813F01F001EBF43F00203E360F9
:105F600040F0020070BD3260D5F89820944208BF1E
:105F7000C5F89860EBE716461268DBE773B5044690
:105F8000EFF31185402383F31288BFF36F8F002353
:105F9000A0F11006032104380193FFF79AFF28B1FE
:105FA000A369019301A93046F2F744FE85F31188F5
:105FB000BFF36F8F02B070BD38B504460D46102296
:105FC000002101F042FA656038BD13B50190084622
:105FD000EFF31184402383F31288BFF36F8F01A97D
:105FE000F2F728FE84F31188BFF36F8F02B010BD63
:105FF00010B5FFF7EAFF041E08DDEFF31180402320
:1060000083F31288BFF36F8FF3F79CF9204610BD1E
:1060100070B50D46EFF31186402383F31288BFF36A
:106020006F8FF2F763FE044686F31188BFF36F8F1C
:1060300038B14FF0FF324FF0FF3305F11000F2F7A7
:10604000B9FC204670BD08B5B022002101F0FDF971
:1060500008BD38B5302204460D46002101F0F5F99F
:106060004FF480736560E36038BD38B50446EFF3E4
:106070001185402383F31288BFF36F8FFFF735FF3D
:106080002046FFF748FF85F31188BFF36F8F38BDB7
:10609000F8B504460D46EFF31186402383F31288CA
:1060A000BFF36F8FC36803F01F03002B14BF0127DA
:1060B000002705D186F31188BFF36F8F3846F8BDEE
:1060C000FFF713FF2046FFF726FF29462046F2F789
:1060D00093FD86F31188BFF36F8F0028EED04FF049
:1060E000FF324FF0FF3305F10800F2F763FCE5E7FC
:1060F000D0E9003213605A60427B002322F0020292
:10610000C0E90033427383607047EFF305800038C5
:1061100018BF012070476FF057007047002070478C
:10612000D0E9003213605A600023C0E900337047A1
:1061300008B5FFF7F5FF437B23F002034373002309
:10614000836008BD38B504460D46F2F7D5FF637B82
:1061500043F002036373E5B1A5602B689D4209D14A
:106160006B68C4E900531C606C6012E06A689A4274
:10617000F6D01B68002BF3D094F90E2093F90E1083
:106180008A42F3D09142F1DD5A68C4E900321460CA
:106190005C6038BD10B5EFF31184402383F312889F
:1061A000BFF36F8FF2F766FF84F31188BFF36F8F31
:1061B00010BD08B5EFF31181402282F31288BFF3BE
:1061C0006F8F83680BB1FFF7B3FF81F31188BFF3C3
:1061D0006F8F08BD38B5EFF31184402383F3128825
:1061E000BFF36F8F90F87050427B002380F87030BF
:1061F0002DB121B184F31188BFF36F8F38BD12F038
:10620000280FF7D183680BB1FFF792FF437B23F090
:1062100004034373F2F72EFFECE701211838FFF770
:10622000D9BF08B50346EFF31181402282F31288EB
:10623000BFF36F8F0068834207D008B1FFF778FF84
:1062400081F31188BFF36F8F08BD0020F8E710B508
:10625000FFF7AFFFBDE81040183000F097B838B531
:1062600004680546AC424FF0000000D138BD002C58
:10627000FCD02046FFF7EBFF2046FFF78BFF2C6892
:106280000120A542F1E738B504460D46F3F702F9BF
:10629000B5F1FF3F08BFB4F1FF3F0246204618D0DA
:1062A00000204FF47A7447F6FF730146C2FB0431B5
:1062B000B3F5004F71F100020BD36FF400429A4224
:1062C00043F6FF728A4126BFD80B40EA41406FF087
:1062D000004038BD38B5EFF31185402383F31288B1
:1062E000BFF36F8F0468A04213D0A4B1C4F88C1020
:1062F00022612046FFF71CFF04F1180000F046F869
:106300002046F2F7B7FE012085F31188BFF36F8FA7
:1063100038BD0020F8E72046F6E72DE9F0410546B4
:106320000E461746EFF31188402383F31288BFF31C
:106330006F8F0468A0420FD1002088F31188BFF34B
:106340006F8FBDE8F08139462046B0470028F4D170
:106350006B68A342F0D02468002CF4D1ECE708B5B8
:106360000246F3F735FA70B1D0E904319B1A61EBBC
:10637000E272B3F1004F72F1000104DA002AACBFFF
:106380001846002008BD6FF00040FBE738B5024614
:10639000EFF31185402383F31288BFF36F8F0368F7
:1063A000CBB1F3F715FA04461046F3F723FA0022AF
:1063B0004FF000438442C0E9042306D1F3F710FAFA
:1063C000FFF7CDFF0021EFF725FF002085F31188AF
:1063D000BFF36F8F38BD6FF01500F7E708B5F3F71F
:1063E00015FB08BDF3F712BBB3F1FF3F08BFB2F1D5
:1063F000FF3F70B506461D46144614D01A4316D00A
:10640000002B08DBF3F702FB041941EB0501C6E999
:106410000041304670BD6FF001031C1B4FF0FF338D
:1064200063EB0501F3E74FF0FF342146EFE700246B
:10643000FBE7B3F1FF3F08BFB2F1FF3FF8B50746F6
:1064400016461C4610D054EA020311D0F3F7DEFAC8
:10645000B0420A46A14103460AD2F31A64EB020491
:10646000C7E900343846F8BD4FF0FF331C46F7E764
:106470000023FBE70023C0E9081200F11802C0E97D
:106480000622C0E9003303634363704710B5044636
:10649000FFF77CFFA8B9636A0BB12046984704F167
:1064A0001800FFF7BEFE60B1FFF774FEEFF3118036
:1064B000402383F31288BFF36F8FBDE81040F2F7DB
:1064C00041BF10BD2DE9F041846805460E46D4B1A8
:1064D0006378012B22D114F8533C9A0711D5A4F10B
:1064E00060073846FFF7B3FE082E0CBF6FF00303BA
:1064F0000023E36214F8533CDB0602D13846FFF771
:1065000049FE00232370EB68C3F386321643002054
:1065100066F39433A860EB60BDE8F081022BF0D104
:106520002378002BEDD054F8048CB8F1000FE8D09C
:1065300004F11400FFF72AFFA4F114070023E3621B
:1065400039464046FFF741FDDBE738B5EFF31185EB
:10655000402383F31288BFF36F8F0468A04211D0E9
:10656000D4E9003213605A600023C4E900332046A6
:10657000FFF7A8FF85F31188BFF36F8F201E18BFA8
:10658000012038BD0024F5E72DE9F3470446DDE995
:106590000A9815460E4659B302F0010AF2F7DAFFDF
:1065A0000746EFF31181402383F31288BFF36F8F07
:1065B000A80744BF0023A360A36803EA0600BAF15A
:1065C000000F0CD086420CD16A0744BF8343A360FE
:1065D00081F31188BFF36F8F02B0BDE8F087002808
:1065E000F2D159EA080305D181F31188BFF36F8F07
:1065F0000020F1E7C7E91A652246CDE9009804F1C9
:106600000C00F2F7F9FD0028F2D1B86EE4E710B5FE
:10661000D0E91A424B6812F0010F03EA040301D0DB
:106620009C4210D17BB18366520744BF8A681A43EB
:106630000B6848BF8A6043660123086080F87030A9
:106640001830FFF7A3FE002010BD0A46F3F7DEBAAC
:106650000A460021F3F7DABA5200FFF795BF20B1DE
:10666000011F50F8040CFFF7B8BA704703460A46FA
:1066700000681979012303FA01F103691B681942C3
:1066800018BF82F0010212B18368DB681847836883
:106690001B69FBE7F0B4034600681979DB880669DB
:1066A00087683468DA0754BF43F4B01383F4D01317
:1066B00001258D4023F48012DB074CBF2C43AC43F3
:1066C00034603B68F0BC184700207047704710B535
:1066D000044608B1F4F752F82046BDE81040F4F73C
:1066E0003DB80346C068E0B15888D0B11B8803F4B8
:1066F0004F42B2F5824F09D1DBB2272B2AD008D8FE
:10670000172B0FD0222B34D0122B16D06FF0850010
:106710007047302B2FD0413B012BF7D8FF2839D1C0
:1067200000207047C028FBD0E128F9D0B0F5807F69
:106730000CBF00206FF08600704720F02003C02BB4
:10674000EED020F08003B3F5807FE9D040F209233A
:106750009842EDE7E928E3D0EF28E1D040F21B139F
:106760009842DDD040F299139842D9D040F23B23B1
:10677000EEE7E928F1E720F02003C02BD0D020F08D
:106780004003B3F5807FCBD0B0F5C07FC8D0B0F563
:10679000007FCDE7B0F5E07FCAE73AB1002918BF26
:1067A0000023D21A2121184400F04FBE70472DE972
:1067B000F04F89B09B4600238DF81B30159BDDF808
:1067C0005080002B91460B460D460CBF4FF40062E3
:1067D0004FF4806207A9DDE912A7F4F737F9044600
:1067E000D0B9079E0DF11B0231882846F4F7CAF98B
:1067F000044688B99DF81B30BB421FD8CDE9033849
:10680000CDE901BACDF80090D6E909122B46304601
:10681000F4F788FD044608B1C8F80070D8F80030D5
:106820003A4621465046FFF7B8FF0798F4F75CFD5B
:10683000002C18BF204609B0BDE8F08F6FF0890426
:10684000EAE741F2062398421AD8B0F5905F09D2E0
:1068500041F2010398420CD0B0F5885F09D06FF087
:1068600085007047A0F5905080B26923C340DB07D4
:10687000F5D511F0070F0CBF00206FF086007047B0
:10688000B0F5105FEBD121F04003802B06D0B1F5BD
:10689000807F0CBF00206FF086007047002070479B
:1068A00070B5446A05460E463CB90120F3F750FF27
:1068B000686228B1AE62204670BD6FF08A00FBE7C7
:1068C0006FF08C00F8E7F8B51E460F4603881546B2
:1068D000C2B103F4E043B3F5805F02D0B3F5005FCB
:1068E00010D1089BE90019600088FFF7AAFF044651
:1068F00030B92A463946304600F07FFD079B1D60BF
:106900002046F8BD6FF08504FAE710B50446406AEA
:1069100010B1A16AFFF7DBFE0020C4E9090010BD39
:1069200038B50546FFF7F1FF2B7F012B04460ED04B
:10693000023B012B0ED82B6A012B18BF6FF0960477
:106940002C220021284600F080FD204638BD2B6A0D
:10695000002BF2E76FF09604F2E770B50488049E0E
:10696000154604F4E042B2F5805F19D0B2F5005F3D
:1069700016D024F4405044F20102904210D004F4A6
:106980004F42B2F5824F0BD0B2F5884F08D0B2F526
:106990008E4F05D0803C24F0FF04B4F5485F0ED143
:1069A000B5420FD818462A4600F027FD721B002179
:1069B000284400F04AFD059B00201D6070BD6FF06B
:1069C0008500FBE76FF08900F8E77FB50E461D46AE
:1069D0001446BAB100232B60012203A9F4F736F85C
:1069E00070B9CDE9004503983346D0E9091200F0AB
:1069F0006BFA04460398F4F777FC002C18BF204686
:106A000004B070BD6FF08900FAE770B50488049E89
:106A1000154604F4E042B2F5804F22D124F44050F0
:106A200044F2010290420DD004F44F44B4F5824F79
:106A300008D0B4F5844F05D0B4F5884F02D0B4F532
:106A40008E4F0ED1B5420FD818462A4600F0D5FC1D
:106A5000721B0021284400F0F8FC059B00201D60FB
:106A600070BD6FF08500FBE76FF08900F8E7F0B5C7
:106A70000F4685B01E4615460AB3002333601A46FA
:106A800003A9F3F7E3FF044638B9039803885B04CE
:106A900006D4F4F729FC6FF08604204605B0F0BD5B
:106AA000CDE900563B46D0E9091200F018FA044639
:106AB0000398F4F719FC002C08BF0446EDE76FF0CB
:106AC0008904EAE710B50368044653B100F070FA90
:106AD00000232360A38823F4FF7323F00103A38022
:106AE00010BD1846FCE72DE9FF410C4601689846A9
:106AF0000023054617460393A9BB4FF4A87208303C
:106B000000F0A3FCB8F1000F20463B4614BF4FF441
:106B100080624FF4006203A9F3F798FF044620BB9C
:106B2000039E2A1D31883846F4F72CF80446E0B954
:106B30006B7968F300036B710097D6E9092331463E
:106B40002846B8F1000F0BD0F4F704FC044660B9F6
:106B50000398F4F7C9FB0446204604B0BDE8F08171
:106B6000F4F718FCF2E76FF088042846FFF7AAFF55
:106B70000398F4F7B9FBEFE70123FFF7B4BF38B58B
:106B80000468054664B112B90024204638BD00F0FF
:106B9000FAF904460028F7D02846FFF793FFF4E7F8
:106BA0006FF08804F1E72DE9F041174602680546C9
:106BB0000E46984682B14279D2070DD502795AB174
:106BC000BA4216D800F0E8F9044638B9A6B9284602
:106BD000BDE8F041FFF776BF6FF088040023C8F8E6
:106BE00000702B7146B92846FFF76CFF2046BDE8C0
:106BF000F0816FF08904F1E72146D8F800303A4679
:106C00003046FFF7CAFD2846FFF75CFF002C08BF9F
:106C10000446EBE71FB501240394089C0294079CEB
:106C20000194069C0094FFF7C2FD04B010BD2DE94D
:106C3000F04788B005469A460023079325F00043A5
:106C400023F47F03B3F1106FDDE91096DDF848807F
:106C5000084617461CD12B464FF4804207A9F3F78C
:106C6000F5FE0446B0B9CDE90368CDE901A907985E
:106C70000097D0E909122B4600F0A2F9044648B962
:106C80000798F4F731FB0446204608B0BDE8F087CA
:106C90006FF0860431464846F4F756F90798C8F86D
:106CA0000060F4F721FBEFE7034608461B8803F476
:106CB000E043B3F5805F114602D0B3F5005F01D128
:106CC000F4F742B96FF0850070477FB50022038862
:106CD0000A60CDE90122428806460D46002A69D0A5
:106CE000028802F4E042B2F5804F63D023F0FF0344
:106CF000B3F5E24F02D0B3F5824F04D13046FFF72F
:106D0000F0FC0446D8B902AA01A93046F3F7AAFF5D
:106D10000446002843D1019B9B6A9BB101993046F0
:106D200001F12803D1E9091200F087F80446002890
:106D300039D101982946F3F7FBFE044678BB20467B
:106D400004B070BD73681B0A22D13088718800F4CA
:106D5000E043B3F5805F15D0B3F5005F12D020F0AB
:106D6000FF03B3F5E24F22D1C0B242280ED1083161
:106D7000C908039103990198FFF792FD0446002882
:106D8000CCD00CE0FFF75DFD044640B90731EFE7DA
:106D900003A9304600F04CF804460028EAD00198D8
:106DA000F3F7C2FFCBE70198FFF7AFFDF7E76FF00E
:106DB0008504F4E76FF08604C1E71C22002100F08F
:106DC00044BB03466FF040420846591E914207D328
:106DD00038B103F1404393428CBF0020012070473B
:106DE00001207047034668B1017F8A1E012A0BD833
:106DF0000329026A03D1012A01D1FFF791BD1AB11B
:106E0000013A1A62002070476FF096007047002028
:106E10007047C0B2002814BF6FF085000020704793
:106E200000207047704700221A606FF0860070479C
:106E300000230B606FF0860070472DE9F041476832
:106E40003F0A04460D461646984611D107887F042E
:106E500007D44346324629462046BDE8F041FFF7B5
:106E600023BF00F0E9F810F1860FF2D0BDE8F08101
:106E70006FF08600FAE72DE9F04F476885B03F0ACA
:106E8000DDE90E9ADDF840B004460D4616469846F8
:106E900015D1CDE901ABCDF8009000F0BFF810F1AD
:106EA000860F0ED14346324629462046CDE90FAB28
:106EB000CDF8389005B0BDE8F04FFFF704BD6FF096
:106EC000860005B0BDE8F08F10B44468240A02D1F2
:106ED00010BCFFF742BD6FF0860010BC70472DE973
:106EE000F34747683F0ADDE90A9A04460D4616460D
:106EF000984611D1CDE9009A00F082F810F1860F82
:106F00000CD14346324629462046CDE90A9A02B0C2
:106F1000BDE8F047FFF779BD6FF0860002B0BDE82D
:106F2000F08713B504464868000A0AD10498009017
:106F300004F10800F4F7D6FA08B91C23236002B064
:106F400010BD6FF08600FAE710B404681C2C03D162
:106F500010BC0830F4F7F2BA6FF0860010BC70472E
:106F600038B503681C2B0CD100F10804204600F052
:106F70006AF94FF4907105462046F3F7FFFB284667
:106F800038BD0025FBE703681C2B02D1083000F058
:106F900035B96FF08600704710B404681C2C03D11B
:106FA00010BC083000F033B96FF0860010BC704799
:106FB00003681C2B02D1083000F035B9002070475F
:106FC00010B44468240A02D110BC00F044B96FF038
:106FD000860010BC70470020704713B5002001AB3D
:106FE0001446F5F74DF830B9019BA34218BF6FF076
:106FF000930002B010BD6FF09200FAE700207047D6
:1070000010B4048804F44F44B4F5824F02D110BC8C
:1070100000F046B96FF0850010BC704710B40488CA
:1070200004F44F44B4F5824F02D110BC00F068B9AB
:107030006FF0850010BC704710B4048824F0FF0482
:10704000B4F5E24F02D110BC00F0ADB96FF085008D
:1070500010BC7047024612F8103BDB0903EBC30378
:10706000C3EB031312F8011D83EA4103904213702E
:107070004FEA1323F6D170472DE9FF4705468846AE
:10708000144622B3D0F8486100F5947786B9A0443D
:107090004FF010090DF10C0A102CA8EB040237D8A0
:1070A00023463946384600F0EEF8C5F848410EE070
:1070B000C6F110094A450FD8B91913460846424689
:1070C00000F0E1F8D5F848312344C5F848310026EE
:1070D000304604B0BDE8F087B9F1000F08D0B91907
:1070E00042464B46084600F0CEF8103EC8443444B1
:1070F00003AB1022019300923B4639462846FFF726
:1071000023FF06460028C2D02846FFF729FFDFE705
:1071100010233946384600F0B6F8CDE9009A3B46D0
:10712000102239462846FFF70FFF06460028EBD10C
:10713000103CB1E72DE9F0439846D0F84831102BC8
:10714000174685B00446894600F59C7200F5947593
:107150001CD12946284600F096F803AB1022019373
:1071600000922B4629462046FFF7EEFE064630B930
:107170003A462946484600F040F9C8F800702046D3
:10718000FFF7EEFE304605B0BDE8F083C6181046A6
:1071900096F8283183F0800386F82831FFF75AFFEC
:1071A00010230246D5E7F0B5D5B004460E46174683
:1071B00000214FF4A67201A81D4600F046F92146B1
:1071C0003B46324601A8F4F705F9044680B95A9ABD
:1071D000294601A8FFF750FF044648B9DDE95C23C2
:1071E0005B9901A8FFF7A6FF0446204655B0F0BD05
:1071F00001A8FFF7B5FEF8E7F4F712B990F84C31A3
:10720000022B01D1FFF738BF6FF08800704710B430
:1072100090F84C41022C02D110BCFFF78BBF6FF0ED
:10722000880010BC704710B590F84C31022B044612
:1072300007D1FFF795FE4FF4A8720021204600F019
:1072400004F9002010BD08B54FF49072002100F041
:10725000FCF8002008BD10B4048804F44F44B4F5D1
:10726000824F02D110BCF4F78FB96FF0850010BCCB
:10727000704703460144002013F8012B8B4240EA7B
:107280000200F9D1704730B50B4411F8014B12F8E8
:10729000015B994284EA050400F8014BF5D130BD49
:1072A000F8B5054614466F882D8805F4E04CBCF50A
:1072B000804F1846DDE9063606D19A421DD800F007
:1072C0009CF834600020F8BD47F21212954202D0BB
:1072D0006FF08500F7E7640001349C420DD8042369
:1072E000B7F5807F34600370F2D10130F4F7CAFA49
:1072F0000028E7D06FF08600E5E76FF08900E2E74D
:107300002DE9F0411F460388DDF820800E4644F247
:1073100012118B42154642882ED047F212118B4231
:107320003BD102B9EA00B2F5807F36D1202D03D0DF
:107330006FF08600BDE8F08129463046FFF799FFDF
:107340000028F5D03046F4F789FA0028F0D1D8F8B3
:10735000004034F48074EBD1069B9D4220D82A462D
:107360003146384600F049F8079B1D604FF48073A2
:10737000C8F800302046DDE71AB9EB07D8D56A080F
:10738000D200B2F5807F08D1412DD1D13378042BC2
:10739000CED1701CF4F76CFAD7E76FF08500C9E71F
:1073A0006FF08900C6E7F8B50D46478801881E468C
:1073B00047F21213FC1D99424FEAD40402D06FF039
:1073C0008500F8BD944215D821462846F3F7BCFD48
:1073D0000028F6D121462846FFF74BFF0028F3D0BE
:1073E000B7F5807FEBD12846F4F738FA0028EBD1C7
:1073F0003460E6E76FF08900E3E70A44914200F168
:10740000FF3300D1704710B511F8014B03F8014F5D
:107410009142F9D110BD884210B501EB020402D9A6
:107420008442234607D8431EA14208D011F8012BFD
:1074300003F8012FF8E7024401468A4200D110BD4B
:1074400013F8014D02F8014DF7E702440346934259
:1074500000D1704703F8011BF9E710B50139024468
:10746000904201D1002005E0037811F8014FA342BA
:1074700001D0181B10BD0130F2E710B501390446E8
:1074800032B111F8013F00F8013B013A002BF7D16E
:107490000021FFF7DAFF204610BD10B50246014477
:1074A0008A42134603D01C780132002CF8D1181AF6
:1074B00010BDF0B5C3F137070446FFB203F01F0358
:1074C0001046082BE6B233D0102B3ED06508A40836
:1074D00044EA817445EAC1752D194FEA910242EBE5
:1074E0005102290941EA02716D1842EB1212290A70
:1074F00041EA02616D1842EB1222290C41EA024175
:107500006D1842EB1242AD1842F10002EC0844EA59
:107510004274D10804EB8402A6EB4205EDB2092DBA
:107520000CD90134A5F10A0541F10001EDB212E0D8
:10753000E40844EA417406F00705C908303554EA06
:10754000010200F8015BBCD1F0BD240944EA0174DA
:1075500006F00F050909092D84BFED19EDB2EDE71D
:1075600020F00042B2F1FF4F70B50346044610D33D
:10757000002807DAF7F7D6FD20B12046BDE87040B5
:10758000F7F7EABD21462046DBF706FF0446204612
:1075900070BD002AFBD00028F0DB10F0FF424FEA5C
:1075A000E05128D0C3F3160343F40003CA07A1F146
:1075B0007F0058BF5B00002440105B001925264661
:1075C0004FF0807172189A42DDBF561864189A1AEB
:1075D0001A46013D4FEA42034FEA5101F2D112B17E
:1075E000013424F00104641004F17C5404EBC05411
:1075F000CDE75B0001321802FBD5013A891AD1E7C9
:10760000D1E9043293421EBF5A1C0A6118707047B8
:107610000148006870470000143E0020FEF8FD7F1E
:1076200001000000B7F30400000000005DA90300A2
:1076300000000000C5A903000000000000000000D9
:1076400044770500E584040000000000258504005F
:10765000000000000000000064770500000000004A
:1076600084770500716D040000000000A94E05003C
:1076700000000000B34E0500000000000000000004
:10768000E477050000000000C4770500000000005A
:107690000478050000000000A4770500094E0400EE
:1076A00000000000C160040000000000F18D030034
:1076B0000000000075A703000000000000000000AB
:1076C00024780500456E040000000000B74E050058
:1076D00000000000818A040000000000000000009B
:1076E00064780500000000008478050000000000B8
:1076F00044780500DDB9030000000000254E0500B8
:10770000000000002F4E05000000000000000000F7
:10771000A478050000000000C47805000000000007
:10772000E478050000000000247905000000000056
:107730000479050079B50300000000005D9803009E
:107740000000000061B70500008805003C7B0500D3
:107750004E0C002078470020554B0400000000002C
:1077600000000000AAB7050020880500CC7A0500BB
:10777000540C002020480020495204000000000062
:1077800000000000B8B7050034880500CC7A050079
:10779000560C00202C480020495204000000000034
:1077A000000000009397050024830500947B0500EA
:1077B000480C002068030020D9B803000000000036
:1077C000000000008AB7050000000000C47A050030
:1077D000500C0020CC4700201D5004000000000089
:1077E000000000009AB7050000000000188805009E
:1077F000520C0020000000006D4205000000000057
:107800000000000058BA05003C890500D87B05003F
:10781000620C0020540A0020515D0400454C050014
:1078200000000000B0BB05000000000088890500D2
:10783000640C0020FC480020756404000000000077
:107840000000000064B5050084870500408705003E
:107850004A0C0020A408002021360400000000008B
:1078600000000000CAB7050048880500F07A05004E
:10787000580C0020F00900209D4305000000000086
:107880000000000007B90500280A0020087B050059
:107890005A0C0020384800204544050041440500AA
:1078A0000000000089B90500C0880500587B05006C
:1078B0005C0C002098480020955A0400000000004D
:1078C0000000000098B90500F0880500587B05000D
:1078D0005E0C0020B0480020955A04000000000013
:1078E0000000000046B7050090870500E887050006
:1078F0004C0C002054090020094604000000000040
:107900000000000022BA050020890500207B050048
:10791000600C0020C8480020655B040000000000E7
:10792000000000002FBC0500000000009489050045
:10793000660C002028490020DD4E050000000000F4
:1079400000000000AB570500FD4E050000000000E0
:107950000F060500047805009F4B050038480020FD
:10796000417F0400057B0400FD4E0500000000007F
:107970000F060500680600207143050000000000A6
:107980000F060500000000000F06050000000000C3
:107990000F060500000000000F06050000000000B3
:1079A0000F060500000000000F060500CC47002070
:1079B0008D500400000000000F06050000000000CC
:1079C0000F060500000000000F0605000000000083
:1079D00051610400000000000F06050000000000D7
:1079E0000F060500000000000F0605000000000063
:1079F0000F060500000000000F0605000000000053
:107A00000F060500000000000F0605000000000042
:107A1000C96D0400000000000F0605000000000012
:107A20000F060500000000000F06050054090020A5
:107A300071560500000000000F0605000000000060
:107A40000F060500000000000F0605000000000002
:107A50000F060500000000000F06050000000000F2
:107A60000F060500000000000F06050000000000E2
:107A70000F060500000000000F060500C13E0400CF
:107A8000FD4E0500000000000F060500000000008C
:107A90000F060500000000000F06050000000000B2
:107AA0000F060500000000000F06050000000000A2
:107AB0000F060500000000000F0605000000000092
:107AC0000F060500C54F04001D4F04008552040039
:107AD000C7420500D5420500ED420500F942050008
:107AE00005430500015104001F430500000000008C
:107AF00019550400000000000554040000000000B7
:107B000000000000074405007D570400000000004D
:107B1000F555040000000000000000009B44050033
:107B2000297803000000000000000000C1480500A3
:107B3000D94705000000000000000000AD4B040024
:107B4000D9410500394205000000000077410500D9
:107B50000000000000000000354705007B470500DD
:107B600053470500614705000000000000000000C9
:107B70000000000000000000000000000000000005
:107B800000000000000000000000000000000000F5
:107B9000000000004316050065B803000000000067
:107BA0006D1605002F160500D31A0500F316050003
:107BB00099150500E5150500E9160500000000000F
:107BC000B11505000000000000000000B915050017
:107BD000031A0500CB1505002F4A05009D5C040023
:107BE000214A05004B4C0500554A05007D4A050019
:107BF000B34A0500C74A0500F54A0500094B0500D0
:107C0000C74A0500E54A05001D4B05002B4B050042
:107C1000394B05006F4B0500734B05000500000054
:107C20000DF2030006000000A11F04000400000084
:107C30007D020400759E0400B19E04000000000057
:107C40000000000000000000000000000000000034
:107C50000000000000000000000000005885050042
:107C600008000000F885050007000000208A0500D4
:107C70000700000031BA050003000000099005006C
:107C80000300000092BF050003000000F7A40500F8
:107C90000300000027AD0500030000005798050011
:107CA0000300000021A905000300000065B20500E3
:107CB000030000005E980500030000007DA605009B
:107CC00003000000B6AE05000300000021A205007D
:107CD000030000009EA40500030000004DB2050053
:107CE00003000000B3AA0500030000001698050079
:107CF00003000000CDBB050003000000BBBB050076
:107D00000300000046B2050003000000BB90050020
:107D1000030000007CB705000300000053B7050016
:107D200003000000C6B7050003000000D7B7050038
:107D30000300000014B905000300000012BE050096
:107D400003000000D490050003000000D890050057
:107D5000030000000092050003000000A6C105001A
:107D600003000000F9BB050003000000FB960500BE
:107D7000030000005C970500030000006497050005
:107D8000030000007AB50500030000001FBC0500D9
:107D90000300000047BD050003000000AEB9050068
:107DA00003000000E6BF050003000000799705000E
:107DB000030000003DBC05000300000066BA05009A
:107DC00003000000D0B305000300000072B50500F9
:107DD00003000000A08205008C050020EF91050043
:047DE000010000009E
:107DF0001EA1050023A1050027A105002BA1050058
:107E00002FA1050033A1050037A105003BA1050006
:107E10003FA1050043A1050047A105004BA10500B6
:107E20004FA1050053A1050057A105005BA1050066
:107E30005FA10500F0DEBC9A7856341278563412F1
:107E400078563412000000000300000030000000EB
:107E500060000000000000000100010000010100BE
:107E600000010001000001000100000001000B0002
:107E700002000A00050009000A00080014000700BB
:107E80001E000600320005004B00040064000300E1
:107E900096000200FA000100F40100000203010054
:107EA000F401FA00960064004B0032001E0014003A
:107EB0000A000500020001000C0802170D01010272
:107EC0000909010106020918180301010909030340
:107ED00005030201230202240910040405050B0B0B
:107EE000040B2B1B1B151A1A1C021D161305014926
:107EF0000D150508061B1B0F1D1D0A0606010100B6
:107F000000FEFEFEFEFEFEFEFEFEFEFEFEFEFEFE8F
:107F1000FEFE16FEFEFEFEFEFEFEFEFEFEFE1F1F27
:107F2000FEFE26FEFEFEFEFEFEFEFEFEFEFEFEFE49
:107F3000FEFEFEFEFE3E3EFEFEFEFE3B3B00A301BD
:107F4000B103BF05EF024906A309C505F50B2512CC
:107F50000E021C045A03B4063006600C0100000037
:107F600010110040000000000000000000000000B0
:107F7000000000000406080A0C0E10121416181C4B
:107F80001E20222426282A2C2E30323436383A3C21
:107F90003E40424446484A4C4E021A5000000000FF
:107FA000280000001800000000000000141E00005F
:107FB000301100000000000070170000A00F00004A
:107FC0000000DC05E803000000000000141E0000B3
:107FD0003011000000002CA6E0A100003408E803E6
:107FE00000010302D8ECF0F4F8FC000203040506DB
:107FF0000708000000000000000000000000000072
:10800000000000000000010101010202020203035E
:108010000303040404040505050506060608090013
:108020000000000000000000000000000000000050
:108030000000000101010102020202030303030424
:108040000404040505050506060708090A0B0C0DBE
:1080500000100200FA00000001030062746C650069
:108060000000000000000000000000000000000010
:108070000000000000000000000000000000000000
:1080800000000000000000000000000000010000EF
:108090000338FDD87047000007000000080000000A
:1080A000090000000A0000000B0000000C000000A6
:1080B0000D0000000E000000100000001100000084
:1080C0001300000015000000170000001900000058
:1080D0001C0000001F00000022000000250000001E
:1080E000290000002D0000003200000037000000D1
:1080F0003C00000042000000490000005000000069
:1081000058000000610000006B00000076000000D5
:10811000820000008F0000009D000000AD00000004
:10812000BE000000D1000000E6000000FD000000DD
:10813000170100003301000051010000730100002D
:1081400098010000C1010000EE01000020020000C3
:108150005602000092020000D40200001C0300003E
:108160006C030000C3030000240400008E04000020
:10817000020500008305000010060000AB060000A9
:108180005607000012080000E0080000C3090000C4
:10819000BD0A0000D00B0000FE0C00004B0E0000DA
:1081A000B90F00004C11000007130000EE1400008E
:1081B0000617000054190000DC1B0000A51E00007B
:1081C000B621000015250000CA280000DF2C0000A1
:1081D0005B3100004B360000B93B0000B2410000AB
:1081E000444800007E4F0000715700002F600000DF
:1081F000CE69000062740000FF7F0000FFFFFFFFF8
:10820000FFFFFFFFFFFFFFFFFFFFFFFF0200000078
:10821000040000000600000008000000FFFFFFFF50
:10822000FFFFFFFFFFFFFFFFFFFFFFFF0200000058
:10823000040000000600000008000000A820002044
:10824000000100005B030500FD02050002000000C4
:108250000B05050000000000000000000000000009
:1082600000000000CF910500D7910500000000003C
:108270000000000000000000DF910500E391050010
:10828000E7910500EB91050090820500CC380020B5
:108290002D980300EC380020E65C0020010000006F
:1082A000C9050500BF0505008D0505008105050010
:1082B000000000007505050000000000000000003F
:1082C000E705050050060020480600204006002073
:1082D00000000000380600201D9A030011990300D9
:1082E00065990300C599030000000020000000000C
:1082F00000000B0602000000FC82050000000000E8
:10830000489705002600020600000020509705004F
:1083100022000B115806002001A8030000000000F5
:10832000990605002007002000000000AF0B002088
:108330003407002000000000188305004883050072
:108340000001000000000000A8A300201883050021
:108350005C8305002E00000000000000B4CC00206B
:108360001883050070830500020100000000000072
:1083700088CD002063A1050081A105009CA1050016
:10838000ACA10500B9A10500C2A10500C9A1050065
:10839000D0A10500D7A10500DFA10500B9A1050006
:1083A000E7A10500F9A105000EA205000E030000DB
:1083B00061D103000F0400002DD103001A01000059
:1083C00079BB03000504000091BB0300130100000A
:1083D00041C303003E01000065C10300011200001B
:1083E000F71D05000A1E0000E91D0500FF01000041
:1083F000D9C203003E010000B9C203000504000019
:10840000DDBB03000804000001C7030030030000C7
:1084100079C603001001000021BC03000112000016
:10842000B1D003000A1E0000CD1E050003090000A4
:108430003DC40300040B0000DDBD0300060A00007C
:10844000C9CA0300070A000081BC03000C05000034
:1084500019C60300050C000005CA030018830500B7
:108460006C8405004700000000000000A4CE00203E
:10847000A0A80500ADA80500CDA80500C1A805006D
:10848000D8A80500EFA80500FFA8050047AC050027
:1084900013A9050018830500A4840500000000004E
:1084A0000000000004CF002018830500B8840500F8
:1084B00000010000000000002CCF002097240500E0
:1084C000E92405000000000000000000000000009A
:1084D00015F503000000000000000000000000008F
:1084E0000000000002020100752C050004040100D8
:1084F00011020400060601005101040008040100F5
:108500003D0004000A0201005D2C05000C0401007E
:10851000452C05000E04010011FF0300200401009A
:1085200075FE03001004010085FD03001202010026
:10853000152B05001E000400CB2D05005202000083
:108540003B2B05001883050054850500020100003F
:10855000000000002CF40020C28D05007F300500D3
:1085600000000000BE8D050000000100BA8D05006E
:108570003B320500000000003C0800200000010024
:10858000B28D0500000000000000000000000000A7
:1085900000000000AE8D050051300500ED0A04001A
:1085A0004408002000000300AA8D05003B320500AE
:1085B000000000003408002000000100A28D05002A
:1085C000B7300500A90B0400000000000000030004
:1085D0009E8D05003B320500000000002C080020A5
:1085E00000000100968D0500010F0400000000004E
:1085F0000000000000000100EE8D05007F30050046
:1086000000000000EA8D050000000100E68D050075
:108610003B32050000000000780800200000010047
:10862000DE8D0500E73005000000000000000000BE
:1086300000000100DA8D05003B320500000000005B
:108640007008002000000100D28D050011310500E6
:10865000000000000000000000000100CE8D0500B9
:108660003B32050000000000680800200000010007
:10867000C68D050085090400000000000000000010
:10868000000001001D1F04002738050069290400AF
:10869000000000000000000055260400000000005B
:1086A00000000000000000000000000000000000CA
:1086B00000000000B920040006000000EB350500B2
:1086C00006000000851C040010000000F9180400DA
:1086D0001000000009290400010000001D340500FD
:1086E00010000000E73505000A000000C51F040067
:1086F000100000003927040007000000EF350500D6
:1087000010000000E734050001000000591E0400BD
:10871000400000008B350500100000000735050003
:108720000100000034870500380D00200000000023
:1087300000000000013A050000000000E9390500D2
:1087400000000000AD370400D938040021350400D2
:10875000ED37040000000000B934040011380400B3
:10876000594304000136040000000000D143040016
:10877000813D0400AD3504008D3504003141050014
:10878000414105000000000003000000893804009A
:108790004549040001000000000000000000000046
:1087A0002828070000004008000000000101000028
:1087B000BC870500000000000000000000D0014060
:1087C000C887050002000000E087050002000000E5
:1087D000D8870500020100002080001410800015D9
:1087E00020000014100000157146040045480400E4
:1087F00099450400114B0400E14A04000000000008
:10880000694C0400E94B040070B7050063420500A1
:108810005F42050076B705008342050000000000B6
:10882000FFFF000000030050680600200000000069
:1088300001000000FFFFFFFF00000050680600205D
:1088400000000000000000000040004000000000A8
:10885000000000000000000000009801000001017D
:10886000DD4305006888050000400040748805006D
:10887000020000008C8805000200000084880500CA
:10888000020100000480000C0580000B0400000CB5
:108890000500000B00300040A08805000200000029
:1088A000B888050002000000B08805000201000041
:1088B0000780000C1B80000B0700000C1B00000B46
:1088C00000000080FFFFFF7F0000008000000080AC
:1088D000FFFFFF7F00000080B80B000000000000D9
:1088E000BEB9050000FF0A00647705000800000219
:1088F00000000080FFFFFF7F00000080000000807C
:10890000FFFFFF7F0000008000000000000000006B
:10891000BEB9050000FF0800647705000A000002E8
:108920007D5C0400847805006A0000003D49050074
:108930000949050073490500A749050000200040CA
:1089400001000000000000005C8905000000D60165
:1089500000000000445E0020435E00200020004034
:1089600068890500020000008089050002000000FF
:1089700078890500020100002B8000002C80000196
:108980002B0000002C06000161630400FD4C050073
:108990002B4D05000000000000000000000000005A
:1089A000E14E0500ED6E0400000000000000000034
:1089B000080000000300000040420F000000000813
:1089C00040BF0F0000004008F8471000000080087A
:1089D00098C8120000008009008813000000000AF7
:1089E000085714000000800AF8BC050006BD050009
:1089F0001ABD050029BD050035BD0500247605001A
:108A000024760500A4760500AC7605003C770500C9
:108A1000447705004ABD0500000100000000000089
:108A2000148E05007F30050000000000360C002089
:108A300000000100108E05003B3205000000000020
:108A4000DC0A002000000100250C0020E99D040044
:108A5000F19E0400A2620020000003000C8E0500BD
:108A600051300500ED0A0400B80A002000000300A0
:108A7000088E05003B32050000000000B00A00200F
:108A800000000100140C00200000000000000000A5
:108A9000B261002000000100048E05005130050085
:108AA000ED0A04008C0A0020000003008477050012
:108AB00006000100847705001E0001008477050090
:108AC0001A000100512563FCC2CAB9F3849E17A79E
:108AD000ADFAE6BCFFFFFFFFFFFFFFFF0000000055
:108AE000FFFFFFFFAAAAAAAAAAAAAAAAAAAAAAAA92
:108AF000555555555555555555555555000000007A
:108B000055555555522563FCC2CAB9F3849E17A723
:108B1000ADFAE6BCFFFFFFFFFFFFFFFF0000000014
:108B2000FFFFFFFF512563FCC2CAB9F3849E17A75C
:108B3000ADFAE6BCFFFFFFFFFFFFFFFF00000000F4
:108B4000FFFFFFFF96C298D84539A1F4A033EB2D63
:108B5000817D0377F240A463E5E6BCF847422CE14F
:108B6000F2D1176BF551BF376840B6CBCE5E316B93
:108B70005733CE2B169E0F7C4AEBE78E9B7F1AFE57
:108B8000E242E34F4B60D2273E3CCE3BF6B053CCA3
:108B9000B0061D65BC86987655BDEBB3E7933AAA3F
:108BA000D835C65AFCFFFFFFFFFFFFFFFFFFFFFFA7
:108BB00000000000000000000000000001000000B4
:108BC000FFFFFFFFFF8FFFFFFF8FFFFFFE8FFFFF06
:108BD000FE8FFFFFFD8FFFFFFC8FFFFFFC8FFFFF6E
:108BE0006D757465785F667265652063616C6C6530
:108BF000642077697468204E554C4C207061726116
:108C00006D6574657200000043616E277420696EA3
:108C1000697469616C697A65206D757465782C205A
:108C2000776173204E554C4C0D0A00004661696C0B
:108C300020746F2061637175697265206D7574654C
:108C4000780A00004661696C20746F20696E637257
:108C50006561736520504D20636F756E7465720A8F
:108C6000000000004661696C20746F2064656372C7
:108C70006561736520504D20636F756E7465720A6F
:108C8000000000004661696C20746F2072656C659D
:108C9000617365206D757465780A0000436F756CAB
:108CA00064206E6F74206C6F636B20706F776572D9
:108CB0002073617665206D75746578004661696C16
:108CC00020746F20756E6C6F636B206D75746578A2
:108CD0000A0000006374782063616E6E6F74206216
:108CE00065204E554C4C00000A637478206973204F
:108CF0004E554C4C0A00000067E6096A85AE67BB1A
:108D000072F36E3C3AF54FA57F520E518C68059B6D
:108D1000ABD9831F19CDE05BD89E05C107D57C3642
:108D200017DD703039590EF7310BC0FF1115586837
:108D3000A78FF964A44FFABE0123456789ABCDEF35
:108D4000FEDCBA9876543210F0E1D2C364726167E7
:108D50006F6F6E2F6C6962732F73636865642F7316
:108D600072632F73636865645F68616C5F727463BC
:108D70002E6300006937AC3168212233B40F1433FD
:108D80006821A2333863ED3EDA0F493F5E987B3F9E
:108D9000DA0FC93F090400002A2B00002A2B00002B
:108DA00003280000292B0000292B000003280000C5
:108DB00002290000052A0000052A000003280000FF
:108DC0000118000000280000042A0000042A000006
:108DD00003280000012A0000012A000003280000E7
:108DE000002A0000002A00000328000000180000EC
:108DF0000028020004000800100001000100080023
:108E000002000400000002290000032800000229DB
:108E100000000328000000285265636569766564D8
:108E2000204779726F2043616C6962726174696F67
:108E30006E20436F6D6D616E642066726F6D2042AF
:108E40004C4520436C69656E7400414450434D208D
:108E5000417564696F204D6963726F70686F6E65EC
:108E600020776F726B65722074687265616420731D
:108E7000746172746564004D6963726F70686F6EBF
:108E8000652050444D20414450434D207374726519
:108E9000616D2073746172746564004661696C650C
:108EA0006420746F207374617274206D6963206430
:108EB00072697665723A202564004D6963726F703D
:108EC000686F6E652073747265616D2073746F7066
:108ED000706564005374617274696E6720536565D0
:108EE00065642053747564696F205849414F206E42
:108EF0005246353238343020424C4520494D5520B9
:108F00002B20414450434D20417564696F204170CE
:108F1000706C69636174696F6E2E2E2E00466169F4
:108F20006C656420746F20696E697469616C697A1C
:108F30006520524742204C45442064726976657230
:108F40003A202564004661696C656420746F20696D
:108F50006E697469616C697A6520494D5520647247
:108F6000697665723A202564004661696C65642003
:108F7000746F20696E697469616C697A65206D69C6
:108F800063726F70686F6E65206472697665723A9D
:108F9000202564004661696C656420746F20696EE9
:108FA000697469616C697A6520424C452064726914
:108FB0007665723A20256400736533647374756452
:108FC000696F5F696D755F3031004661696C65641A
:108FD00020746F20737461727420424C4520616468
:108FE000766572746973696E673A20256400477903
:108FF000726F2043616C6962726174696F6E2043A5
:109000006F6D706C65746521006170705F626C6576
:109010005F73656E736F720028756E7369676E6536
:1090200064292063686172202A2075736564206654
:109030006F722025257020617267756D656E742EC4
:109040002049742773207265636F6D6D656E64656A
:109050006420746F206361737420697420746F20BE
:10906000766F6964202A2062656361757365206983
:1090700074206D6179206361757365206D69736219
:1090800065686176696F7220696E206365727461CC
:10909000696E20636F6E66696775726174696F6E61
:1090A000732E20537472696E673A222573222061F1
:1090B0007267756D656E743A2564006362707269DB
:1090C0006E74665F7061636B616765006C6F676784
:1090D000696E67006C6F67006C6F675F6D676D74BA
:1090E000004D65737361676520282225732229204E
:1090F00064726F707065642062656361757365206A
:10910000697420657863656564732073697A652086
:109110006C696D69746174696F6E2028257529000A
:109120004D6573736167652064726F70706564204C
:109130006265636175736520697420657863656530
:1091400064732073697A65206C696D6974617469F0
:109150006F6E2028257529000D0A001B5B306D00FD
:10916000257320005B2530386C755D20005B253051
:1091700032753A253032753A253032752E25303326
:10918000752C253033755D200025732F003C257329
:109190003E200025733A2000253032782000202020
:1091A00020007C00256300206D6573736167657323
:1091B0002064726F70706564202D2D2D0D0A1B5B6D
:1091C000306D001B5B313B33316D2D2D2D20001B8D
:1091D0005B313B33316D001B5B313B33336D0065DD
:1091E00072720077726E00696E6600646267006C6E
:1091F0006F675F6261636B656E645F756172740057
:109200006C6F675F75617274006364635F61636D47
:109210005F3000465320436F6E66696775726174F4
:10922000696F6E004344432041434D20736572696A
:10923000616C206261636B656E64005A6570687969
:10924000722050726F6A656374006364635F616368
:109250006D5F73657269616C002A2A2A20426F6F04
:1092600074696E67206E524620436F6E6E6563743C
:109270002053444B2076332E322E312D643838382B
:109280003766366633326466202A2A2A0A002A2A7A
:109290002A205573696E67205A6570687972204F6D
:1092A000532076342E322E39392D656337383130DC
:1092B000346631353639202A2A2A0A006D757465DC
:1092C000785F696E69742063616C6C65642077698E
:1092D0007468204E554C4C20706172616D657465E8
:1092E0007200436F756C64206E6F7420616C6C6FDC
:1092F00063617465206D75746578206265666F7250
:109300006520696E697469616C697A696E6700725B
:10931000302F61313A202030782530387820207283
:10932000312F61323A202030782530387820207271
:10933000322F61333A20203078253038780072336C
:109340002F61343A2020307825303878207231323D
:109350002F69703A202030782530387820723134E7
:109360002F6C723A202030782530387800207870C1
:1093700073723A2020307825303878004661756C59
:1093800074696E6720696E737472756374696F6E49
:10939000206164647265737320287231352F7063A5
:1093A000293A2030782530387800556E68616E642F
:1093B0006C6564204952516E3A202564002A2A2A9D
:1093C0002A2A20425553204641554C54202A2A2A05
:1093D0002A2A002020537461636B696E67206572CE
:1093E000726F72002020556E737461636B696E67D3
:1093F000206572726F720020205072656369736518
:10940000206461746120627573206572726F7200EE
:1094100020204246415220416464726573733A20B1
:1094200030782578002020496D7072656369736516
:10943000206461746120627573206572726F7200BE
:109440002020496E737472756374696F6E20627543
:1094500073206572726F72002020466C6F617469B0
:109460006E672D706F696E74206C617A79207374E9
:1094700061746520707265736572766174696F6E70
:10948000206572726F72002A2A2A2A2A20555341B7
:109490004745204641554C54202A2A2A2A2A002092
:1094A000204469766973696F6E206279207A6572EB
:1094B0006F002020556E616C69676E6564206D6574
:1094C0006D6F7279206163636573730020204E6F46
:1094D00020636F70726F636573736F7220696E7350
:1094E0007472756374696F6E73002020496C6C65CB
:1094F00067616C206C6F6164206F66204558435F24
:1095000052455455524E20696E746F2050430020CE
:1095100020496C6C6567616C20757365206F6620EF
:109520007468652045505352002020417474656D65
:10953000707420746F206578656375746520756E2E
:10954000646566696E656420696E737472756374B0
:10955000696F6E002A2A2A2A2A204D50552046413A
:10956000554C54202A2A2A2A2A0020205374616349
:109570006B696E67206572726F722028636F6E74FC
:109580006578742061726561206D69676874206216
:1095900065206E6F742076616C6964290020204418
:1095A000617461204163636573732056696F6C61F8
:1095B00074696F6E0020204D4D4641522041646415
:1095C000726573733A2030782578002020496E73D5
:1095D0007472756374696F6E204163636573732081
:1095E00056696F6C6174696F6E005265736572764F
:1095F000656420457863657074696F6E2028005338
:10960000707572696F757320696E746572727570AA
:109610007420284952512000535053454C20696E04
:1096200020746872656164206D6F646520646F6585
:1096300073206E6F7420696E646963617465205075
:109640005350002A2A2A2A2A2048415244204641BF
:10965000554C54202A2A2A2A2A0020204275732099
:109660006661756C74206F6E20766563746F72200E
:109670007461626C652072656164002020446562DB
:109680007567206576656E740020204661756C7480
:1096900020657363616C6174696F6E202873656502
:1096A0002062656C6F772900415243485F455843FB
:1096B000455054207769746820726561736F6E201D
:1096C00025780A002A2A2A2A2A20446562756720FA
:1096D0006D6F6E69746F7220657863657074696F01
:1096E0006E202A2A2A2A2A002A2A2A2A2A20257390
:1096F00020256429202A2A2A2A2A006D707500460E
:1097000061696C656420746F20616C6C6F63617457
:1097100065206E6577204D505520726567696F6EC4
:109720002025750A00506172746974696F6E202576
:10973000753A2073616E69747920636865636B2084
:109740006661696C65642E00464C4153485F300089
:109750005352414D5F300065786974006E65745FE7
:10976000627566006E65745F6275665F73696D70C1
:109770006C6500000001000000736F63003031323F
:1097800033343536373839414243444546007573E2
:10979000626400626F6172645F6364635F61636DE2
:1097A0005F756172740000FFFFFFFFFFFF000000A4
:1097B00000000000FFFFFFFFFFFF000000000000AF
:1097C0007075626C69630072616E646F6D007075B4
:1097D000626C69632D69640072616E646F6D2D69DE
:1097E0006400253032583A253032583A2530325804
:1097F0003A253032583A253032583A2530325820FE
:109800002825732900303132333435363738396101
:1098100062636465660062745F7270610042542026
:109820004C572057510002FB349B5F8000008000A2
:10983000100000000000000104000200000002000F
:109840000000000000000500000000000000000013
:109850000000000000000562745F627566006274BB
:109860005F6461746100446174612062756666655D
:1098700072206F766572666C6F7720286C696E6BEC
:109880002074797065203078253032782900556E43
:1098900061626C6520746F206C6F6F6B2075702037
:1098A000636F6E6E20776974682068616E646C65A2
:1098B0002025750048617264776172652065727257
:1098C0006F722C20686172647761726520636F64C7
:1098D000653A20256400436F756C64206E6F7420B8
:1098E0007375626D69742072785F776F726B3A205E
:1098F000256400556E61626C6520746F206C6F6F1B
:109900006B757020636F6E6E20666F722068616E7B
:10991000646C65202575006D61785F74785F6F6396
:109920007465747320657863656564732074686515
:109930002076616C69642072616E67652025750010
:109940006D61785F72785F6F63746574732065789A
:109950006365656473207468652076616C69642052
:1099600072616E6765202575006D61785F74785F40
:1099700074696D65206578636565647320746865D6
:109980002076616C69642072616E676520257500C0
:109990006D61785F72785F74696D65206578636565
:1099A000656473207468652076616C6964207261F7
:1099B0006E676520257500556E61626C6520746F59
:1099C00020616C6C6F636174652062756666657298
:1099D00000556E68616E646C6564206576656E74B2
:1099E00020307825303278206C656E2025753A203D
:1099F0002573004E6F2070656E64696E6720706518
:109A0000726970686572616C20636F6E6E656374F5
:109A1000696F6E00556E6578706563746564207358
:109A20007461747573203078253032782025730086
:109A30004E6F20636F6D6D616E642073656E742070
:109A4000666F7220636D6420636F6D706C65746502
:109A500020307825303478004F70436F64652030B3
:109A6000782530347820636F6D706C657465642080
:109A7000696E7374656164206F66206578706563D4
:109A80007465642030782530347800546F6F20730B
:109A90006D616C6C202825752062797465732920AE
:109AA0006576656E742030782530327800496E76A0
:109AB000616C696420484349206576656E74207343
:109AC000697A65202825752900496E76616C69647C
:109AD000204C45206D657461206576656E74207339
:109AE000697A65202825752900574553545F544FDE
:109AF000504449522F7A65706879722F737562737A
:109B000079732F626C7565746F6F74682F686F73EB
:109B1000742F6863695F636F72652E630065767486
:109B20005F666C6167732026202831554C203C3CD1
:109B3000202830292900415353455254494F4E2083
:109B40004641494C205B25735D20402025733A2512
:109B5000640A00496E76616C6964206275662074DF
:109B600079706520257500496E76616C69642048BE
:109B700043492041434C207061636B6574207369D5
:109B80007A6520282575290041434C206461746161
:109B9000206C656E677468206D69736D61746368AD
:109BA0002028257520213D2025752900556E6162EC
:109BB0006C6520746F2066696E6420636F6E6E2022
:109BC000666F722068616E646C6520257500627432
:109BD0005F6863695F6576745F6765745F666C6113
:109BE0006773286864722D3E6576742920262028C4
:109BF00031554C203C3C202831292900556E6B6E94
:109C00006F776E2062756620747970652025750007
:109C1000556E68616E646C65642076656E646F7203
:109C20002D7370656369666963206576656E74205F
:109C3000307825303278206C656E2025753A2025E5
:109C40007300657674206E756D5F68616E646C6517
:109C50007320283D25752920746F6F206C61726711
:109C6000652028257A75203E20257529004E6F2015
:109C7000636F6E6E656374696F6E20666F722068C5
:109C8000616E646C65202575007061636B6574732B
:109C900020636F756E74206D69736D617463680005
:109CA000696E74657276616C20657863656564734E
:109CB000207468652076616C69642072616E6765E6
:109CC000202575207573006C6174656E637920655D
:109CD000786365656473207468652076616C696477
:109CE0002072616E67652030782530347800737596
:109CF00070765F74696D656F7574206578636565EE
:109D00006473207468652076616C69642072616E8A
:109D1000676520307825303478004661696C656469
:109D200020746F2073657420726571756972656443
:109D3000207365637572697479206C6576656C0053
:109D40004E6F206368616E676520746F20656E6377
:109D500072797074696F6E20737461746520286500
:109D60006E637279707420307825303278290075EE
:109D70006E6B6E6F776E005B305D004843492074F8
:109D800072616E73706F72743A202573005344438E
:109D9000004964656E7469747925733A20257300EF
:109DA0004964656E746974795B25645D3A20257336
:109DB000004843493A2076657273696F6E202573B7
:109DC00020283078253032782920726576697369C9
:109DD0006F6E203078253034782C206D616E75667A
:109DE0006163747572657220307825303478004C68
:109DF0004D503A2076657273696F6E202573202866
:109E0000307825303278292073756276657220307B
:109E1000782530347800556E61626C6520746F204F
:109E200073656E6420746F20647269766572202891
:109E300065727220256429004F7574206F66206357
:109E40006F6D6D616E642062756666657273005534
:109E50006E636C65617265642070656E64696E67BF
:109E60002073656E745F636D6400737563636573FF
:109E7000730009636F6D6D616E64206F70636F6452
:109E800065203078253034782074696D656F75747D
:109E90000A00657272203D3D20300009436F6E74E8
:109EA000726F6C6C657220756E726573706F6E7315
:109EB0006976652C20636F6D6D616E64206F7063D1
:109EC0006F6465203078253034782074696D656F53
:109ED00075742077697468206572722025640A00A1
:109EE0006F70636F64652030782530347820737428
:109EF0006174757320307825303278202573004ED8
:109F00006F6E2D4C452063617061626C6520636FDC
:109F10006E74726F6C6C65722064657465637465D1
:109F20006421004E756D206F6620436F6E74726FF2
:109F30006C6C657227732041434C207061636B65C4
:109F4000747320213D2041434C2062745F636F6E27
:109F50006E5F747820636F6E746578747320282543
:109F60007520213D202575290041434C2042522F68
:109F70004544522062756666657273206E6F742068
:109F8000696E697469616C697A65640056656E64AE
:109F90006F722048434920657874656E73696F6EEF
:109FA00073206E6F7420617661696C61626C65000C
:109FB000485720506C6174666F726D3A202573208B
:109FC0002830782530347829004857205661726946
:109FD000616E743A20257320283078253034782932
:109FE000004669726D776172653A202573202830CA
:109FF0007825303278292056657273696F6E202576
:10A00000752E2575204275696C64202575004661A2
:10A01000696C656420746F2072656164207375706B
:10A02000706F727465642076656E646F7220636F02
:10A030006D6D616E6473004661696C656420746F58
:10A04000207265616420737570706F72746564202E
:10A0500076656E646F7220666561747572657300F3
:10A0600048434920647269766572206973206E6F77
:10A07000742072656164790042542052582057510F
:10A080000048434920647269766572206F70656E7E
:10A09000206661696C65642028256429004E6F2064
:10A0A00070656E64696E6720636F6E6E20666F7296
:10A0B000207065657220257300556E657870656344
:10A0C00074656420484F53545F4E554D5F434F4D68
:10A0D000504C455445445F5041434B4554532C200C
:10A0E000737461747573203078253032782025734D
:10A0F00000000909090901020909090909090909F1
:10A1000009090907090909090906090909090909C4
:10A110000909090909090909090905010204312E7A
:10A12000306200312E3100312E3200322E300032BA
:10A130002E3100332E3000342E3000342E310034D6
:10A140002E3200352E3000352E3100352E320035BE
:10A150002E3300352E3400362E3000362E310036A8
:10A160002E32005374616E6461726420426C7565B6
:10A17000746F6F746820636F6E74726F6C6C65724D
:10A180000056656E646F72207370656369666963FB
:10A1900020636F6E74726F6C6C6572004669726DCD
:10A1A00077617265206C6F616465720052657363DC
:10A1B000756520696D6167650072657365727665A6
:10A1C00064006E5246353178006E52463532780062
:10A1D0006E5246353378006E524635344878006EFC
:10A1E000524635344C7800496E74656C20436F726A
:10A1F000706F726174696F6E004E6F726469632074
:10A2000053656D69636F6E647563746F72004E5849
:10A21000502053656D69636F6E647563746F7273FC
:10A220000062745F6863695F636F726500636D6489
:10A2300020646973616C6C6F776564004661696C5A
:10A24000656420746F2064697361626C6520616469
:10A250006472657373207265736F6C7574696F6E69
:10A26000005265736F6C76696E67206C6973742039
:10A2700073697A652065786365656465642E20532B
:10A280007769746368696E6720746F20686F737490
:10A290002E004661696C656420746F20636C656193
:10A2A00072207265736F6C7574696F6E206C697360
:10A2B00074004661696C656420746F206164642079
:10A2C00049524B20746F20636F6E74726F6C6C65B3
:10A2D00072005365742070726976616379206D6FC6
:10A2E000646520636F6D6D616E64206973206E6FAD
:10A2F0007420737570706F72746564004661696C68
:10A30000656420746F207365742070726976616370
:10A3100079206D6F64650044697361626C696E6772
:10A320002061646472657373207265736F6C7574F9
:10A33000696F6E206661696C6564202865727220A1
:10A34000256429004661696C656420746F2072651C
:10A350006D6F76652049524B2066726F6D20636F7A
:10A360006E74726F6C6C6572004F6E6C79207261E6
:10A370006E646F6D20737461746963206964656EC7
:10A380007469747920616464726573732073757085
:10A39000706F7274656400496E76616C69642069DF
:10A3A0006E70757420706172616D65746572730092
:10A3B0004661696C656420746F2072656164207009
:10A3C00075626C69632061646472657373005265C1
:10A3D00061642053746174696320416464726573BD
:10A3E00073657320636F6D6D616E64206E6F742092
:10A3F000617661696C61626C65004661696C656477
:10A4000020746F20726561642073746174696320C5
:10A41000616464726573736573004E6F2073746159
:10A420007469632061646472657373657320737407
:10A430006F72656420696E20636F6E74726F6C6CEE
:10A4400065720043616E27742073657420626F74B7
:10A4500068204944454E544954592026204E5250B4
:10A460004100556E61626C6520746F2073657420C5
:10A470006964656E7469747920616464726573736C
:10A4800000556E61626C6520746F20736574207274
:10A49000616E646F6D2061646472657373006274D1
:10A4A0005F696400546F6F2062696720616476653C
:10A4B00072746973696E67206461746100466169D2
:10A4C0006C656420746F20737461727420616476AB
:10A4D00065727469736572004661696C65642074A5
:10A4E0006F2073746F70206164766572746973692C
:10A4F0006E673A2025640062745F6164760046618D
:10A50000696C656420746F2067656E65726174653F
:10A5100020454343206B6579202564004661696CC2
:10A52000656420746F206578706F727420454343B2
:10A53000207075626C6963206B6579202564004624
:10A5400061696C656420746F206578706F72742027
:10A550004543432070726976617465206B6579208C
:10A560002564004661696C656420746F20646573BE
:10A5700074726F7920454343206B657920494420EC
:10A580002564004661696C656420746F20696D7094
:10A590006F727420746865207072697661746520CA
:10A5A0006B657920666F72206B65792061677265D3
:10A5B000656D656E7420256400526177206B657946
:10A5C0002061677265656D656E74206661696C6592
:10A5D00064202564004661696C656420746F2064A2
:10A5E000657374726F7920746865206B65792025B6
:10A5F00064007073615F696D706F72745F6B657911
:10A6000028292072657475726E6564207374617494
:10A610007573202564004275737920706572666FCA
:10A62000726D696E6720616E6F7468657220454354
:10A630004448206F7065726174696F6E00E69D35E5
:10A640000E480103CCDBFDF4AC1191F4EFB9A5F990
:10A65000E9A7832C5E2CBE97F2D203B0208BD2895F
:10A6600015D08E1C742430ED8FC24563765C155274
:10A670005ABF9A32636DEB2A65499C80DC62745F35
:10A68000656363004661696C65642072656164207E
:10A6900072656D6F7465206665617475726573208F
:10A6A0002825642900556E6578706563746564209B
:10A6B0006669727374204C32434150206672616D3A
:10A6C0006500556E6578706563746564204C32432F
:10A6D000415020636F6E74696E756174696F6E00AE
:10A6E0004E6F7420656E6F7567682062756666656B
:10A6F0007220737061636520666F72204C32434133
:10A7000050206461746100556E657870656374658E
:10A71000642041434C20666C6167732028307825A3
:10A72000303278290041434C206C656E206D69738E
:10A730006D6174636820282575203E2025752900E9
:10A7400028756E6B6E6F776E29006E6F2074726164
:10A750006E736974696F6E20257300496E76616C43
:10A7600069642028257529206F6C642073746174D6
:10A770006500636F6E6E202570206661696C65648C
:10A7800020746F2065737461626C6973682E205247
:10A7900046206E6F6973653F006E6F2076616C694D
:10A7A000642028257529207374617465207761738E
:10A7B0002073657400696E636F6D70617469626C9B
:10A7C000652068616E646C652025750054696D654F
:10A7D0006F7574206469736361726465642E204EC2
:10A7E0006F20626C6F636B696E6720696E2073798E
:10A7F0007377712E00466174616C206572726F729E
:10A8000020282564292E20446973636F6E6E65636A
:10A8100074696E6720257000466F756E64207661DE
:10A820006C696420636F6E6E656374696F6E202857
:10A830002570292077697468206164647265737378
:10A8400020257320696E2025732073746174652040
:10A850000053656E64204C4520706172616D2075F7
:10A860007064617465206661696C65642028657236
:10A8700072202564290053656E64206175746F2011
:10A880004C4520706172616D207570646174652043
:10A890006661696C656420286572722025642900F0
:10A8A000646973636F6E6E65637465640064697375
:10A8B000636F6E6E6563742D636F6D706C65746528
:10A8C000007363616E2D6265666F72652D696E69D6
:10A8D00074696174696E6700696E6974696174692D
:10A8E0006E672D66696C7465722D6C697374006196
:10A8F00064762D636F6E6E65637461626C65006172
:10A9000064762D6469722D636F6E6E656374616227
:10A910006C6500646973636F6E6E656374696E67FE
:10A920000062745F636F6E6E00556E61626C6520CD
:10A93000746F20616C6C6F6361746520627566660C
:10A94000657220666F72206F702030782530327803
:10A95000004E6F20617661696C61626C65204C32DB
:10A9600043415020636F6E7465787420666F722067
:10A97000636F6E6E20257000457870656374696E34
:10A980006720757020746F20256420726566732CB3
:10A9900020676F7420256400616C726561647920A2
:10A9A000686176652076696577206F6E2025700076
:10A9B0004C32434150206C656E677468206D69733A
:10A9C0006D617463682028257520213D2025752937
:10A9D00000496E76616C6964206964656E742076E6
:10A9E000616C756520696E204C32434150205044A3
:10A9F0005500496E76616C6964204C4520636F6E2A
:10AA00006E20706172616D207273702073697A6557
:10AA10002028257520213D20257A75290052656A58
:10AA2000656374696E6720756E6B6E6F776E204C10
:10AA3000324341502050445520636F646520307884
:10AA40002530327800546F6F20736D616C6C204C30
:10AA500032434150207369676E616C696E672050A4
:10AA6000445500546F6F20736D616C6C204C324301
:10AA700041502050445520726563656976656400D5
:10AA800049676E6F72696E67206461746120666FDA
:10AA90007220756E6B6E6F776E206368616E6E6587
:10AAA0006C2049442030782530347800636F6E661E
:10AAB00069670062745F6C326361700041545420B6
:10AAC0006368616E6E656C206E6F7420636F6E6E6E
:10AAD0006563746564004572726F72207369676E96
:10AAE000696E6720646174610052616E206F7574D5
:10AAF000206F662054582062756666657273206FF9
:10AB00007220636F6E74657874732E00556E616287
:10AB10006C6520746F206372656174652065727264
:10AB2000207273702050445500415454204D5455A8
:10AB30002065786365656465642C206D61782025E7
:10AB4000752C2077616E74656420257A7500556ECA
:10AB500061626C6520746F20637265617465207238
:10AB600073702050445500546F6F20736D616C6C8E
:10AB700020415454205044552072656365697665C0
:10AB80006400556E68616E646C65642041545420A5
:10AB9000636F64652030782530327800496E7661C5
:10ABA0006C6964206C656E20257520666F72206369
:10ABB0006F64652030782530327800556E61626CA4
:10ABC0006520746F20637265617465205555494432
:10ABD0003A2073697A6520257500556E61626C654F
:10ABE00020746F2063726561746520555549443A3D
:10ABF0002073697A65202564004E6F206176616953
:10AC00006C61626C652041545420636F6E7465788A
:10AC10007420666F7220636F6E6E202570004E6F19
:10AC200020617661696C61626C65204154542063D7
:10AC300068616E6E656C20666F7220636F6E6E2049
:10AC40002570004E6F7420636F6E6E65637465646B
:10AC500000556E61626C6520746F2066696E6420B9
:10AC6000415454206368616E6E656C00476F7420B8
:10AC70006572722025642C206E6F742063616C6C89
:10AC8000696E6720415454206362004E6F20415426
:10AC900054206368616E6E656C20666F72204D543F
:10ACA0005520257A75004E6F2070656E64696E6759
:10ACB00020415454207265717565737400556E613E
:10ACC000626C6520746F20637265617465207265C3
:10ACD00074727920504455202825752900446973E1
:10ACE000636F6E6E656374696E67206661696C651B
:10ACF0006420286572722025642900415454205430
:10AD0000696D656F757420666F722064657669631E
:10AD1000652025732E20446973636F6E6E656374BE
:10AD2000696E672E2E2E0062745F61747400434D4D
:10AD3000414320757064617465206661696C656467
:10AD400020256400756E61626C6520746F207361EC
:10AD500076652053433A206E6F20636667206C65EA
:10AD60006674004E6F20737061636520746F20738A
:10AD7000746F72652043434320636667004E6F2003
:10AD8000737061636520746F2073746F7265204304
:10AD90006C69656E7420537570706F727465642091
:10ADA000466561747572657300556E61626C6520ED
:10ADB000746F20696D706F727420746865206B65A4
:10ADC0007920666F722041455320434D4143202531
:10ADD0006400434D4143206F7065726174696F6E0A
:10ADE00020696E6974206661696C65642025640061
:10ADF000434D41432066696E697368206661696CE2
:10AE000065642025640052656164206D6574686F17
:10AE100064206E6F7420736574004661696C6564AC
:10AE200020746F2072656164206174747269627548
:10AE30007465202570202865727220257A642900A7
:10AE4000496E76616C69642072656164206C656E20
:10AE50006774683A20257A640043434320257020B4
:10AE60006E6F74207772697461626C650053432061
:10AE7000726573746F726520696E64696361746969
:10AE80006F6E206661696C6564004661696C65641B
:10AE900020746F20736574207365637572697479AB
:10AEA00020666F7220626F6E6465642070656572E3
:10AEB00020282564290062745F6761747400556EF0
:10AEC00061626C6520746F2066696E6420534D501A
:10AED000206368616E6E656C005075626C696320FA
:10AEE0006B6579206E6F7420617661696C61626C4C
:10AEF00065004661696C656420746F2067656E65E6
:10AF0000726174652044484B65790043616C6375D8
:10AF10006C61746520636F6E6669726D206661692D
:10AF20006C656400556E6B6E6F776E207061697230
:10AF3000696E67206D6574686F6420282575290027
:10AF400043616C63756C617465204C544B20666181
:10AF5000696C65640043616C63756C617465206C39
:10AF60006F63616C2044484B657920636865636B4F
:10AF7000206661696C65640043616C63756C617423
:10AF8000652072656D6F74652044484B6579206358
:10AF90006865636B206661696C65640052656D6FFE
:10AFA0007465207075626C6963206B6579207265C9
:10AFB0006A65637465640052656D6F7465206973BA
:10AFC000207573696E6720446562756720507562ED
:10AFD0006C6963206B6579005265636569766564A9
:10AFE00020696E76616C6964207075626C6963209B
:10AFF0006B6579004E6F20617661696C61626C658A
:10B0000020534D5020636F6E7465787420666F72A4
:10B0100020636F6E6E20257000556E61626C652036
:10B02000746F20676574206B65797320666F72207A
:10B0300025730054686520696E2D70726F677265A4
:10B0400073732070616972696E6720686173206232
:10B0500065656E2064656C657465642100534D50B0
:10B0600020646F6573206E6F7420616C6C6F772045
:10B07000612070616972696E67206661696C7572C2
:10B0800065206174207468697320706F696E742E16
:10B09000204B6E6F776E2069737375652E2044693F
:10B0A00073636F6E6E656374696E6720696E737427
:10B0B0006561642E00546F6F20736D616C6C20535A
:10B0C0004D50205044552072656365697665640073
:10B0D000534D5020636F6D6D616E642028636F6403
:10B0E000652030782530327829207265636569766D
:10B0F00065642061667465722074696D656F75742E
:10B100000052656365697665642072657365727661
:10B11000656420534D5020636F646520307825307E
:10B12000327800556E68616E646C656420534D50D2
:10B1300020636F64652030782530327800556E6565
:10B140007870656374656420534D5020636F646547
:10B150002030782530327800496E76616C69642041
:10B160006964656E7469747920257300526566752B
:10B1700073696E67206E65772070616972696E67AA
:10B180002E20546865206F6C6420626F6E64206DA1
:10B1900075737420626520756E70616972656420D4
:10B1A00066697273742E0070616972696E672066D9
:10B1B00061696C65642028706565722072656173D1
:10B1C0006F6E203078257829004E6F206B6579737B
:10B1D00020737061636520666F7220257300534D84
:10B1E000502054696D656F75742028666C616773B3
:10B1F0003A30782530387820616C6C6F7765645F01
:10B20000636D64733A30782530387829000005067C
:10B210001F1F2918120308020305080A000801036A
:10B2200004010504050906070101060608000001DE
:10B2300000010003010003020201000200000000FF
:10B2400000020301000362745F736D700062745F3B
:10B250006B657973006C888391AAF5A53860370B0C
:10B26000DB5A6083BE62745F63727970746F0046EC
:10B2700061696C656420746F20696D706F727420F1
:10B28000414553206B6579202564004661696C65F2
:10B290006420746F20636F6D70757465204D414339
:10B2A00020256400726573756D6500537075726951
:10B2B0006F7573202573206576656E740065702048
:10B2C00030782530327820616C7265616479206550
:10B2D0006E61626C656400456E64706F696E7420A7
:10B2E0003078253032782076616C69646174696FDA
:10B2F0006E206661696C6564006570203078253069
:10B30000327820616C72656164792064697361626E
:10B310006C65640065702030782530327820697360
:10B32000206E6F742068616C7465647C64697361FD
:10B33000626C6564004661696C656420746F2061AD
:10B340006C6C6F63617465206E65745F62756620F6
:10B35000257A642C206570203078253032780053AF
:10B36000657175656E6365202575206E6F74206349
:10B370006F6D706C657465640044726F70207365E6
:10B38000747570207061636B6574202825702900C6
:10B390005A4C502065787065637465640043616E33
:10B3A0006E6F742064657465726D696E6520746873
:10B3B00065206E65787420737461676500537461ED
:10B3C0007465206E6F74206368616E676564210028
:10B3D0007564630073687574646F776E00496E6995
:10B3E0007469616C697A656400507265696E69742C
:10B3F000007564635F6E726678004661696C6564AF
:10B4000020746F20726567697374657220656E645D
:10B41000706F696E7400556E6B6E6F776E20706F13
:10B42000776572206576656E7420256400657020EE
:10B430003078253032782071756575652069732004
:10B44000656D7074790053555350454E44207374A4
:10B450006174652064657465637465640052455366
:10B46000554D494E472066726F6D20737573706538
:10B470006E640052656D6F74652077616B657570E1
:10B4800020696E6974696174656400657020307844
:10B4900025303278206F6B2C2071756575652069B9
:10B4A0007320656D707479004661696C6564207401
:10B4B0006F20616C6C6F6361746520666F722073BE
:10B4C00065747570004661696C656420746F2064F2
:10B4D000697361626C6520636F6E74726F6C206556
:10B4E0006E64706F696E74004661696C6564207487
:10B4F0006F2073746F70204846584F2025640052A7
:10B50000657365740062756666657220746F6F207E
:10B51000736D616C6C3A20723A2025752C206C3A60
:10B52000202575004661696C656420746F20656E26
:10B5300061626C6520636F6E74726F6C20656E64FF
:10B54000706F696E74004661696C656420746F2069
:10B550007374617274204846584F202564000001BE
:10B56000010101017573626440343030323730308C
:10B5700030007564635F6E7266006E72665F75732D
:10B5800062645F636F6D6D6F6E00446576696365BD
:10B59000206973206E6F7420636F6E6669677572C1
:10B5A00065640043616E6E6F7420636F6E666967D9
:10B5B00075726520646576696365207768696C6576
:10B5C000206974206973206163746976650052652F
:10B5D0007175657374656420636F6E6669677572F3
:10B5E0006174696F6E206973206E6F74207375705B
:10B5F000706F72746564004F6E6C792031362D6205
:10B6000069742073616D706C65732061726520735D
:10B610007570706F727465640043616E6E6F742034
:10B6200066696E64207375697461626C652050444C
:10B630004D20636C6F636B20636F6E666967757214
:10B640006174696F6E2E004661696C656420746F69
:10B6500020696E697469616C697A652050444D3A5D
:10B66000202564004661696C656420746F207374E2
:10B670006172742050444D3A202564004661696C23
:10B68000656420746F2072656C6561736520636CFE
:10B690006F636B3A202564004661696C65642074B1
:10B6A0006F207265717565737420636C6F636B3A9C
:10B6B00020256400496E76616C696420636F6D6D4E
:10B6C000616E643A202564004661696C656420748B
:10B6D0006F20616C6C6F636174652062756666656E
:10B6E000723A20256400556E61626C6520746F208B
:10B6F000707574206D656D20736C616220696E20B9
:10B700007175657565004661696C656420746F20AC
:10B71000736574206275666665723A202564004E12
:10B720006F206275666665727320746F206672653D
:10B7300065004E6F20726F6F6D20696E2052582029
:10B7400071756575650070646D40343030316430FA
:10B75000303000646D69635F6E7266785F70646D2F
:10B7600000636C6F636B4034303030303030300009
:10B770006866636C6B006C66636C6B00636C6F6314
:10B780006B5F636F6E74726F6C0072616E646F6D6D
:10B790004034303030643030300063727970746F10
:10B7A000403530303261303030006770696F40357D
:10B7B00030303030333030006770696F40353030B2
:10B7C00030303030300069326300693263403430E9
:10B7D000303034303030006932635F6E7266785FCB
:10B7E000747769004661696C656420746F20696EC6
:10B7F000697469616C697A65206465766963653A24
:10B8000020257300756E737570706F727465642097
:10B8100073706565640031302D626974204932436C
:10B8200020416464722064657669636573206E6F7D
:10B830007420737570706F72746564004E65656412
:10B8400020746F207573652074686520696E746557
:10B85000726E616C206472697665722062756666CC
:10B86000657220627574206974732073697A65202B
:10B87000697320696E73756666696369656E7420A5
:10B88000282575202B202575203E202575292E2062
:10B8900041646A75737420746865207A657068798C
:10B8A000722C636F6E6361742D6275662D73697A95
:10B8B00065206F72207A65706879722C666C61738E
:10B8C000682D6275662D6D61782D73697A652070BB
:10B8D000726F70657274792028746865206F6E6568
:10B8E000207769746820677265617465722076617B
:10B8F0006C75652920696E20746865202225732285
:10B90000206E6F64652E006932634034303030330E
:10B91000303030006932635F6E7266785F747769C9
:10B920006D00547279696E6720746F207472616E55
:10B9300073666572206D6F7265207468616E207425
:10B940006865206D6178696D756D2073697A652011
:10B95000666F722074686973206465766963653AFE
:10B96000202564203E202564000001020304050612
:10B97000074750494F20706F72743A202573206E2C
:10B980006F74207265616479006C736D3664733313
:10B9900074722D632D656E006D736D3236316433B4
:10B9A000353236686963706D2D632D656E00726582
:10B9B00067756C61746F725F666978656400617445
:10B9C00074725F7365742829206E6F7420737570AC
:10B9D000706F72746564206F6E2074686973206381
:10B9E00068616E6E656C2E004661696C65642074DA
:10B9F0006F20696E697469616C697A652073656E20
:10BA0000736F7220627573004661696C656420749F
:10BA10006F20696E697469616C697A652063686911
:10BA200070006C736D3664733374722D63403661CD
:10BA3000004C534D3644534C004661696C6564209C
:10BA4000746F20616C6C6F63617465205050492085
:10BA50004368616E6E656C0075617274403430309D
:10BA6000303230303000756172745F6E7266785FAC
:10BA7000756172746500536F6674446576696365B9
:10BA800020436F6E74726F6C6C6572204153534526
:10BA900052543A2025732C20256400536F66744459
:10BAA000657669636520436F6E74726F6C6C657246
:10BAB000206275696C64207265766973696F6E3A8D
:10BAC0002000456E74726F707920736F75726365B4
:10BAD00020646576696365206E6F742072656164A9
:10BAE00079004661696C656420746F2072656769CE
:10BAF000737465722072616E6420736F7572636512
:10BB0000202825642900416C6C6F63617465642092
:10BB10006D656D6F727920746F6F206C6F773A204E
:10BB2000257A75203C202575004576656E74206267
:10BB3000756666657220746F6F20736D616C6C2E14
:10BB400020257A75203E20257500556E6578706534
:10BB500063746564206D73675F747970653A20253E
:10BB6000752E20546869732069662D656C73652095
:10BB70006E656564732061206E6577206272616E08
:10BB8000636800556E6B6E6F776E206572726F72B0
:10BB9000207768656E2070726F63657373696E6776
:10BBA00020686369206D6573736167652025640093
:10BBB00062745F6863695F7364630062745F736477
:10BBC000635F6863695F6472697665720062745F5F
:10BBD0007364635F63727970746F004D50534C20CF
:10BBE0004153534552543A2025732C202564004D6F
:10BBF00050534C20576F726B006D70736C5F696EA1
:10BC0000697400556E737570706F72746564204846
:10BC100046434C4B206576656E743A202564006E71
:10BC20007266785F636C6F636B5F6D70736C0074CA
:10BC3000656D704034303030633030300074656D85
:10BC4000705F6E7266355F6D70736C00000000008F
:10BC500000010100000000000020303030303030A2
:10BC600030303030303030300001400050010000C2
:10BC70000100000001000000000048616C74696E62
:10BC8000672073797374656D00556E6B6E6F776E98
:10BC9000206572726F72003E3E3E205A45504859F0
:10BCA0005220464154414C204552524F5220256467
:10BCB0003A202573206F6E2043505520256400469E
:10BCC00061756C7420647572696E6720696E746545
:10BCD00072727570742068616E646C696E670A00B8
:10BCE00043757272656E74207468726561643A207F
:10BCF00025702028257329004350552065786365F9
:10BD00007074696F6E00556E68616E646C65642056
:10BD1000696E7465727275707400537461636B2020
:10BD20006F766572666C6F77004B65726E656C201E
:10BD30006F6F7073004B65726E656C2070616E6919
:10BD400063006D61696E006F7300737973776F7252
:10BD50006B7100494D5520646576696365202573D4
:10BD6000206973206E6F7420726561647900494D9B
:10BD70005520646576696365202573207375636358
:10BD800065737366756C6C7920696E697469616C32
:10BD9000697A6564004661696C656420746F206629
:10BDA000657463682073656E736F722073616D7064
:10BDB0006C65202865727220256429004661696CD3
:10BDC000656420746F2067657420616363656C65CA
:10BDD000726F6D65746572206368616E6E656C204C
:10BDE0002865727220256429004661696C656420AB
:10BDF000746F20676574206779726F73636F706505
:10BE0000206368616E6E656C2028657272202564FF
:10BE10002900696D755F64726976657200494D55D8
:10BE2000204E6F74696669636174696F6E20434365
:10BE3000434420757064617465643A20307825301D
:10BE4000347800454E41424C4544004449534142F8
:10BE50004C454400417564696F204E6F7469666992
:10BE6000636174696F6E204343434420537461746B
:10BE7000653A20257300424C4520436F6E6E656322
:10BE800074696F6E206661696C65642028657272E2
:10BE9000203078253032782900424C4520436F6E9F
:10BEA0006E656374656400424C4520446973636F3A
:10BEB0006E6E65637465642028726561736F6E20B1
:10BEC0003078253032782900424C45204368617231
:10BED00061637465726973746963205772697474FD
:10BEE000656E3A20256420627974657300426C7532
:10BEF00065746F6F746820696E6974206661696C1F
:10BF0000656420286572722025642900426C75657D
:10BF1000746F6F746820696E697469616C697A65A1
:10BF200064207375636365737366756C6C79004127
:10BF300064766572746973696E67206661696C65A1
:10BF40006420746F2073746172742028657272208B
:10BF500025642900424C45204164766572746973FA
:10BF6000696E672073746172746564206173202741
:10BF70002573270052657374617274696E6720427D
:10BF80004C45206164766572746973696E672E2E04
:10BF90002E00626C655F647269766572005247427A
:10BFA000204C4544204750494F20706F72747320D5
:10BFB000617265206E6F742072656164790052470A
:10BFC00042204C4544206472697665722073756323
:10BFD0006365737366756C6C7920696E69746961E9
:10BFE0006C697A6564007267625F6C6564004750D3
:10BFF000494F3120646576696365206E6F742072E5
:10C000006561647920666F72206D6963726F706814
:10C010006F6E650050444D3020646576696365201D
:10C020006E6F74207265616479004661696C656445
:10C0300020746F20636F6E666967757265206D6925
:10C040006320706F7765722070696E202865727248
:10C0500020256429004D6963726F70686F6E6520DA
:10C060006472697665722073756363657373667550
:10C070006C6C7920696E697469616C697A656400B9
:10C080004661696C656420746F20656E61626C65E1
:10C09000206D6963726F70686F6E6520706F776571
:10C0A0007200436F6E6669677572696E67205044EF
:10C0B0004D5F4348414E5F5249474854206661698D
:10C0C0006C656420282564292C20747279696E6758
:10C0D0002050444D5F4348414E5F4C4546542E2E00
:10C0E0002E004661696C656420746F20636F6E6614
:10C0F00069677572652050444D20444D494320289E
:10C1000065727220256429004661696C656420743B
:10C110006F20747269676765722050444D20444DEA
:10C1200049432073746172742028657272202564FB
:10C1300029004D6963726F70686F6E652050444DC1
:10C14000207265636F7264696E67207374617274C4
:10C150006564207375636365737366756C6C7900D1
:10C160004661696C656420746F20747269676765E5
:10C17000722050444D20444D49432073746F702009
:10C180002865727220256429004D6963726F70689A
:10C190006F6E65207265636F7264696E6720737479
:10C1A0006F70706564006D69635F64726976657253
:10C1B00000141400001C2030401C2000001C203003
:10C1C0004000409B8FACC31D42AE44FACD1FC34814
:10C1D000A0B42FCF29EE3D00FFFFFFFF1F00286E08
:10C1E000756C6C29002A666C6F61742A000000006F
:10C1F000FFFFFFFFFF1F00001F0000000000000006
:10C200001D40000000000000FFFFFFFF1FFF0000B7
:10C21000BAABBABA10101010000000000080004045
:10C2200000000000000000000C0000000000000002
:10C2300000FF7F0000000000000000000000000080
:10C2400000000000819D0200000000003751030043
:10C2500000000000999D02000000000057510300FB
:10C260000000000015510300000000000000000065
:10C2700000000000000000000000000000000000BE
:10C2800000000000000000000000000000000000AE
:10C29000000000000000000000000000000000009E
:10C2A000000000000000000000000000000000008E
:10C2B000000000000000000000000000000000007E
:10C2C000000000000000000000000000000000006E
:10C2D000000000000000000000000000000000005E
:10C2E000000000000000000000000000000000004E
:10C2F000000000000000000000000000000000003E
:10C30000000000000000000000000000000000002D
:10C31000000000000000000000000000000000001D
:10C32000000000000000000000000000000000000D
:10C3300000000000000000000000000000000000FD
:10C3400000000000000000000000000000000000ED
:10C3500000000000000000000000000000000000DD
:10C3600000000000000000000000000000000000CD
:10C3700000000000000000000000000000000000BD
:10C3800000000000000000000000000000000000AD
:10C39000000000000000000000000000000000009D
:10C3A000000000000000000000000000000000008D
:10C3B000000000000000000000000000000000007D
:10C3C000000000000000000000000000000000006D
:10C3D000000000000000000000000000000000005D
:10C3E000000000000000000000000000000000004D
:10C3F000000000000000000000000000000000003D
:10C40000000000000000000000000000000000002C
:10C41000000000000000000000000000000000001C
:10C42000000000000000000000000000000000000C
:10C4300000000000000000000000000000000000FC
:10C4400000000000000000000000000000000000EC
:10C4500000000000000000000000000000000000DC
:10C4600000000000000000000000000000000000CC
:10C4700000000000000000000000000000000000BC
:10C4800000000000000000000000000000000000AC
:10C49000000000000000000000000000000000009C
:10C4A000000000000000000000000000000000008C
:10C4B000000000000000000000000000000000007C
:10C4C0000000000000000000DC020020556D0300A9
:10C4D0005B6D03005D6D0300836D0300616D030000
:10C4E0008D6D0300676D0300976D03006D6D030094
:10C4F000A36D0300796D03007D6D03006F6D030074
:10C50000756D0300936D03009D6D030024030020EF
:10C5100001FF0000FB6E0300076F03000B6F0300B9
:10C52000136F0300176F03000000000079B60300CB
:10C5300000000000000100000000000000000000FA
:10C5400000000000000000000000000000000000EB
:10C550000000000000000000A477050000C20100F8
:10C5600000000800000000000000000000000000C3
:10C5700000000000000000000000000000000000BB
:10C580000000000000000000000000000C07002078
:10C5900000000000F806002000000000000000007D
:10C5A000000000000000000000000000000000008B
:10C5B000000000000000000000000000000000007B
:10C5C000000000000000000000000000000000006B
:10C5D000000000000000000000000000000000005B
:10C5E00000000000F4030020F4030020000000001D
:10C5F00001000000040400200404002000000000EA
:10C60000000000000000000000000000000000002A
:10C61000000000000000000000000000000000001A
:10C62000000000000000000000000000000000000A
:10C6300000000000000000000000000000000000FA
:10C6400000000000000000000000000000000000EA
:10C6500000000000000000000000000000000000DA
:10C6600000000000000000000000000000000000CA
:10C6700000000000000000000000000000000000BA
:10C6800000000000000000000000000000000000AA
:10C69000000000000000000000000000000000009A
:10C6A000000000000000000000000000000000008A
:10C6B000000000000000000000000000000000007A
:10C6C000000000000000000021CE03000000000078
:10C6D000000000000000000000000000000000005A
:10C6E000000000000000000000000000000000004A
:10C6F000000000000000000000000000000000003A
:10C700000000000000000000000000000000000029
:10C710000000000000000000000000000000000019
:10C720000000000000000000000000000000000009
:10C7300000000000000000000000000000000000F9
:10C7400000000000000000000000000000000000E9
:10C7500000000000000000000000000000000000D9
:10C760000000000000000000000000002478050028
:10C770000000803F49FA04001D030500888205007F
:10C780000000000000000000940B0020A80500201D
:10C790000000000000000000000000000000000099
:10C7A00000040100000000001392050022030000B5
:10C7B0000000000000000000000303000000000073
:10C7C0000000000000030000000000000000000066
:10C7D0000002010000000000249205002E0300006A
:10C7E0000000000000000000000101000000000047
:10C7F0003B9205001E030000000000000000000046
:10C800000000000000000000948D050004030000FB
:10C81000B00D00203A0000009C0D00203A000000FE
:10C82000600D00203A000000880D00203A00000052
:10C83000C40D00203A0000004C0D00203A0000001A
:10C84000D80D00203A000000000000008F0605000F
:10C850000000000000000000006000400000000038
:10C8600000000000000000000000000000000000C8
:10C8700000000000000000000000000000000000B8
:10C8800000000000000000000000000000000000A8
:10C890000000000000000000000000000000000098
:10C8A0000000000000000000000000000000000088
:10C8B0000000000000000000000000000000000078
:10C8C0000000000000000000000000000000000068
:10C8D0000000000000000000000000000000000058
:10C8E000000000000000000058430120000000008C
:10C8F0000000000000000000000400005847012074
:10C900000000000000000000000000000004000023
:10C9100009920500000000006007002000000000F0
:10C92000A4770500AF0B0020B70B0020C00B002040
:10C93000C50B0020CA0B0020CE0B0020D30B00201B
:10C94000DA0B0020E30B0020EA0B0020F10B0020A3
:10C95000000000008F15050079B703001DB8030023
:10C96000E1170500491A0500151705000000000031
:10C97000691A0500FD160500971605000000000065
:10C980009115050000000000131F050000000000C5
:10C99000000000000000000085C10300000000004E
:10C9A0000000000000000000A9DF030000000000FC
:10C9B000000000000000000065DE03000000000031
:10C9C00000000000000000004DE80300000000002F
:10C9D0000000000000000000A1E3030000000000D0
:10C9E00000000000F4070020F40700200000000011
:10C9F0000000000055F70300F90604006506040076
:10CA00000000000000000000FDFA0300BF2C05003C
:10CA1000852D050035F70300000000009A8D050004
:10CA200000000200A68D050000000A00B68D05007A
:10CA300000002000000000000000000000000000D6
:10CA400000000000000000000000000000000000E6
:10CA50007131050000000000CA8D050000000200D1
:10CA6000D68D050000000200E28D050000000200E6
:10CA70008008002080080020000000000000000066
:10CA80000E0000009408002094080020F525040002
:10CA90000000000000000000000000000000000096
:10CAA0000000000000000000000000000000000086
:10CAB0000000000000000000000000000000000076
:10CAC0000000000000000000000000000000000066
:10CAD0000000000000000000000000000000000056
:10CAE0000000000000000000000000000000000046
:10CAF0000000000000000000000000000000000036
:10CB00000000000000000000000000000000000025
:10CB10000000000000000000280900202809002073
:10CB200000000000000000000E00000000000000F7
:10CB300000000000000000000000000000000000F5
:10CB40000000000000D001400000000000000000D4
:10CB500000000000000000000000000000000000D5
:10CB600000000000000000000000000000000000C5
:10CB700000000000000000000000000000000000B5
:10CB800000000000000000000000000000000000A5
:10CB90000000000000000000000000000000000095
:10CBA0000000000000000000000000000000000085
:10CBB0000000000000000000000000000000000075
:10CBC0000000000000000000000000000000000065
:10CBD0000000000000000000000000000000000055
:10CBE00000000000F4090020F4090020010000000A
:10CBF00001000000040A0020040A00200C0A0020A2
:10CC00000C0A002000000000010000001C0A0020A7
:10CC10001C0A0020000000000000000000000000CE
:10CC2000000040060000010117440500100000004C
:10CC3000D555040094880500335E0020FFFF0000F6
:10CC400000000000640A0020000000000000000056
:10CC5000000000000000000000000000455E002011
:10CC600020000000000000000090D003FF00000042
:10CC700090020000840A0020840A002000000000C6
:10CC800000000000000000000000000000000000A4
:10CC900000000000099E04000000000000000000E9
:10CCA000140C002000001000000000000000000034
:10CCB0000000000000000000000000000000000074
:10CCC000D59D04000000000000000000250C00209D
:10CCD00000001A0040420F0050973100283C00002D
:10CCE000000000000C0B002000000000000000000D
:10CCF000000000000000000001000100803E000074
:10CD000010000002E40C0020CD660500C966050095
:10CD10004B74050069BF04005DBF040051BF0400EF
:10CD200000000000B9BF0400740B00206C0B002051
:10CD3000640B0020000000005C0B002079C104009F
:10CD4000C5C00400F9C0040041C104003C510020EA
:10CD50003A00003A405100203A00003A4451002085
:10CD60003A00003A485100203A00003A905600201C
:10CD7000880B0020480B0020400B00203C0B0020BB
:10CD8000380B002009020000000100807D12010024
:10CD900002EF020140E32F0400020400000000083B
:10CDA0000B00020202000009040000010202000060
:10CDB00005240010010524010001042402020524B9
:10CDC0000600010705810310000A09040100020A98
:10CDD0000000000705820240000007050102400034
:10CDE000000000017365336473747564696F5F6973
:10CDF0006D755F3031000000000000000000000091
:10CE00000000000002F2DEBC9A78563412785634E4
:10CE1000127856341202F1DEBC9A785634127856E3
:10CE200034127856341202F0DEBC9A7856341278F6
:10CE30005634127856341200000000000000000042
:10CE400000000000000000000000000000000000E2
:10CE500000000000000000000000000000000000D2
:10CE600000000000000000000000000000000000C2
:10CE700000000000000000000000000000000000B2
:10CE800000000000000000000000000000000000A2
:10CE9000000000000000000000000000AC0C0020BA
:10CEA000AC0C00206C190120000000000100000003
:10CEB0002C00000000000000C80C0020C80C00205E
:10CEC00000A200200000000001000000B0000000EF
:10CED00000000000E40C0020E40C00205823012096
:10CEE0000000000010000000000200000000000030
:10CEF000000D0020000D0020981901200000000006
:10CF0000200000001C000000000000001C0D00209C
:10CF10001C0D002028A300200000000008000000D5
:10CF2000100000000000000000000000181D01209B
:10CF30000004000000000000000000004C0D002074
:10CF40004C0D002000000000000000000E0000005A
:10CF5000600D0020600D00200000000000000000B7
:10CF60000E000000740D0020740D00200000000071
:10CF7000000000000E000000880D0020880D002039
:10CF800000000000000000000E0000009C0D0020CA
:10CF90009C0D002000000000000000000E000000BA
:10CFA000B00D0020B00D00200000000000000000C7
:10CFB0000E000000C40D0020C40D00200000000081
:10CFC000000000000E000000D80D0020D80D002049
:10CFD00000000000000000000E000000EC0D00202A
:10CFE000EC0D00200C0000000A000000B0A20020A0
:10CFF00028A30020B0A20020B0A200200000000062
:10D00000100E0020100E0020000000001C0E00205A
:10D010001C0E002001000000010000002C0E00206A
:10D020002C0E0020340E0020340E002000000000E2
:10D0300001000000440E0020440E00204C0E002091
:10D040004C0E002000000000FFFFFFFF5C0E0020E0
:10D050005C0E0020640E0020640E00200000000022
:10D060000000000000000000780E0020780E002074
:10D07000800E0020800E0020000000000000000054
:10D08000900E0020900E0020980E0020980E002098
:10D09000200020001000000000000000A88405000F
:10D0A0002CEF00200000000000000000BC0E00205B
:10D0B000BC0E0020C40E0020C40E00202000200062
:10D0C00010000000F1030400448505006C140120E9
:10D0D0000000000000000000E80E0020E80E002024
:10D0E000F00E0020F00E00200300030000000000FE
:10D0F000000000004C83050040CD0020000000002F
:10D1000000000000140F0020140F00201C0F00204E
:10D110001C0F00200100010010000000F1E20300DC
:10D120009484050004CF00200000000000000000EF
:10D13000400F0020400F0020480F0020480F002023
:10D140000100010000000000000000005C840500F8
:10D15000ECCE002000000000000000006C0F00205A
:10D160006C0F0020740F0020740F00202500250094
:10D1700004000000A9BA030038830500A8C80020F5
:10D180000000000000000000980F0020980F002011
:10D19000A00F0020A00F00200100010000000000EF
:10D1A00000000000608305008CCE0020000000001D
:10D1B00000000000C40F0020C40F0020CC0F00208E
:10D1C000CC0F0020100010000A0000002F3A0500CC
:10D1D00024870500182101204A9205000000000064
:10D1E000000000000000000000000000000000003F
:10D1F000447805000000000000000000000000006E
:10D20000000000000000000000000000000000001E
:10D21000000000000000000000000000000000000E
:10D2200000000000000000000000000000000000FE
:10D2300000000000000000000000000000000000EE
:10D240000000000000000000000000009D0B002016
:10D250000000000000000000200700200000000087
:10D2600000000000000000000000000015E015E0D4
:00000001FF
